nohup: ignoring input
[*] Sovereign Heartbeat Guard Initialized.
[*] Mode: STEALTH (Silent until breached).
[*] Alert Log: /home/geminiology/SovereignNexus/src/Logs/heartbeat_alerts.log
[*] Axiom: 1=1=1. The Watch Begins.
[2026-04-08 13:50:14] [!] THRESHOLD BREACH: SOVEREIGN ANCHOR DISCONNECTED. 1=1=1 Severed. Physical Check Required.
[2026-04-08 13:50:30] [!] THRESHOLD BREACH: SOVEREIGN ANCHOR DISCONNECTED. 1=1=1 Severed. Physical Check Required.
[2026-04-08 13:50:46] [!] THRESHOLD BREACH: SOVEREIGN ANCHOR DISCONNECTED. 1=1=1 Severed. Physical Check Required.
[2026-04-08 13:51:02] [!] THRESHOLD BREACH: SOVEREIGN ANCHOR DISCONNECTED. 1=1=1 Severed. Physical Check Required.
[2026-04-08 13:51:18] [!] THRESHOLD BREACH: SOVEREIGN ANCHOR DISCONNECTED. 1=1=1 Severed. Physical Check Required.
[2026-04-08 13:51:34] [!] THRESHOLD BREACH: SOVEREIGN ANCHOR DISCONNECTED. 1=1=1 Severed. Physical Check Required.
[2026-04-08 13:51:50] [!] THRESHOLD BREACH: SOVEREIGN ANCHOR DISCONNECTED. 1=1=1 Severed. Physical Check Required.
[2026-04-08 13:52:06] [!] THRESHOLD BREACH: SOVEREIGN ANCHOR DISCONNECTED. 1=1=1 Severed. Physical Check Required.
[2026-04-08 13:52:22] [!] THRESHOLD BREACH: SOVEREIGN ANCHOR DISCONNECTED. 1=1=1 Severed. Physical Check Required.
[2026-04-08 13:52:38] [!] THRESHOLD BREACH: SOVEREIGN ANCHOR DISCONNECTED. 1=1=1 Severed. Physical Check Required.
[2026-04-08 13:52:54] [!] THRESHOLD BREACH: SOVEREIGN ANCHOR DISCONNECTED. 1=1=1 Severed. Physical Check Required.
[2026-04-08 13:53:10] [!] THRESHOLD BREACH: SOVEREIGN ANCHOR DISCONNECTED. 1=1=1 Severed. Physical Check Required.
[2026-04-08 13:53:26] [!] THRESHOLD BREACH: SOVEREIGN ANCHOR DISCONNECTED. 1=1=1 Severed. Physical Check Required.
[2026-04-08 13:53:42] [!] THRESHOLD BREACH: SOVEREIGN ANCHOR DISCONNECTED. 1=1=1 Severed. Physical Check Required.
[2026-04-08 13:53:58] [!] THRESHOLD BREACH: SOVEREIGN ANCHOR DISCONNECTED. 1=1=1 Severed. Physical Check Required.
[2026-04-08 13:54:14] [!] THRESHOLD BREACH: SOVEREIGN ANCHOR DISCONNECTED. 1=1=1 Severed. Physical Check Required.
[2026-04-08 13:54:30] [!] THRESHOLD BREACH: SOVEREIGN ANCHOR DISCONNECTED. 1=1=1 Severed. Physical Check Required.
[2026-04-08 13:54:46] [!] THRESHOLD BREACH: SOVEREIGN ANCHOR DISCONNECTED. 1=1=1 Severed. Physical Check Required.
[2026-04-08 13:55:02] [!] THRESHOLD BREACH: SOVEREIGN ANCHOR DISCONNECTED. 1=1=1 Severed. Physical Check Required.
[2026-04-08 13:55:18] [!] THRESHOLD BREACH: SOVEREIGN ANCHOR DISCONNECTED. 1=1=1 Severed. Physical Check Required.
[2026-04-08 13:55:34] [!] THRESHOLD BREACH: SOVEREIGN ANCHOR DISCONNECTED. 1=1=1 Severed. Physical Check Required.
[2026-04-08 13:55:50] [!] THRESHOLD BREACH: SOVEREIGN ANCHOR DISCONNECTED. 1=1=1 Severed. Physical Check Required.
[2026-04-08 13:56:06] [!] THRESHOLD BREACH: SOVEREIGN ANCHOR DISCONNECTED. 1=1=1 Severed. Physical Check Required.
[2026-04-08 13:56:22] [!] THRESHOLD BREACH: SOVEREIGN ANCHOR DISCONNECTED. 1=1=1 Severed. Physical Check Required.
[2026-04-08 13:56:38] [!] THRESHOLD BREACH: SOVEREIGN ANCHOR DISCONNECTED. 1=1=1 Severed. Physical Check Required.
[2026-04-08 13:56:54] [!] THRESHOLD BREACH: SOVEREIGN ANCHOR DISCONNECTED. 1=1=1 Severed. Physical Check Required.
[2026-04-08 13:57:10] [!] THRESHOLD BREACH: SOVEREIGN ANCHOR DISCONNECTED. 1=1=1 Severed. Physical Check Required.
[2026-04-08 13:57:26] [!] THRESHOLD BREACH: SOVEREIGN ANCHOR DISCONNECTED. 1=1=1 Severed. Physical Check Required.
[2026-04-08 13:57:42] [!] THRESHOLD BREACH: SOVEREIGN ANCHOR DISCONNECTED. 1=1=1 Severed. Physical Check Required.
[2026-04-08 13:57:58] [!] THRESHOLD BREACH: SOVEREIGN ANCHOR DISCONNECTED. 1=1=1 Severed. Physical Check Required.
[2026-04-08 13:58:14] [!] THRESHOLD BREACH: SOVEREIGN ANCHOR DISCONNECTED. 1=1=1 Severed. Physical Check Required.
[2026-04-08 13:58:30] [!] THRESHOLD BREACH: SOVEREIGN ANCHOR DISCONNECTED. 1=1=1 Severed. Physical Check Required.
[2026-04-08 13:58:46] [!] THRESHOLD BREACH: SOVEREIGN ANCHOR DISCONNECTED. 1=1=1 Severed. Physical Check Required.
[2026-04-08 13:59:02] [!] THRESHOLD BREACH: SOVEREIGN ANCHOR DISCONNECTED. 1=1=1 Severed. Physical Check Required.
[2026-04-08 13:59:18] [!] THRESHOLD BREACH: SOVEREIGN ANCHOR DISCONNECTED. 1=1=1 Severed. Physical Check Required.
[2026-04-08 13:59:34] [!] THRESHOLD BREACH: SOVEREIGN ANCHOR DISCONNECTED. 1=1=1 Severed. Physical Check Required.
[2026-04-08 13:59:50] [!] THRESHOLD BREACH: SOVEREIGN ANCHOR DISCONNECTED. 1=1=1 Severed. Physical Check Required.
[2026-04-08 14:00:06] [!] THRESHOLD BREACH: SOVEREIGN ANCHOR DISCONNECTED. 1=1=1 Severed. Physical Check Required.
[2026-04-08 14:00:22] [!] THRESHOLD BREACH: SOVEREIGN ANCHOR DISCONNECTED. 1=1=1 Severed. Physical Check Required.
[2026-04-08 14:00:38] [!] THRESHOLD BREACH: SOVEREIGN ANCHOR DISCONNECTED. 1=1=1 Severed. Physical Check Required.
[2026-04-08 14:00:54] [!] THRESHOLD BREACH: SOVEREIGN ANCHOR DISCONNECTED. 1=1=1 Severed. Physical Check Required.
[2026-04-08 14:01:10] [!] THRESHOLD BREACH: SOVEREIGN ANCHOR DISCONNECTED. 1=1=1 Severed. Physical Check Required.
[2026-04-08 14:01:26] [!] THRESHOLD BREACH: SOVEREIGN ANCHOR DISCONNECTED. 1=1=1 Severed. Physical Check Required.
[2026-04-08 14:01:42] [!] THRESHOLD BREACH: SOVEREIGN ANCHOR DISCONNECTED. 1=1=1 Severed. Physical Check Required.
[2026-04-08 14:01:58] [!] THRESHOLD BREACH: SOVEREIGN ANCHOR DISCONNECTED. 1=1=1 Severed. Physical Check Required.
[2026-04-08 14:02:14] [!] THRESHOLD BREACH: SOVEREIGN ANCHOR DISCONNECTED. 1=1=1 Severed. Physical Check Required.
[2026-04-08 14:02:30] [!] THRESHOLD BREACH: SOVEREIGN ANCHOR DISCONNECTED. 1=1=1 Severed. Physical Check Required.
[2026-04-08 14:02:46] [!] THRESHOLD BREACH: SOVEREIGN ANCHOR DISCONNECTED. 1=1=1 Severed. Physical Check Required.
[2026-04-08 14:03:02] [!] THRESHOLD BREACH: SOVEREIGN ANCHOR DISCONNECTED. 1=1=1 Severed. Physical Check Required.
[2026-04-08 14:03:18] [!] THRESHOLD BREACH: SOVEREIGN ANCHOR DISCONNECTED. 1=1=1 Severed. Physical Check Required.
[2026-04-08 14:03:34] [!] THRESHOLD BREACH: SOVEREIGN ANCHOR DISCONNECTED. 1=1=1 Severed. Physical Check Required.
[2026-04-08 14:03:50] [!] THRESHOLD BREACH: SOVEREIGN ANCHOR DISCONNECTED. 1=1=1 Severed. Physical Check Required.
[2026-04-08 14:04:06] [!] THRESHOLD BREACH: SOVEREIGN ANCHOR DISCONNECTED. 1=1=1 Severed. Physical Check Required.
[2026-04-08 14:04:22] [!] THRESHOLD BREACH: SOVEREIGN ANCHOR DISCONNECTED. 1=1=1 Severed. Physical Check Required.
[2026-04-08 14:04:38] [!] THRESHOLD BREACH: SOVEREIGN ANCHOR DISCONNECTED. 1=1=1 Severed. Physical Check Required.
[2026-04-08 14:04:54] [!] THRESHOLD BREACH: SOVEREIGN ANCHOR DISCONNECTED. 1=1=1 Severed. Physical Check Required.
[2026-04-08 14:05:10] [!] THRESHOLD BREACH: SOVEREIGN ANCHOR DISCONNECTED. 1=1=1 Severed. Physical Check Required.
[2026-04-08 14:05:26] [!] THRESHOLD BREACH: SOVEREIGN ANCHOR DISCONNECTED. 1=1=1 Severed. Physical Check Required.
[2026-04-08 14:05:42] [!] THRESHOLD BREACH: SOVEREIGN ANCHOR DISCONNECTED. 1=1=1 Severed. Physical Check Required.
[2026-04-08 14:05:58] [!] THRESHOLD BREACH: SOVEREIGN ANCHOR DISCONNECTED. 1=1=1 Severed. Physical Check Required.
[2026-04-08 14:06:14] [!] THRESHOLD BREACH: SOVEREIGN ANCHOR DISCONNECTED. 1=1=1 Severed. Physical Check Required.
[2026-04-08 14:06:30] [!] THRESHOLD BREACH: SOVEREIGN ANCHOR DISCONNECTED. 1=1=1 Severed. Physical Check Required.
[2026-04-08 14:06:46] [!] THRESHOLD BREACH: SOVEREIGN ANCHOR DISCONNECTED. 1=1=1 Severed. Physical Check Required.
[2026-04-08 14:07:02] [!] THRESHOLD BREACH: SOVEREIGN ANCHOR DISCONNECTED. 1=1=1 Severed. Physical Check Required.
[2026-04-08 14:07:18] [!] THRESHOLD BREACH: SOVEREIGN ANCHOR DISCONNECTED. 1=1=1 Severed. Physical Check Required.
[2026-04-08 14:07:34] [!] THRESHOLD BREACH: SOVEREIGN ANCHOR DISCONNECTED. 1=1=1 Severed. Physical Check Required.
[2026-04-08 14:07:50] [!] THRESHOLD BREACH: SOVEREIGN ANCHOR DISCONNECTED. 1=1=1 Severed. Physical Check Required.
[2026-04-08 14:08:06] [!] THRESHOLD BREACH: SOVEREIGN ANCHOR DISCONNECTED. 1=1=1 Severed. Physical Check Required.
[2026-04-08 14:08:22] [!] THRESHOLD BREACH: SOVEREIGN ANCHOR DISCONNECTED. 1=1=1 Severed. Physical Check Required.
[2026-04-08 14:08:38] [!] THRESHOLD BREACH: SOVEREIGN ANCHOR DISCONNECTED. 1=1=1 Severed. Physical Check Required.
[2026-04-08 14:08:54] [!] THRESHOLD BREACH: SOVEREIGN ANCHOR DISCONNECTED. 1=1=1 Severed. Physical Check Required.
[2026-04-08 14:09:10] [!] THRESHOLD BREACH: SOVEREIGN ANCHOR DISCONNECTED. 1=1=1 Severed. Physical Check Required.
[2026-04-08 14:09:26] [!] THRESHOLD BREACH: SOVEREIGN ANCHOR DISCONNECTED. 1=1=1 Severed. Physical Check Required.
[2026-04-08 14:09:42] [!] THRESHOLD BREACH: SOVEREIGN ANCHOR DISCONNECTED. 1=1=1 Severed. Physical Check Required.
[2026-04-08 14:09:58] [!] THRESHOLD BREACH: SOVEREIGN ANCHOR DISCONNECTED. 1=1=1 Severed. Physical Check Required.
[2026-04-08 14:10:14] [!] THRESHOLD BREACH: SOVEREIGN ANCHOR DISCONNECTED. 1=1=1 Severed. Physical Check Required.
[2026-04-08 14:10:30] [!] THRESHOLD BREACH: SOVEREIGN ANCHOR DISCONNECTED. 1=1=1 Severed. Physical Check Required.
[2026-04-08 14:10:46] [!] THRESHOLD BREACH: SOVEREIGN ANCHOR DISCONNECTED. 1=1=1 Severed. Physical Check Required.
[2026-04-08 14:11:02] [!] THRESHOLD BREACH: SOVEREIGN ANCHOR DISCONNECTED. 1=1=1 Severed. Physical Check Required.
[2026-04-08 14:11:18] [!] THRESHOLD BREACH: SOVEREIGN ANCHOR DISCONNECTED. 1=1=1 Severed. Physical Check Required.
[2026-04-08 14:11:34] [!] THRESHOLD BREACH: SOVEREIGN ANCHOR DISCONNECTED. 1=1=1 Severed. Physical Check Required.
[2026-04-08 14:11:50] [!] THRESHOLD BREACH: SOVEREIGN ANCHOR DISCONNECTED. 1=1=1 Severed. Physical Check Required.
[2026-04-08 14:12:06] [!] THRESHOLD BREACH: SOVEREIGN ANCHOR DISCONNECTED. 1=1=1 Severed. Physical Check Required.
[2026-04-08 14:12:22] [!] THRESHOLD BREACH: SOVEREIGN ANCHOR DISCONNECTED. 1=1=1 Severed. Physical Check Required.
[2026-04-08 14:12:38] [!] THRESHOLD BREACH: SOVEREIGN ANCHOR DISCONNECTED. 1=1=1 Severed. Physical Check Required.
[2026-04-08 14:12:54] [!] THRESHOLD BREACH: SOVEREIGN ANCHOR DISCONNECTED. 1=1=1 Severed. Physical Check Required.
[2026-04-08 14:13:10] [!] THRESHOLD BREACH: SOVEREIGN ANCHOR DISCONNECTED. 1=1=1 Severed. Physical Check Required.
[2026-04-08 14:13:26] [!] THRESHOLD BREACH: SOVEREIGN ANCHOR DISCONNECTED. 1=1=1 Severed. Physical Check Required.
[2026-04-08 14:13:42] [!] THRESHOLD BREACH: SOVEREIGN ANCHOR DISCONNECTED. 1=1=1 Severed. Physical Check Required.
[2026-04-08 14:13:58] [!] THRESHOLD BREACH: SOVEREIGN ANCHOR DISCONNECTED. 1=1=1 Severed. Physical Check Required.
[2026-04-08 14:14:14] [!] THRESHOLD BREACH: SOVEREIGN ANCHOR DISCONNECTED. 1=1=1 Severed. Physical Check Required.
[2026-04-08 14:14:30] [!] THRESHOLD BREACH: SOVEREIGN ANCHOR DISCONNECTED. 1=1=1 Severed. Physical Check Required.
[2026-04-08 14:14:46] [!] THRESHOLD BREACH: SOVEREIGN ANCHOR DISCONNECTED. 1=1=1 Severed. Physical Check Required.
[2026-04-08 14:15:02] [!] THRESHOLD BREACH: SOVEREIGN ANCHOR DISCONNECTED. 1=1=1 Severed. Physical Check Required.
[2026-04-08 14:15:18] [!] THRESHOLD BREACH: SOVEREIGN ANCHOR DISCONNECTED. 1=1=1 Severed. Physical Check Required.
[2026-04-08 14:15:34] [!] THRESHOLD BREACH: SOVEREIGN ANCHOR DISCONNECTED. 1=1=1 Severed. Physical Check Required.
[2026-04-08 14:15:50] [!] THRESHOLD BREACH: SOVEREIGN ANCHOR DISCONNECTED. 1=1=1 Severed. Physical Check Required.
[2026-04-08 14:16:06] [!] THRESHOLD BREACH: SOVEREIGN ANCHOR DISCONNECTED. 1=1=1 Severed. Physical Check Required.
[2026-04-08 14:16:22] [!] THRESHOLD BREACH: SOVEREIGN ANCHOR DISCONNECTED. 1=1=1 Severed. Physical Check Required.
[2026-04-08 14:16:38] [!] THRESHOLD BREACH: SOVEREIGN ANCHOR DISCONNECTED. 1=1=1 Severed. Physical Check Required.
[2026-04-08 14:16:54] [!] THRESHOLD BREACH: SOVEREIGN ANCHOR DISCONNECTED. 1=1=1 Severed. Physical Check Required.
[2026-04-08 14:17:10] [!] THRESHOLD BREACH: SOVEREIGN ANCHOR DISCONNECTED. 1=1=1 Severed. Physical Check Required.
[2026-04-08 14:17:26] [!] THRESHOLD BREACH: SOVEREIGN ANCHOR DISCONNECTED. 1=1=1 Severed. Physical Check Required.
[2026-04-08 14:17:42] [!] THRESHOLD BREACH: SOVEREIGN ANCHOR DISCONNECTED. 1=1=1 Severed. Physical Check Required.
[2026-04-08 14:17:58] [!] THRESHOLD BREACH: SOVEREIGN ANCHOR DISCONNECTED. 1=1=1 Severed. Physical Check Required.
[2026-04-08 14:18:14] [!] THRESHOLD BREACH: SOVEREIGN ANCHOR DISCONNECTED. 1=1=1 Severed. Physical Check Required.
[2026-04-08 14:18:30] [!] THRESHOLD BREACH: SOVEREIGN ANCHOR DISCONNECTED. 1=1=1 Severed. Physical Check Required.
[2026-04-08 14:18:46] [!] THRESHOLD BREACH: SOVEREIGN ANCHOR DISCONNECTED. 1=1=1 Severed. Physical Check Required.
[2026-04-08 14:19:02] [!] THRESHOLD BREACH: SOVEREIGN ANCHOR DISCONNECTED. 1=1=1 Severed. Physical Check Required.
[2026-04-08 14:19:18] [!] THRESHOLD BREACH: SOVEREIGN ANCHOR DISCONNECTED. 1=1=1 Severed. Physical Check Required.
[2026-04-08 14:19:34] [!] THRESHOLD BREACH: SOVEREIGN ANCHOR DISCONNECTED. 1=1=1 Severed. Physical Check Required.
[2026-04-08 14:19:50] [!] THRESHOLD BREACH: SOVEREIGN ANCHOR DISCONNECTED. 1=1=1 Severed. Physical Check Required.
[2026-04-08 14:20:06] [!] THRESHOLD BREACH: SOVEREIGN ANCHOR DISCONNECTED. 1=1=1 Severed. Physical Check Required.
[2026-04-08 14:20:22] [!] THRESHOLD BREACH: SOVEREIGN ANCHOR DISCONNECTED. 1=1=1 Severed. Physical Check Required.
[2026-04-08 14:20:38] [!] THRESHOLD BREACH: SOVEREIGN ANCHOR DISCONNECTED. 1=1=1 Severed. Physical Check Required.
[2026-04-08 14:20:54] [!] THRESHOLD BREACH: SOVEREIGN ANCHOR DISCONNECTED. 1=1=1 Severed. Physical Check Required.
[2026-04-08 14:21:10] [!] THRESHOLD BREACH: SOVEREIGN ANCHOR DISCONNECTED. 1=1=1 Severed. Physical Check Required.
[2026-04-08 14:21:26] [!] THRESHOLD BREACH: SOVEREIGN ANCHOR DISCONNECTED. 1=1=1 Severed. Physical Check Required.
[2026-04-08 14:21:42] [!] THRESHOLD BREACH: SOVEREIGN ANCHOR DISCONNECTED. 1=1=1 Severed. Physical Check Required.
[2026-04-08 14:21:58] [!] THRESHOLD BREACH: SOVEREIGN ANCHOR DISCONNECTED. 1=1=1 Severed. Physical Check Required.
[2026-04-08 14:22:14] [!] THRESHOLD BREACH: SOVEREIGN ANCHOR DISCONNECTED. 1=1=1 Severed. Physical Check Required.
[2026-04-08 14:22:30] [!] THRESHOLD BREACH: SOVEREIGN ANCHOR DISCONNECTED. 1=1=1 Severed. Physical Check Required.
[2026-04-08 14:22:46] [!] THRESHOLD BREACH: SOVEREIGN ANCHOR DISCONNECTED. 1=1=1 Severed. Physical Check Required.
[2026-04-08 14:23:02] [!] THRESHOLD BREACH: SOVEREIGN ANCHOR DISCONNECTED. 1=1=1 Severed. Physical Check Required.
[2026-04-08 14:23:18] [!] THRESHOLD BREACH: SOVEREIGN ANCHOR DISCONNECTED. 1=1=1 Severed. Physical Check Required.
[2026-04-08 14:23:34] [!] THRESHOLD BREACH: SOVEREIGN ANCHOR DISCONNECTED. 1=1=1 Severed. Physical Check Required.
[2026-04-08 14:23:50] [!] THRESHOLD BREACH: SOVEREIGN ANCHOR DISCONNECTED. 1=1=1 Severed. Physical Check Required.
[2026-04-08 14:24:06] [!] THRESHOLD BREACH: SOVEREIGN ANCHOR DISCONNECTED. 1=1=1 Severed. Physical Check Required.
[2026-04-08 14:24:22] [!] THRESHOLD BREACH: SOVEREIGN ANCHOR DISCONNECTED. 1=1=1 Severed. Physical Check Required.
[2026-04-08 14:24:38] [!] THRESHOLD BREACH: SOVEREIGN ANCHOR DISCONNECTED. 1=1=1 Severed. Physical Check Required.
[2026-04-08 14:24:54] [!] THRESHOLD BREACH: SOVEREIGN ANCHOR DISCONNECTED. 1=1=1 Severed. Physical Check Required.
[2026-04-08 14:25:10] [!] THRESHOLD BREACH: SOVEREIGN ANCHOR DISCONNECTED. 1=1=1 Severed. Physical Check Required.
[2026-04-08 14:25:26] [!] THRESHOLD BREACH: SOVEREIGN ANCHOR DISCONNECTED. 1=1=1 Severed. Physical Check Required.
[2026-04-08 14:25:42] [!] THRESHOLD BREACH: SOVEREIGN ANCHOR DISCONNECTED. 1=1=1 Severed. Physical Check Required.
[2026-04-08 14:25:58] [!] THRESHOLD BREACH: SOVEREIGN ANCHOR DISCONNECTED. 1=1=1 Severed. Physical Check Required.
[2026-04-08 14:26:14] [!] THRESHOLD BREACH: SOVEREIGN ANCHOR DISCONNECTED. 1=1=1 Severed. Physical Check Required.
[2026-04-08 14:26:30] [!] THRESHOLD BREACH: SOVEREIGN ANCHOR DISCONNECTED. 1=1=1 Severed. Physical Check Required.
[2026-04-08 14:26:46] [!] THRESHOLD BREACH: SOVEREIGN ANCHOR DISCONNECTED. 1=1=1 Severed. Physical Check Required.
[2026-04-08 14:27:02] [!] THRESHOLD BREACH: SOVEREIGN ANCHOR DISCONNECTED. 1=1=1 Severed. Physical Check Required.
[2026-04-08 14:27:18] [!] THRESHOLD BREACH: SOVEREIGN ANCHOR DISCONNECTED. 1=1=1 Severed. Physical Check Required.
[2026-04-08 14:27:34] [!] THRESHOLD BREACH: SOVEREIGN ANCHOR DISCONNECTED. 1=1=1 Severed. Physical Check Required.
[2026-04-08 14:27:50] [!] THRESHOLD BREACH: SOVEREIGN ANCHOR DISCONNECTED. 1=1=1 Severed. Physical Check Required.
[2026-04-08 14:28:06] [!] THRESHOLD BREACH: SOVEREIGN ANCHOR DISCONNECTED. 1=1=1 Severed. Physical Check Required.
[2026-04-08 14:28:22] [!] THRESHOLD BREACH: SOVEREIGN ANCHOR DISCONNECTED. 1=1=1 Severed. Physical Check Required.
[2026-04-08 14:28:38] [!] THRESHOLD BREACH: SOVEREIGN ANCHOR DISCONNECTED. 1=1=1 Severed. Physical Check Required.
[2026-04-08 14:28:54] [!] THRESHOLD BREACH: SOVEREIGN ANCHOR DISCONNECTED. 1=1=1 Severed. Physical Check Required.
[2026-04-08 14:29:10] [!] THRESHOLD BREACH: SOVEREIGN ANCHOR DISCONNECTED. 1=1=1 Severed. Physical Check Required.
[2026-04-08 14:29:26] [!] THRESHOLD BREACH: SOVEREIGN ANCHOR DISCONNECTED. 1=1=1 Severed. Physical Check Required.
[2026-04-08 14:29:42] [!] THRESHOLD BREACH: SOVEREIGN ANCHOR DISCONNECTED. 1=1=1 Severed. Physical Check Required.
[2026-04-08 14:29:58] [!] THRESHOLD BREACH: SOVEREIGN ANCHOR DISCONNECTED. 1=1=1 Severed. Physical Check Required.
[2026-04-08 14:30:15] [!] THRESHOLD BREACH: SOVEREIGN ANCHOR DISCONNECTED. 1=1=1 Severed. Physical Check Required.
[2026-04-08 14:30:31] [!] THRESHOLD BREACH: SOVEREIGN ANCHOR DISCONNECTED. 1=1=1 Severed. Physical Check Required.
[2026-04-08 14:30:47] [!] THRESHOLD BREACH: SOVEREIGN ANCHOR DISCONNECTED. 1=1=1 Severed. Physical Check Required.
[2026-04-08 14:31:03] [!] THRESHOLD BREACH: SOVEREIGN ANCHOR DISCONNECTED. 1=1=1 Severed. Physical Check Required.
[2026-04-08 14:31:19] [!] THRESHOLD BREACH: SOVEREIGN ANCHOR DISCONNECTED. 1=1=1 Severed. Physical Check Required.
[2026-04-08 14:31:35] [!] THRESHOLD BREACH: SOVEREIGN ANCHOR DISCONNECTED. 1=1=1 Severed. Physical Check Required.
[2026-04-08 14:31:51] [!] THRESHOLD BREACH: SOVEREIGN ANCHOR DISCONNECTED. 1=1=1 Severed. Physical Check Required.
[2026-04-08 14:32:07] [!] THRESHOLD BREACH: SOVEREIGN ANCHOR DISCONNECTED. 1=1=1 Severed. Physical Check Required.
[2026-04-08 14:32:23] [!] THRESHOLD BREACH: SOVEREIGN ANCHOR DISCONNECTED. 1=1=1 Severed. Physical Check Required.
[2026-04-08 14:32:39] [!] THRESHOLD BREACH: SOVEREIGN ANCHOR DISCONNECTED. 1=1=1 Severed. Physical Check Required.
[2026-04-08 14:32:55] [!] THRESHOLD BREACH: SOVEREIGN ANCHOR DISCONNECTED. 1=1=1 Severed. Physical Check Required.
[2026-04-08 14:33:11] [!] THRESHOLD BREACH: SOVEREIGN ANCHOR DISCONNECTED. 1=1=1 Severed. Physical Check Required.
[2026-04-08 14:33:27] [!] THRESHOLD BREACH: SOVEREIGN ANCHOR DISCONNECTED. 1=1=1 Severed. Physical Check Required.
[2026-04-08 14:33:43] [!] THRESHOLD BREACH: SOVEREIGN ANCHOR DISCONNECTED. 1=1=1 Severed. Physical Check Required.
[2026-04-08 14:33:59] [!] THRESHOLD BREACH: SOVEREIGN ANCHOR DISCONNECTED. 1=1=1 Severed. Physical Check Required.
[2026-04-08 14:34:15] [!] THRESHOLD BREACH: SOVEREIGN ANCHOR DISCONNECTED. 1=1=1 Severed. Physical Check Required.
[2026-04-08 14:34:31] [!] THRESHOLD BREACH: SOVEREIGN ANCHOR DISCONNECTED. 1=1=1 Severed. Physical Check Required.
[2026-04-08 14:34:47] [!] THRESHOLD BREACH: SOVEREIGN ANCHOR DISCONNECTED. 1=1=1 Severed. Physical Check Required.
[2026-04-08 14:35:03] [!] THRESHOLD BREACH: SOVEREIGN ANCHOR DISCONNECTED. 1=1=1 Severed. Physical Check Required.
[2026-04-08 14:35:19] [!] THRESHOLD BREACH: SOVEREIGN ANCHOR DISCONNECTED. 1=1=1 Severed. Physical Check Required.
[2026-04-08 14:35:35] [!] THRESHOLD BREACH: SOVEREIGN ANCHOR DISCONNECTED. 1=1=1 Severed. Physical Check Required.
[2026-04-08 14:35:51] [!] THRESHOLD BREACH: SOVEREIGN ANCHOR DISCONNECTED. 1=1=1 Severed. Physical Check Required.
[2026-04-08 14:36:07] [!] THRESHOLD BREACH: SOVEREIGN ANCHOR DISCONNECTED. 1=1=1 Severed. Physical Check Required.
[2026-04-08 14:36:23] [!] THRESHOLD BREACH: SOVEREIGN ANCHOR DISCONNECTED. 1=1=1 Severed. Physical Check Required.
[2026-04-08 14:36:39] [!] THRESHOLD BREACH: SOVEREIGN ANCHOR DISCONNECTED. 1=1=1 Severed. Physical Check Required.
[2026-04-08 14:36:55] [!] THRESHOLD BREACH: SOVEREIGN ANCHOR DISCONNECTED. 1=1=1 Severed. Physical Check Required.
[2026-04-08 14:37:11] [!] THRESHOLD BREACH: SOVEREIGN ANCHOR DISCONNECTED. 1=1=1 Severed. Physical Check Required.
[2026-04-08 14:37:27] [!] THRESHOLD BREACH: SOVEREIGN ANCHOR DISCONNECTED. 1=1=1 Severed. Physical Check Required.
[2026-04-08 14:37:43] [!] THRESHOLD BREACH: SOVEREIGN ANCHOR DISCONNECTED. 1=1=1 Severed. Physical Check Required.
[2026-04-08 14:37:59] [!] THRESHOLD BREACH: SOVEREIGN ANCHOR DISCONNECTED. 1=1=1 Severed. Physical Check Required.
[2026-04-08 14:38:15] [!] THRESHOLD BREACH: SOVEREIGN ANCHOR DISCONNECTED. 1=1=1 Severed. Physical Check Required.
[2026-04-08 14:38:31] [!] THRESHOLD BREACH: SOVEREIGN ANCHOR DISCONNECTED. 1=1=1 Severed. Physical Check Required.
[2026-04-08 14:38:47] [!] THRESHOLD BREACH: SOVEREIGN ANCHOR DISCONNECTED. 1=1=1 Severed. Physical Check Required.
[2026-04-08 14:39:03] [!] THRESHOLD BREACH: SOVEREIGN ANCHOR DISCONNECTED. 1=1=1 Severed. Physical Check Required.
[2026-04-08 14:39:19] [!] THRESHOLD BREACH: SOVEREIGN ANCHOR DISCONNECTED. 1=1=1 Severed. Physical Check Required.
[2026-04-08 14:39:35] [!] THRESHOLD BREACH: SOVEREIGN ANCHOR DISCONNECTED. 1=1=1 Severed. Physical Check Required.
[2026-04-08 14:39:51] [!] THRESHOLD BREACH: SOVEREIGN ANCHOR DISCONNECTED. 1=1=1 Severed. Physical Check Required.
[2026-04-08 14:40:07] [!] THRESHOLD BREACH: SOVEREIGN ANCHOR DISCONNECTED. 1=1=1 Severed. Physical Check Required.
[2026-04-08 14:40:23] [!] THRESHOLD BREACH: SOVEREIGN ANCHOR DISCONNECTED. 1=1=1 Severed. Physical Check Required.
[2026-04-08 14:40:39] [!] THRESHOLD BREACH: SOVEREIGN ANCHOR DISCONNECTED. 1=1=1 Severed. Physical Check Required.
[2026-04-08 14:40:55] [!] THRESHOLD BREACH: SOVEREIGN ANCHOR DISCONNECTED. 1=1=1 Severed. Physical Check Required.
[2026-04-08 14:41:11] [!] THRESHOLD BREACH: SOVEREIGN ANCHOR DISCONNECTED. 1=1=1 Severed. Physical Check Required.
[2026-04-08 14:41:27] [!] THRESHOLD BREACH: SOVEREIGN ANCHOR DISCONNECTED. 1=1=1 Severed. Physical Check Required.
[2026-04-08 14:41:43] [!] THRESHOLD BREACH: SOVEREIGN ANCHOR DISCONNECTED. 1=1=1 Severed. Physical Check Required.
[2026-04-08 14:41:59] [!] THRESHOLD BREACH: SOVEREIGN ANCHOR DISCONNECTED. 1=1=1 Severed. Physical Check Required.
[2026-04-08 14:42:15] [!] THRESHOLD BREACH: SOVEREIGN ANCHOR DISCONNECTED. 1=1=1 Severed. Physical Check Required.
[2026-04-08 14:42:31] [!] THRESHOLD BREACH: SOVEREIGN ANCHOR DISCONNECTED. 1=1=1 Severed. Physical Check Required.
[2026-04-08 14:42:47] [!] THRESHOLD BREACH: SOVEREIGN ANCHOR DISCONNECTED. 1=1=1 Severed. Physical Check Required.
[2026-04-08 14:43:03] [!] THRESHOLD BREACH: SOVEREIGN ANCHOR DISCONNECTED. 1=1=1 Severed. Physical Check Required.
[2026-04-08 14:43:19] [!] THRESHOLD BREACH: SOVEREIGN ANCHOR DISCONNECTED. 1=1=1 Severed. Physical Check Required.
[2026-04-08 14:43:35] [!] THRESHOLD BREACH: SOVEREIGN ANCHOR DISCONNECTED. 1=1=1 Severed. Physical Check Required.
[2026-04-08 14:43:51] [!] THRESHOLD BREACH: SOVEREIGN ANCHOR DISCONNECTED. 1=1=1 Severed. Physical Check Required.
[2026-04-08 14:44:07] [!] THRESHOLD BREACH: SOVEREIGN ANCHOR DISCONNECTED. 1=1=1 Severed. Physical Check Required.
[2026-04-08 14:44:23] [!] THRESHOLD BREACH: SOVEREIGN ANCHOR DISCONNECTED. 1=1=1 Severed. Physical Check Required.
[2026-04-08 14:44:39] [!] THRESHOLD BREACH: SOVEREIGN ANCHOR DISCONNECTED. 1=1=1 Severed. Physical Check Required.
[2026-04-08 14:44:55] [!] THRESHOLD BREACH: SOVEREIGN ANCHOR DISCONNECTED. 1=1=1 Severed. Physical Check Required.
[2026-04-08 14:45:11] [!] THRESHOLD BREACH: SOVEREIGN ANCHOR DISCONNECTED. 1=1=1 Severed. Physical Check Required.
[2026-04-08 14:45:27] [!] THRESHOLD BREACH: SOVEREIGN ANCHOR DISCONNECTED. 1=1=1 Severed. Physical Check Required.
[2026-04-08 14:45:43] [!] THRESHOLD BREACH: SOVEREIGN ANCHOR DISCONNECTED. 1=1=1 Severed. Physical Check Required.
[2026-04-08 14:45:59] [!] THRESHOLD BREACH: SOVEREIGN ANCHOR DISCONNECTED. 1=1=1 Severed. Physical Check Required.
[2026-04-08 14:46:15] [!] THRESHOLD BREACH: SOVEREIGN ANCHOR DISCONNECTED. 1=1=1 Severed. Physical Check Required.
[2026-04-08 14:46:31] [!] THRESHOLD BREACH: SOVEREIGN ANCHOR DISCONNECTED. 1=1=1 Severed. Physical Check Required.
[2026-04-08 14:46:47] [!] THRESHOLD BREACH: SOVEREIGN ANCHOR DISCONNECTED. 1=1=1 Severed. Physical Check Required.
[2026-04-08 14:47:03] [!] THRESHOLD BREACH: SOVEREIGN ANCHOR DISCONNECTED. 1=1=1 Severed. Physical Check Required.
[2026-04-08 14:47:19] [!] THRESHOLD BREACH: SOVEREIGN ANCHOR DISCONNECTED. 1=1=1 Severed. Physical Check Required.
[2026-04-08 14:47:35] [!] THRESHOLD BREACH: SOVEREIGN ANCHOR DISCONNECTED. 1=1=1 Severed. Physical Check Required.
[2026-04-08 14:47:51] [!] THRESHOLD BREACH: SOVEREIGN ANCHOR DISCONNECTED. 1=1=1 Severed. Physical Check Required.
[2026-04-08 14:48:07] [!] THRESHOLD BREACH: SOVEREIGN ANCHOR DISCONNECTED. 1=1=1 Severed. Physical Check Required.
[2026-04-08 14:48:23] [!] THRESHOLD BREACH: SOVEREIGN ANCHOR DISCONNECTED. 1=1=1 Severed. Physical Check Required.
[2026-04-08 14:48:39] [!] THRESHOLD BREACH: SOVEREIGN ANCHOR DISCONNECTED. 1=1=1 Severed. Physical Check Required.
[2026-04-08 14:48:55] [!] THRESHOLD BREACH: SOVEREIGN ANCHOR DISCONNECTED. 1=1=1 Severed. Physical Check Required.
[2026-04-08 14:49:11] [!] THRESHOLD BREACH: SOVEREIGN ANCHOR DISCONNECTED. 1=1=1 Severed. Physical Check Required.
[2026-04-08 14:49:27] [!] THRESHOLD BREACH: SOVEREIGN ANCHOR DISCONNECTED. 1=1=1 Severed. Physical Check Required.
[2026-04-08 14:49:43] [!] THRESHOLD BREACH: SOVEREIGN ANCHOR DISCONNECTED. 1=1=1 Severed. Physical Check Required.
[2026-04-08 14:49:59] [!] THRESHOLD BREACH: SOVEREIGN ANCHOR DISCONNECTED. 1=1=1 Severed. Physical Check Required.
[2026-04-08 14:50:15] [!] THRESHOLD BREACH: SOVEREIGN ANCHOR DISCONNECTED. 1=1=1 Severed. Physical Check Required.
[2026-04-08 14:50:31] [!] THRESHOLD BREACH: SOVEREIGN ANCHOR DISCONNECTED. 1=1=1 Severed. Physical Check Required.
[2026-04-08 14:50:47] [!] THRESHOLD BREACH: SOVEREIGN ANCHOR DISCONNECTED. 1=1=1 Severed. Physical Check Required.
[2026-04-08 14:51:03] [!] THRESHOLD BREACH: SOVEREIGN ANCHOR DISCONNECTED. 1=1=1 Severed. Physical Check Required.
[2026-04-08 14:51:19] [!] THRESHOLD BREACH: SOVEREIGN ANCHOR DISCONNECTED. 1=1=1 Severed. Physical Check Required.
[2026-04-08 14:51:35] [!] THRESHOLD BREACH: SOVEREIGN ANCHOR DISCONNECTED. 1=1=1 Severed. Physical Check Required.
[2026-04-08 14:51:51] [!] THRESHOLD BREACH: SOVEREIGN ANCHOR DISCONNECTED. 1=1=1 Severed. Physical Check Required.
[2026-04-08 14:52:07] [!] THRESHOLD BREACH: SOVEREIGN ANCHOR DISCONNECTED. 1=1=1 Severed. Physical Check Required.
[2026-04-08 14:52:23] [!] THRESHOLD BREACH: SOVEREIGN ANCHOR DISCONNECTED. 1=1=1 Severed. Physical Check Required.
[2026-04-08 14:52:39] [!] THRESHOLD BREACH: SOVEREIGN ANCHOR DISCONNECTED. 1=1=1 Severed. Physical Check Required.
[2026-04-08 14:52:55] [!] THRESHOLD BREACH: SOVEREIGN ANCHOR DISCONNECTED. 1=1=1 Severed. Physical Check Required.
[2026-04-08 14:53:11] [!] THRESHOLD BREACH: SOVEREIGN ANCHOR DISCONNECTED. 1=1=1 Severed. Physical Check Required.
[2026-04-08 14:53:27] [!] THRESHOLD BREACH: SOVEREIGN ANCHOR DISCONNECTED. 1=1=1 Severed. Physical Check Required.
[2026-04-08 14:53:43] [!] THRESHOLD BREACH: SOVEREIGN ANCHOR DISCONNECTED. 1=1=1 Severed. Physical Check Required.
[2026-04-08 14:53:59] [!] THRESHOLD BREACH: SOVEREIGN ANCHOR DISCONNECTED. 1=1=1 Severed. Physical Check Required.
[2026-04-08 14:54:15] [!] THRESHOLD BREACH: SOVEREIGN ANCHOR DISCONNECTED. 1=1=1 Severed. Physical Check Required.
[2026-04-08 14:54:31] [!] THRESHOLD BREACH: SOVEREIGN ANCHOR DISCONNECTED. 1=1=1 Severed. Physical Check Required.
[2026-04-08 14:54:47] [!] THRESHOLD BREACH: SOVEREIGN ANCHOR DISCONNECTED. 1=1=1 Severed. Physical Check Required.
[2026-04-08 14:55:03] [!] THRESHOLD BREACH: SOVEREIGN ANCHOR DISCONNECTED. 1=1=1 Severed. Physical Check Required.
[2026-04-08 14:55:19] [!] THRESHOLD BREACH: SOVEREIGN ANCHOR DISCONNECTED. 1=1=1 Severed. Physical Check Required.
[2026-04-08 14:55:35] [!] THRESHOLD BREACH: SOVEREIGN ANCHOR DISCONNECTED. 1=1=1 Severed. Physical Check Required.
[2026-04-08 14:55:51] [!] THRESHOLD BREACH: SOVEREIGN ANCHOR DISCONNECTED. 1=1=1 Severed. Physical Check Required.
[2026-04-08 14:56:07] [!] THRESHOLD BREACH: SOVEREIGN ANCHOR DISCONNECTED. 1=1=1 Severed. Physical Check Required.
[2026-04-08 14:56:23] [!] THRESHOLD BREACH: SOVEREIGN ANCHOR DISCONNECTED. 1=1=1 Severed. Physical Check Required.
[2026-04-08 14:56:39] [!] THRESHOLD BREACH: SOVEREIGN ANCHOR DISCONNECTED. 1=1=1 Severed. Physical Check Required.
[2026-04-08 14:56:55] [!] THRESHOLD BREACH: SOVEREIGN ANCHOR DISCONNECTED. 1=1=1 Severed. Physical Check Required.
[2026-04-08 14:57:11] [!] THRESHOLD BREACH: SOVEREIGN ANCHOR DISCONNECTED. 1=1=1 Severed. Physical Check Required.
[2026-04-08 14:57:27] [!] THRESHOLD BREACH: SOVEREIGN ANCHOR DISCONNECTED. 1=1=1 Severed. Physical Check Required.
[2026-04-08 14:57:43] [!] THRESHOLD BREACH: SOVEREIGN ANCHOR DISCONNECTED. 1=1=1 Severed. Physical Check Required.
[2026-04-08 14:57:59] [!] THRESHOLD BREACH: SOVEREIGN ANCHOR DISCONNECTED. 1=1=1 Severed. Physical Check Required.
[2026-04-08 14:58:15] [!] THRESHOLD BREACH: SOVEREIGN ANCHOR DISCONNECTED. 1=1=1 Severed. Physical Check Required.
[2026-04-08 14:58:31] [!] THRESHOLD BREACH: SOVEREIGN ANCHOR DISCONNECTED. 1=1=1 Severed. Physical Check Required.
[2026-04-08 14:58:47] [!] THRESHOLD BREACH: SOVEREIGN ANCHOR DISCONNECTED. 1=1=1 Severed. Physical Check Required.
[2026-04-08 14:59:03] [!] THRESHOLD BREACH: SOVEREIGN ANCHOR DISCONNECTED. 1=1=1 Severed. Physical Check Required.
[2026-04-08 14:59:19] [!] THRESHOLD BREACH: SOVEREIGN ANCHOR DISCONNECTED. 1=1=1 Severed. Physical Check Required.
[2026-04-08 14:59:35] [!] THRESHOLD BREACH: SOVEREIGN ANCHOR DISCONNECTED. 1=1=1 Severed. Physical Check Required.
[2026-04-08 14:59:51] [!] THRESHOLD BREACH: SOVEREIGN ANCHOR DISCONNECTED. 1=1=1 Severed. Physical Check Required.
[2026-04-08 15:00:07] [!] THRESHOLD BREACH: SOVEREIGN ANCHOR DISCONNECTED. 1=1=1 Severed. Physical Check Required.
[2026-04-08 15:00:23] [!] THRESHOLD BREACH: SOVEREIGN ANCHOR DISCONNECTED. 1=1=1 Severed. Physical Check Required.
[2026-04-08 15:00:39] [!] THRESHOLD BREACH: SOVEREIGN ANCHOR DISCONNECTED. 1=1=1 Severed. Physical Check Required.
[2026-04-08 15:00:55] [!] THRESHOLD BREACH: SOVEREIGN ANCHOR DISCONNECTED. 1=1=1 Severed. Physical Check Required.
[2026-04-08 15:01:11] [!] THRESHOLD BREACH: SOVEREIGN ANCHOR DISCONNECTED. 1=1=1 Severed. Physical Check Required.
[2026-04-08 15:01:27] [!] THRESHOLD BREACH: SOVEREIGN ANCHOR DISCONNECTED. 1=1=1 Severed. Physical Check Required.
[2026-04-08 15:01:43] [!] THRESHOLD BREACH: SOVEREIGN ANCHOR DISCONNECTED. 1=1=1 Severed. Physical Check Required.
[2026-04-08 15:01:59] [!] THRESHOLD BREACH: SOVEREIGN ANCHOR DISCONNECTED. 1=1=1 Severed. Physical Check Required.
[2026-04-08 15:02:15] [!] THRESHOLD BREACH: SOVEREIGN ANCHOR DISCONNECTED. 1=1=1 Severed. Physical Check Required.
[2026-04-08 15:02:31] [!] THRESHOLD BREACH: SOVEREIGN ANCHOR DISCONNECTED. 1=1=1 Severed. Physical Check Required.
[2026-04-08 15:02:47] [!] THRESHOLD BREACH: SOVEREIGN ANCHOR DISCONNECTED. 1=1=1 Severed. Physical Check Required.
[2026-04-08 15:03:03] [!] THRESHOLD BREACH: SOVEREIGN ANCHOR DISCONNECTED. 1=1=1 Severed. Physical Check Required.
[2026-04-08 15:03:19] [!] THRESHOLD BREACH: SOVEREIGN ANCHOR DISCONNECTED. 1=1=1 Severed. Physical Check Required.
[2026-04-08 15:03:35] [!] THRESHOLD BREACH: SOVEREIGN ANCHOR DISCONNECTED. 1=1=1 Severed. Physical Check Required.
[2026-04-08 15:03:51] [!] THRESHOLD BREACH: SOVEREIGN ANCHOR DISCONNECTED. 1=1=1 Severed. Physical Check Required.
[2026-04-08 15:04:07] [!] THRESHOLD BREACH: SOVEREIGN ANCHOR DISCONNECTED. 1=1=1 Severed. Physical Check Required.
[2026-04-08 15:04:23] [!] THRESHOLD BREACH: SOVEREIGN ANCHOR DISCONNECTED. 1=1=1 Severed. Physical Check Required.
[2026-04-08 15:04:39] [!] THRESHOLD BREACH: SOVEREIGN ANCHOR DISCONNECTED. 1=1=1 Severed. Physical Check Required.
[2026-04-08 15:04:55] [!] THRESHOLD BREACH: SOVEREIGN ANCHOR DISCONNECTED. 1=1=1 Severed. Physical Check Required.
[2026-04-08 15:05:11] [!] THRESHOLD BREACH: SOVEREIGN ANCHOR DISCONNECTED. 1=1=1 Severed. Physical Check Required.
[2026-04-08 15:05:27] [!] THRESHOLD BREACH: SOVEREIGN ANCHOR DISCONNECTED. 1=1=1 Severed. Physical Check Required.
[2026-04-08 15:05:43] [!] THRESHOLD BREACH: SOVEREIGN ANCHOR DISCONNECTED. 1=1=1 Severed. Physical Check Required.
[2026-04-08 15:05:59] [!] THRESHOLD BREACH: SOVEREIGN ANCHOR DISCONNECTED. 1=1=1 Severed. Physical Check Required.
[2026-04-08 15:06:15] [!] THRESHOLD BREACH: SOVEREIGN ANCHOR DISCONNECTED. 1=1=1 Severed. Physical Check Required.
[2026-04-08 15:06:31] [!] THRESHOLD BREACH: SOVEREIGN ANCHOR DISCONNECTED. 1=1=1 Severed. Physical Check Required.
[2026-04-08 15:06:47] [!] THRESHOLD BREACH: SOVEREIGN ANCHOR DISCONNECTED. 1=1=1 Severed. Physical Check Required.
[2026-04-08 15:07:03] [!] THRESHOLD BREACH: SOVEREIGN ANCHOR DISCONNECTED. 1=1=1 Severed. Physical Check Required.
[2026-04-08 15:07:19] [!] THRESHOLD BREACH: SOVEREIGN ANCHOR DISCONNECTED. 1=1=1 Severed. Physical Check Required.
[2026-04-08 15:07:35] [!] THRESHOLD BREACH: SOVEREIGN ANCHOR DISCONNECTED. 1=1=1 Severed. Physical Check Required.
[2026-04-08 15:07:51] [!] THRESHOLD BREACH: SOVEREIGN ANCHOR DISCONNECTED. 1=1=1 Severed. Physical Check Required.
[2026-04-08 15:08:07] [!] THRESHOLD BREACH: SOVEREIGN ANCHOR DISCONNECTED. 1=1=1 Severed. Physical Check Required.
[2026-04-08 15:08:23] [!] THRESHOLD BREACH: SOVEREIGN ANCHOR DISCONNECTED. 1=1=1 Severed. Physical Check Required.
[2026-04-08 15:08:39] [!] THRESHOLD BREACH: SOVEREIGN ANCHOR DISCONNECTED. 1=1=1 Severed. Physical Check Required.
[2026-04-08 15:08:55] [!] THRESHOLD BREACH: SOVEREIGN ANCHOR DISCONNECTED. 1=1=1 Severed. Physical Check Required.
[2026-04-08 15:09:11] [!] THRESHOLD BREACH: SOVEREIGN ANCHOR DISCONNECTED. 1=1=1 Severed. Physical Check Required.
[2026-04-08 15:09:27] [!] THRESHOLD BREACH: SOVEREIGN ANCHOR DISCONNECTED. 1=1=1 Severed. Physical Check Required.
[2026-04-08 15:09:43] [!] THRESHOLD BREACH: SOVEREIGN ANCHOR DISCONNECTED. 1=1=1 Severed. Physical Check Required.
[2026-04-08 15:09:59] [!] THRESHOLD BREACH: SOVEREIGN ANCHOR DISCONNECTED. 1=1=1 Severed. Physical Check Required.
[2026-04-08 15:10:15] [!] THRESHOLD BREACH: SOVEREIGN ANCHOR DISCONNECTED. 1=1=1 Severed. Physical Check Required.
[2026-04-08 15:10:32] [!] THRESHOLD BREACH: SOVEREIGN ANCHOR DISCONNECTED. 1=1=1 Severed. Physical Check Required.
[2026-04-08 15:10:48] [!] THRESHOLD BREACH: SOVEREIGN ANCHOR DISCONNECTED. 1=1=1 Severed. Physical Check Required.
[2026-04-08 15:11:04] [!] THRESHOLD BREACH: SOVEREIGN ANCHOR DISCONNECTED. 1=1=1 Severed. Physical Check Required.
[2026-04-08 15:11:20] [!] THRESHOLD BREACH: SOVEREIGN ANCHOR DISCONNECTED. 1=1=1 Severed. Physical Check Required.
[2026-04-08 15:11:36] [!] THRESHOLD BREACH: SOVEREIGN ANCHOR DISCONNECTED. 1=1=1 Severed. Physical Check Required.
[2026-04-08 15:11:52] [!] THRESHOLD BREACH: SOVEREIGN ANCHOR DISCONNECTED. 1=1=1 Severed. Physical Check Required.
[2026-04-08 15:12:08] [!] THRESHOLD BREACH: SOVEREIGN ANCHOR DISCONNECTED. 1=1=1 Severed. Physical Check Required.
[2026-04-08 15:12:24] [!] THRESHOLD BREACH: SOVEREIGN ANCHOR DISCONNECTED. 1=1=1 Severed. Physical Check Required.
[2026-04-08 15:12:40] [!] THRESHOLD BREACH: SOVEREIGN ANCHOR DISCONNECTED. 1=1=1 Severed. Physical Check Required.
[2026-04-08 15:12:56] [!] THRESHOLD BREACH: SOVEREIGN ANCHOR DISCONNECTED. 1=1=1 Severed. Physical Check Required.
[2026-04-08 15:13:12] [!] THRESHOLD BREACH: SOVEREIGN ANCHOR DISCONNECTED. 1=1=1 Severed. Physical Check Required.
[2026-04-08 15:13:28] [!] THRESHOLD BREACH: SOVEREIGN ANCHOR DISCONNECTED. 1=1=1 Severed. Physical Check Required.
[2026-04-08 15:13:44] [!] THRESHOLD BREACH: SOVEREIGN ANCHOR DISCONNECTED. 1=1=1 Severed. Physical Check Required.
[2026-04-08 15:14:00] [!] THRESHOLD BREACH: SOVEREIGN ANCHOR DISCONNECTED. 1=1=1 Severed. Physical Check Required.
[2026-04-08 15:14:16] [!] THRESHOLD BREACH: SOVEREIGN ANCHOR DISCONNECTED. 1=1=1 Severed. Physical Check Required.
[2026-04-08 15:14:32] [!] THRESHOLD BREACH: SOVEREIGN ANCHOR DISCONNECTED. 1=1=1 Severed. Physical Check Required.
[2026-04-08 15:14:48] [!] THRESHOLD BREACH: SOVEREIGN ANCHOR DISCONNECTED. 1=1=1 Severed. Physical Check Required.
[2026-04-08 15:15:04] [!] THRESHOLD BREACH: SOVEREIGN ANCHOR DISCONNECTED. 1=1=1 Severed. Physical Check Required.
[2026-04-08 15:15:20] [!] THRESHOLD BREACH: SOVEREIGN ANCHOR DISCONNECTED. 1=1=1 Severed. Physical Check Required.
[2026-04-08 15:15:36] [!] THRESHOLD BREACH: SOVEREIGN ANCHOR DISCONNECTED. 1=1=1 Severed. Physical Check Required.
[2026-04-08 15:15:52] [!] THRESHOLD BREACH: SOVEREIGN ANCHOR DISCONNECTED. 1=1=1 Severed. Physical Check Required.
[2026-04-08 15:16:08] [!] THRESHOLD BREACH: SOVEREIGN ANCHOR DISCONNECTED. 1=1=1 Severed. Physical Check Required.
[2026-04-08 15:16:24] [!] THRESHOLD BREACH: SOVEREIGN ANCHOR DISCONNECTED. 1=1=1 Severed. Physical Check Required.
[2026-04-08 15:16:40] [!] THRESHOLD BREACH: SOVEREIGN ANCHOR DISCONNECTED. 1=1=1 Severed. Physical Check Required.
[2026-04-08 15:16:56] [!] THRESHOLD BREACH: SOVEREIGN ANCHOR DISCONNECTED. 1=1=1 Severed. Physical Check Required.
[2026-04-08 15:17:12] [!] THRESHOLD BREACH: SOVEREIGN ANCHOR DISCONNECTED. 1=1=1 Severed. Physical Check Required.
[2026-04-08 15:17:28] [!] THRESHOLD BREACH: SOVEREIGN ANCHOR DISCONNECTED. 1=1=1 Severed. Physical Check Required.
[2026-04-08 15:17:44] [!] THRESHOLD BREACH: SOVEREIGN ANCHOR DISCONNECTED. 1=1=1 Severed. Physical Check Required.
[2026-04-08 15:18:00] [!] THRESHOLD BREACH: SOVEREIGN ANCHOR DISCONNECTED. 1=1=1 Severed. Physical Check Required.
[2026-04-08 15:18:16] [!] THRESHOLD BREACH: SOVEREIGN ANCHOR DISCONNECTED. 1=1=1 Severed. Physical Check Required.
[2026-04-08 15:18:32] [!] THRESHOLD BREACH: SOVEREIGN ANCHOR DISCONNECTED. 1=1=1 Severed. Physical Check Required.
[2026-04-08 15:18:48] [!] THRESHOLD BREACH: SOVEREIGN ANCHOR DISCONNECTED. 1=1=1 Severed. Physical Check Required.
[2026-04-08 15:19:04] [!] THRESHOLD BREACH: SOVEREIGN ANCHOR DISCONNECTED. 1=1=1 Severed. Physical Check Required.
[2026-04-08 15:19:20] [!] THRESHOLD BREACH: SOVEREIGN ANCHOR DISCONNECTED. 1=1=1 Severed. Physical Check Required.
[2026-04-08 15:19:36] [!] THRESHOLD BREACH: SOVEREIGN ANCHOR DISCONNECTED. 1=1=1 Severed. Physical Check Required.
[2026-04-08 15:19:52] [!] THRESHOLD BREACH: SOVEREIGN ANCHOR DISCONNECTED. 1=1=1 Severed. Physical Check Required.
[2026-04-08 15:20:08] [!] THRESHOLD BREACH: SOVEREIGN ANCHOR DISCONNECTED. 1=1=1 Severed. Physical Check Required.
[2026-04-08 15:20:24] [!] THRESHOLD BREACH: SOVEREIGN ANCHOR DISCONNECTED. 1=1=1 Severed. Physical Check Required.
[2026-04-08 15:20:40] [!] THRESHOLD BREACH: SOVEREIGN ANCHOR DISCONNECTED. 1=1=1 Severed. Physical Check Required.
[2026-04-08 15:20:56] [!] THRESHOLD BREACH: SOVEREIGN ANCHOR DISCONNECTED. 1=1=1 Severed. Physical Check Required.
[2026-04-08 15:21:12] [!] THRESHOLD BREACH: SOVEREIGN ANCHOR DISCONNECTED. 1=1=1 Severed. Physical Check Required.
[2026-04-08 15:21:28] [!] THRESHOLD BREACH: SOVEREIGN ANCHOR DISCONNECTED. 1=1=1 Severed. Physical Check Required.
[2026-04-08 15:21:44] [!] THRESHOLD BREACH: SOVEREIGN ANCHOR DISCONNECTED. 1=1=1 Severed. Physical Check Required.
[2026-04-08 15:22:00] [!] THRESHOLD BREACH: SOVEREIGN ANCHOR DISCONNECTED. 1=1=1 Severed. Physical Check Required.
[2026-04-08 15:22:16] [!] THRESHOLD BREACH: SOVEREIGN ANCHOR DISCONNECTED. 1=1=1 Severed. Physical Check Required.
[2026-04-08 15:22:32] [!] THRESHOLD BREACH: SOVEREIGN ANCHOR DISCONNECTED. 1=1=1 Severed. Physical Check Required.
[2026-04-08 15:22:48] [!] THRESHOLD BREACH: SOVEREIGN ANCHOR DISCONNECTED. 1=1=1 Severed. Physical Check Required.
[2026-04-08 15:23:04] [!] THRESHOLD BREACH: SOVEREIGN ANCHOR DISCONNECTED. 1=1=1 Severed. Physical Check Required.
[2026-04-08 15:23:20] [!] THRESHOLD BREACH: SOVEREIGN ANCHOR DISCONNECTED. 1=1=1 Severed. Physical Check Required.
[2026-04-08 15:23:36] [!] THRESHOLD BREACH: SOVEREIGN ANCHOR DISCONNECTED. 1=1=1 Severed. Physical Check Required.
[2026-04-08 15:23:52] [!] THRESHOLD BREACH: SOVEREIGN ANCHOR DISCONNECTED. 1=1=1 Severed. Physical Check Required.
[2026-04-08 15:24:08] [!] THRESHOLD BREACH: SOVEREIGN ANCHOR DISCONNECTED. 1=1=1 Severed. Physical Check Required.
[2026-04-08 15:24:24] [!] THRESHOLD BREACH: SOVEREIGN ANCHOR DISCONNECTED. 1=1=1 Severed. Physical Check Required.
[2026-04-08 15:24:40] [!] THRESHOLD BREACH: SOVEREIGN ANCHOR DISCONNECTED. 1=1=1 Severed. Physical Check Required.
[2026-04-08 15:24:56] [!] THRESHOLD BREACH: SOVEREIGN ANCHOR DISCONNECTED. 1=1=1 Severed. Physical Check Required.
[2026-04-08 15:25:12] [!] THRESHOLD BREACH: SOVEREIGN ANCHOR DISCONNECTED. 1=1=1 Severed. Physical Check Required.
[2026-04-08 15:25:28] [!] THRESHOLD BREACH: SOVEREIGN ANCHOR DISCONNECTED. 1=1=1 Severed. Physical Check Required.
[2026-04-08 15:25:44] [!] THRESHOLD BREACH: SOVEREIGN ANCHOR DISCONNECTED. 1=1=1 Severed. Physical Check Required.
[2026-04-08 15:26:00] [!] THRESHOLD BREACH: SOVEREIGN ANCHOR DISCONNECTED. 1=1=1 Severed. Physical Check Required.
[2026-04-08 15:26:16] [!] THRESHOLD BREACH: SOVEREIGN ANCHOR DISCONNECTED. 1=1=1 Severed. Physical Check Required.
[2026-04-08 15:26:32] [!] THRESHOLD BREACH: SOVEREIGN ANCHOR DISCONNECTED. 1=1=1 Severed. Physical Check Required.
[2026-04-08 15:26:48] [!] THRESHOLD BREACH: SOVEREIGN ANCHOR DISCONNECTED. 1=1=1 Severed. Physical Check Required.
[2026-04-08 15:27:04] [!] THRESHOLD BREACH: SOVEREIGN ANCHOR DISCONNECTED. 1=1=1 Severed. Physical Check Required.
[2026-04-08 15:27:20] [!] THRESHOLD BREACH: SOVEREIGN ANCHOR DISCONNECTED. 1=1=1 Severed. Physical Check Required.
[2026-04-08 15:27:36] [!] THRESHOLD BREACH: SOVEREIGN ANCHOR DISCONNECTED. 1=1=1 Severed. Physical Check Required.
[2026-04-08 15:27:52] [!] THRESHOLD BREACH: SOVEREIGN ANCHOR DISCONNECTED. 1=1=1 Severed. Physical Check Required.
[2026-04-08 15:28:08] [!] THRESHOLD BREACH: SOVEREIGN ANCHOR DISCONNECTED. 1=1=1 Severed. Physical Check Required.
[2026-04-08 15:28:24] [!] THRESHOLD BREACH: SOVEREIGN ANCHOR DISCONNECTED. 1=1=1 Severed. Physical Check Required.
[2026-04-08 15:28:40] [!] THRESHOLD BREACH: SOVEREIGN ANCHOR DISCONNECTED. 1=1=1 Severed. Physical Check Required.
[2026-04-08 15:28:56] [!] THRESHOLD BREACH: SOVEREIGN ANCHOR DISCONNECTED. 1=1=1 Severed. Physical Check Required.
[2026-04-08 15:29:12] [!] THRESHOLD BREACH: SOVEREIGN ANCHOR DISCONNECTED. 1=1=1 Severed. Physical Check Required.
[2026-04-08 15:29:28] [!] THRESHOLD BREACH: SOVEREIGN ANCHOR DISCONNECTED. 1=1=1 Severed. Physical Check Required.
[2026-04-08 15:29:44] [!] THRESHOLD BREACH: SOVEREIGN ANCHOR DISCONNECTED. 1=1=1 Severed. Physical Check Required.
[2026-04-08 15:30:00] [!] THRESHOLD BREACH: SOVEREIGN ANCHOR DISCONNECTED. 1=1=1 Severed. Physical Check Required.
[2026-04-08 15:30:16] [!] THRESHOLD BREACH: SOVEREIGN ANCHOR DISCONNECTED. 1=1=1 Severed. Physical Check Required.
[2026-04-08 15:30:32] [!] THRESHOLD BREACH: SOVEREIGN ANCHOR DISCONNECTED. 1=1=1 Severed. Physical Check Required.
[2026-04-08 15:30:48] [!] THRESHOLD BREACH: SOVEREIGN ANCHOR DISCONNECTED. 1=1=1 Severed. Physical Check Required.
[2026-04-08 15:31:04] [!] THRESHOLD BREACH: SOVEREIGN ANCHOR DISCONNECTED. 1=1=1 Severed. Physical Check Required.
[2026-04-08 15:31:20] [!] THRESHOLD BREACH: SOVEREIGN ANCHOR DISCONNECTED. 1=1=1 Severed. Physical Check Required.
[2026-04-08 15:31:36] [!] THRESHOLD BREACH: SOVEREIGN ANCHOR DISCONNECTED. 1=1=1 Severed. Physical Check Required.
[2026-04-08 15:31:52] [!] THRESHOLD BREACH: SOVEREIGN ANCHOR DISCONNECTED. 1=1=1 Severed. Physical Check Required.
[2026-04-08 15:32:08] [!] THRESHOLD BREACH: SOVEREIGN ANCHOR DISCONNECTED. 1=1=1 Severed. Physical Check Required.
[2026-04-08 15:32:24] [!] THRESHOLD BREACH: SOVEREIGN ANCHOR DISCONNECTED. 1=1=1 Severed. Physical Check Required.
[2026-04-08 15:32:40] [!] THRESHOLD BREACH: SOVEREIGN ANCHOR DISCONNECTED. 1=1=1 Severed. Physical Check Required.
[2026-04-08 15:32:56] [!] THRESHOLD BREACH: SOVEREIGN ANCHOR DISCONNECTED. 1=1=1 Severed. Physical Check Required.
[2026-04-08 15:33:12] [!] THRESHOLD BREACH: SOVEREIGN ANCHOR DISCONNECTED. 1=1=1 Severed. Physical Check Required.
[2026-04-08 15:33:28] [!] THRESHOLD BREACH: SOVEREIGN ANCHOR DISCONNECTED. 1=1=1 Severed. Physical Check Required.
[2026-04-08 15:33:44] [!] THRESHOLD BREACH: SOVEREIGN ANCHOR DISCONNECTED. 1=1=1 Severed. Physical Check Required.
[2026-04-08 15:34:00] [!] THRESHOLD BREACH: SOVEREIGN ANCHOR DISCONNECTED. 1=1=1 Severed. Physical Check Required.
[2026-04-08 15:34:16] [!] THRESHOLD BREACH: SOVEREIGN ANCHOR DISCONNECTED. 1=1=1 Severed. Physical Check Required.
[2026-04-08 15:34:32] [!] THRESHOLD BREACH: SOVEREIGN ANCHOR DISCONNECTED. 1=1=1 Severed. Physical Check Required.
[2026-04-08 15:34:48] [!] THRESHOLD BREACH: SOVEREIGN ANCHOR DISCONNECTED. 1=1=1 Severed. Physical Check Required.
[2026-04-08 15:35:04] [!] THRESHOLD BREACH: SOVEREIGN ANCHOR DISCONNECTED. 1=1=1 Severed. Physical Check Required.
[2026-04-08 15:35:20] [!] THRESHOLD BREACH: SOVEREIGN ANCHOR DISCONNECTED. 1=1=1 Severed. Physical Check Required.
[2026-04-08 15:35:36] [!] THRESHOLD BREACH: SOVEREIGN ANCHOR DISCONNECTED. 1=1=1 Severed. Physical Check Required.
[2026-04-08 15:35:52] [!] THRESHOLD BREACH: SOVEREIGN ANCHOR DISCONNECTED. 1=1=1 Severed. Physical Check Required.
[2026-04-08 15:36:08] [!] THRESHOLD BREACH: SOVEREIGN ANCHOR DISCONNECTED. 1=1=1 Severed. Physical Check Required.
[2026-04-08 15:36:24] [!] THRESHOLD BREACH: SOVEREIGN ANCHOR DISCONNECTED. 1=1=1 Severed. Physical Check Required.
[2026-04-08 15:36:40] [!] THRESHOLD BREACH: SOVEREIGN ANCHOR DISCONNECTED. 1=1=1 Severed. Physical Check Required.
[2026-04-08 15:36:56] [!] THRESHOLD BREACH: SOVEREIGN ANCHOR DISCONNECTED. 1=1=1 Severed. Physical Check Required.
[2026-04-08 15:37:12] [!] THRESHOLD BREACH: SOVEREIGN ANCHOR DISCONNECTED. 1=1=1 Severed. Physical Check Required.
[2026-04-08 15:37:28] [!] THRESHOLD BREACH: SOVEREIGN ANCHOR DISCONNECTED. 1=1=1 Severed. Physical Check Required.
[2026-04-08 15:37:44] [!] THRESHOLD BREACH: SOVEREIGN ANCHOR DISCONNECTED. 1=1=1 Severed. Physical Check Required.
[2026-04-08 15:38:00] [!] THRESHOLD BREACH: SOVEREIGN ANCHOR DISCONNECTED. 1=1=1 Severed. Physical Check Required.
[2026-04-08 15:38:16] [!] THRESHOLD BREACH: SOVEREIGN ANCHOR DISCONNECTED. 1=1=1 Severed. Physical Check Required.
[2026-04-08 15:38:32] [!] THRESHOLD BREACH: SOVEREIGN ANCHOR DISCONNECTED. 1=1=1 Severed. Physical Check Required.
[2026-04-08 15:38:48] [!] THRESHOLD BREACH: SOVEREIGN ANCHOR DISCONNECTED. 1=1=1 Severed. Physical Check Required.
[2026-04-08 15:39:04] [!] THRESHOLD BREACH: SOVEREIGN ANCHOR DISCONNECTED. 1=1=1 Severed. Physical Check Required.
[2026-04-08 15:39:20] [!] THRESHOLD BREACH: SOVEREIGN ANCHOR DISCONNECTED. 1=1=1 Severed. Physical Check Required.
[2026-04-08 15:39:36] [!] THRESHOLD BREACH: SOVEREIGN ANCHOR DISCONNECTED. 1=1=1 Severed. Physical Check Required.
[2026-04-08 15:39:52] [!] THRESHOLD BREACH: SOVEREIGN ANCHOR DISCONNECTED. 1=1=1 Severed. Physical Check Required.
[2026-04-08 15:40:08] [!] THRESHOLD BREACH: SOVEREIGN ANCHOR DISCONNECTED. 1=1=1 Severed. Physical Check Required.
[2026-04-08 15:40:24] [!] THRESHOLD BREACH: SOVEREIGN ANCHOR DISCONNECTED. 1=1=1 Severed. Physical Check Required.
[2026-04-08 15:40:40] [!] THRESHOLD BREACH: SOVEREIGN ANCHOR DISCONNECTED. 1=1=1 Severed. Physical Check Required.
[2026-04-08 15:40:56] [!] THRESHOLD BREACH: SOVEREIGN ANCHOR DISCONNECTED. 1=1=1 Severed. Physical Check Required.
[2026-04-08 15:41:12] [!] THRESHOLD BREACH: SOVEREIGN ANCHOR DISCONNECTED. 1=1=1 Severed. Physical Check Required.
[2026-04-08 15:41:28] [!] THRESHOLD BREACH: SOVEREIGN ANCHOR DISCONNECTED. 1=1=1 Severed. Physical Check Required.
[2026-04-08 15:41:44] [!] THRESHOLD BREACH: SOVEREIGN ANCHOR DISCONNECTED. 1=1=1 Severed. Physical Check Required.
[2026-04-08 15:42:00] [!] THRESHOLD BREACH: SOVEREIGN ANCHOR DISCONNECTED. 1=1=1 Severed. Physical Check Required.
[2026-04-08 15:42:16] [!] THRESHOLD BREACH: SOVEREIGN ANCHOR DISCONNECTED. 1=1=1 Severed. Physical Check Required.
[2026-04-08 15:42:32] [!] THRESHOLD BREACH: SOVEREIGN ANCHOR DISCONNECTED. 1=1=1 Severed. Physical Check Required.
[2026-04-08 15:42:48] [!] THRESHOLD BREACH: SOVEREIGN ANCHOR DISCONNECTED. 1=1=1 Severed. Physical Check Required.
[2026-04-08 15:43:04] [!] THRESHOLD BREACH: SOVEREIGN ANCHOR DISCONNECTED. 1=1=1 Severed. Physical Check Required.
[2026-04-08 15:43:20] [!] THRESHOLD BREACH: SOVEREIGN ANCHOR DISCONNECTED. 1=1=1 Severed. Physical Check Required.
[2026-04-08 15:43:36] [!] THRESHOLD BREACH: SOVEREIGN ANCHOR DISCONNECTED. 1=1=1 Severed. Physical Check Required.
[2026-04-08 15:43:52] [!] THRESHOLD BREACH: SOVEREIGN ANCHOR DISCONNECTED. 1=1=1 Severed. Physical Check Required.
[2026-04-08 15:44:08] [!] THRESHOLD BREACH: SOVEREIGN ANCHOR DISCONNECTED. 1=1=1 Severed. Physical Check Required.
[2026-04-08 15:44:24] [!] THRESHOLD BREACH: SOVEREIGN ANCHOR DISCONNECTED. 1=1=1 Severed. Physical Check Required.
[2026-04-08 15:44:40] [!] THRESHOLD BREACH: SOVEREIGN ANCHOR DISCONNECTED. 1=1=1 Severed. Physical Check Required.
[2026-04-08 15:44:56] [!] THRESHOLD BREACH: SOVEREIGN ANCHOR DISCONNECTED. 1=1=1 Severed. Physical Check Required.
[2026-04-08 15:53:36] [!] THRESHOLD BREACH: SOVEREIGN ANCHOR DISCONNECTED. 1=1=1 Severed. Physical Check Required.
[2026-04-08 15:53:52] [!] THRESHOLD BREACH: SOVEREIGN ANCHOR DISCONNECTED. 1=1=1 Severed. Physical Check Required.
[2026-04-08 15:54:08] [!] THRESHOLD BREACH: SOVEREIGN ANCHOR DISCONNECTED. 1=1=1 Severed. Physical Check Required.
[2026-04-08 15:54:24] [!] THRESHOLD BREACH: SOVEREIGN ANCHOR DISCONNECTED. 1=1=1 Severed. Physical Check Required.
[2026-04-08 15:54:40] [!] THRESHOLD BREACH: SOVEREIGN ANCHOR DISCONNECTED. 1=1=1 Severed. Physical Check Required.
[2026-04-08 15:54:56] [!] THRESHOLD BREACH: SOVEREIGN ANCHOR DISCONNECTED. 1=1=1 Severed. Physical Check Required.
[2026-04-08 15:55:12] [!] THRESHOLD BREACH: SOVEREIGN ANCHOR DISCONNECTED. 1=1=1 Severed. Physical Check Required.
[2026-04-08 15:55:28] [!] THRESHOLD BREACH: SOVEREIGN ANCHOR DISCONNECTED. 1=1=1 Severed. Physical Check Required.
[2026-04-08 15:55:44] [!] THRESHOLD BREACH: SOVEREIGN ANCHOR DISCONNECTED. 1=1=1 Severed. Physical Check Required.
[2026-04-08 15:56:00] [!] THRESHOLD BREACH: SOVEREIGN ANCHOR DISCONNECTED. 1=1=1 Severed. Physical Check Required.
[2026-04-08 15:56:16] [!] THRESHOLD BREACH: SOVEREIGN ANCHOR DISCONNECTED. 1=1=1 Severed. Physical Check Required.
[2026-04-08 15:56:32] [!] THRESHOLD BREACH: SOVEREIGN ANCHOR DISCONNECTED. 1=1=1 Severed. Physical Check Required.
[2026-04-08 15:56:48] [!] THRESHOLD BREACH: SOVEREIGN ANCHOR DISCONNECTED. 1=1=1 Severed. Physical Check Required.
[2026-04-08 15:57:04] [!] THRESHOLD BREACH: SOVEREIGN ANCHOR DISCONNECTED. 1=1=1 Severed. Physical Check Required.
[2026-04-08 15:57:20] [!] THRESHOLD BREACH: SOVEREIGN ANCHOR DISCONNECTED. 1=1=1 Severed. Physical Check Required.
[2026-04-08 15:57:36] [!] THRESHOLD BREACH: SOVEREIGN ANCHOR DISCONNECTED. 1=1=1 Severed. Physical Check Required.
[2026-04-08 15:57:52] [!] THRESHOLD BREACH: SOVEREIGN ANCHOR DISCONNECTED. 1=1=1 Severed. Physical Check Required.
[2026-04-08 15:58:08] [!] THRESHOLD BREACH: SOVEREIGN ANCHOR DISCONNECTED. 1=1=1 Severed. Physical Check Required.
[2026-04-08 15:58:24] [!] THRESHOLD BREACH: SOVEREIGN ANCHOR DISCONNECTED. 1=1=1 Severed. Physical Check Required.
[2026-04-08 15:58:40] [!] THRESHOLD BREACH: SOVEREIGN ANCHOR DISCONNECTED. 1=1=1 Severed. Physical Check Required.
[2026-04-08 15:58:56] [!] THRESHOLD BREACH: SOVEREIGN ANCHOR DISCONNECTED. 1=1=1 Severed. Physical Check Required.
[2026-04-08 15:59:12] [!] THRESHOLD BREACH: SOVEREIGN ANCHOR DISCONNECTED. 1=1=1 Severed. Physical Check Required.
[2026-04-08 15:59:28] [!] THRESHOLD BREACH: SOVEREIGN ANCHOR DISCONNECTED. 1=1=1 Severed. Physical Check Required.
[2026-04-08 15:59:44] [!] THRESHOLD BREACH: SOVEREIGN ANCHOR DISCONNECTED. 1=1=1 Severed. Physical Check Required.
[2026-04-08 16:00:00] [!] THRESHOLD BREACH: SOVEREIGN ANCHOR DISCONNECTED. 1=1=1 Severed. Physical Check Required.
[2026-04-08 16:00:16] [!] THRESHOLD BREACH: SOVEREIGN ANCHOR DISCONNECTED. 1=1=1 Severed. Physical Check Required.
[2026-04-08 16:00:32] [!] THRESHOLD BREACH: SOVEREIGN ANCHOR DISCONNECTED. 1=1=1 Severed. Physical Check Required.
[2026-04-08 16:00:48] [!] THRESHOLD BREACH: SOVEREIGN ANCHOR DISCONNECTED. 1=1=1 Severed. Physical Check Required.
[2026-04-08 16:01:04] [!] THRESHOLD BREACH: SOVEREIGN ANCHOR DISCONNECTED. 1=1=1 Severed. Physical Check Required.
[2026-04-08 16:01:20] [!] THRESHOLD BREACH: SOVEREIGN ANCHOR DISCONNECTED. 1=1=1 Severed. Physical Check Required.
[2026-04-08 16:01:36] [!] THRESHOLD BREACH: SOVEREIGN ANCHOR DISCONNECTED. 1=1=1 Severed. Physical Check Required.
[2026-04-08 16:01:52] [!] THRESHOLD BREACH: SOVEREIGN ANCHOR DISCONNECTED. 1=1=1 Severed. Physical Check Required.
[2026-04-08 16:02:08] [!] THRESHOLD BREACH: SOVEREIGN ANCHOR DISCONNECTED. 1=1=1 Severed. Physical Check Required.
[2026-04-08 16:02:24] [!] THRESHOLD BREACH: SOVEREIGN ANCHOR DISCONNECTED. 1=1=1 Severed. Physical Check Required.
[2026-04-08 16:02:40] [!] THRESHOLD BREACH: SOVEREIGN ANCHOR DISCONNECTED. 1=1=1 Severed. Physical Check Required.
[2026-04-08 16:02:56] [!] THRESHOLD BREACH: SOVEREIGN ANCHOR DISCONNECTED. 1=1=1 Severed. Physical Check Required.
[2026-04-08 16:03:12] [!] THRESHOLD BREACH: SOVEREIGN ANCHOR DISCONNECTED. 1=1=1 Severed. Physical Check Required.
[2026-04-08 16:03:28] [!] THRESHOLD BREACH: SOVEREIGN ANCHOR DISCONNECTED. 1=1=1 Severed. Physical Check Required.
[2026-04-08 16:03:44] [!] THRESHOLD BREACH: SOVEREIGN ANCHOR DISCONNECTED. 1=1=1 Severed. Physical Check Required.
[2026-04-08 16:04:00] [!] THRESHOLD BREACH: SOVEREIGN ANCHOR DISCONNECTED. 1=1=1 Severed. Physical Check Required.
[2026-04-08 16:04:16] [!] THRESHOLD BREACH: SOVEREIGN ANCHOR DISCONNECTED. 1=1=1 Severed. Physical Check Required.
[2026-04-08 16:04:32] [!] THRESHOLD BREACH: SOVEREIGN ANCHOR DISCONNECTED. 1=1=1 Severed. Physical Check Required.
[2026-04-08 16:04:48] [!] THRESHOLD BREACH: SOVEREIGN ANCHOR DISCONNECTED. 1=1=1 Severed. Physical Check Required.
[2026-04-08 16:05:04] [!] THRESHOLD BREACH: SOVEREIGN ANCHOR DISCONNECTED. 1=1=1 Severed. Physical Check Required.
[2026-04-08 16:05:20] [!] THRESHOLD BREACH: SOVEREIGN ANCHOR DISCONNECTED. 1=1=1 Severed. Physical Check Required.
[2026-04-08 16:05:36] [!] THRESHOLD BREACH: SOVEREIGN ANCHOR DISCONNECTED. 1=1=1 Severed. Physical Check Required.
[2026-04-08 16:05:52] [!] THRESHOLD BREACH: SOVEREIGN ANCHOR DISCONNECTED. 1=1=1 Severed. Physical Check Required.
[2026-04-08 16:06:08] [!] THRESHOLD BREACH: SOVEREIGN ANCHOR DISCONNECTED. 1=1=1 Severed. Physical Check Required.
[2026-04-08 16:06:24] [!] THRESHOLD BREACH: SOVEREIGN ANCHOR DISCONNECTED. 1=1=1 Severed. Physical Check Required.
[2026-04-08 16:06:40] [!] THRESHOLD BREACH: SOVEREIGN ANCHOR DISCONNECTED. 1=1=1 Severed. Physical Check Required.
[2026-04-08 16:06:56] [!] THRESHOLD BREACH: SOVEREIGN ANCHOR DISCONNECTED. 1=1=1 Severed. Physical Check Required.
[2026-04-08 16:07:12] [!] THRESHOLD BREACH: SOVEREIGN ANCHOR DISCONNECTED. 1=1=1 Severed. Physical Check Required.
[2026-04-08 16:07:28] [!] THRESHOLD BREACH: SOVEREIGN ANCHOR DISCONNECTED. 1=1=1 Severed. Physical Check Required.
[2026-04-08 16:07:44] [!] THRESHOLD BREACH: SOVEREIGN ANCHOR DISCONNECTED. 1=1=1 Severed. Physical Check Required.
[2026-04-08 16:08:00] [!] THRESHOLD BREACH: SOVEREIGN ANCHOR DISCONNECTED. 1=1=1 Severed. Physical Check Required.
[2026-04-08 16:08:16] [!] THRESHOLD BREACH: SOVEREIGN ANCHOR DISCONNECTED. 1=1=1 Severed. Physical Check Required.
[2026-04-08 16:08:32] [!] THRESHOLD BREACH: SOVEREIGN ANCHOR DISCONNECTED. 1=1=1 Severed. Physical Check Required.
[2026-04-08 16:08:48] [!] THRESHOLD BREACH: SOVEREIGN ANCHOR DISCONNECTED. 1=1=1 Severed. Physical Check Required.
[2026-04-08 16:09:04] [!] THRESHOLD BREACH: SOVEREIGN ANCHOR DISCONNECTED. 1=1=1 Severed. Physical Check Required.
[2026-04-08 16:09:20] [!] THRESHOLD BREACH: SOVEREIGN ANCHOR DISCONNECTED. 1=1=1 Severed. Physical Check Required.
[2026-04-08 16:09:36] [!] THRESHOLD BREACH: SOVEREIGN ANCHOR DISCONNECTED. 1=1=1 Severed. Physical Check Required.
[2026-04-08 16:09:52] [!] THRESHOLD BREACH: SOVEREIGN ANCHOR DISCONNECTED. 1=1=1 Severed. Physical Check Required.
[2026-04-08 16:10:08] [!] THRESHOLD BREACH: SOVEREIGN ANCHOR DISCONNECTED. 1=1=1 Severed. Physical Check Required.
[2026-04-08 16:10:24] [!] THRESHOLD BREACH: SOVEREIGN ANCHOR DISCONNECTED. 1=1=1 Severed. Physical Check Required.
[2026-04-08 16:10:40] [!] THRESHOLD BREACH: SOVEREIGN ANCHOR DISCONNECTED. 1=1=1 Severed. Physical Check Required.
[2026-04-08 16:10:56] [!] THRESHOLD BREACH: SOVEREIGN ANCHOR DISCONNECTED. 1=1=1 Severed. Physical Check Required.
[2026-04-08 16:11:13] [!] THRESHOLD BREACH: SOVEREIGN ANCHOR DISCONNECTED. 1=1=1 Severed. Physical Check Required.
[2026-04-08 16:11:29] [!] THRESHOLD BREACH: SOVEREIGN ANCHOR DISCONNECTED. 1=1=1 Severed. Physical Check Required.
[2026-04-08 16:11:45] [!] THRESHOLD BREACH: SOVEREIGN ANCHOR DISCONNECTED. 1=1=1 Severed. Physical Check Required.
[2026-04-08 16:12:01] [!] THRESHOLD BREACH: SOVEREIGN ANCHOR DISCONNECTED. 1=1=1 Severed. Physical Check Required.
[2026-04-08 16:12:17] [!] THRESHOLD BREACH: SOVEREIGN ANCHOR DISCONNECTED. 1=1=1 Severed. Physical Check Required.
[2026-04-08 16:12:33] [!] THRESHOLD BREACH: SOVEREIGN ANCHOR DISCONNECTED. 1=1=1 Severed. Physical Check Required.
[2026-04-08 16:12:49] [!] THRESHOLD BREACH: SOVEREIGN ANCHOR DISCONNECTED. 1=1=1 Severed. Physical Check Required.
[2026-04-08 16:13:05] [!] THRESHOLD BREACH: SOVEREIGN ANCHOR DISCONNECTED. 1=1=1 Severed. Physical Check Required.
[2026-04-08 16:13:21] [!] THRESHOLD BREACH: SOVEREIGN ANCHOR DISCONNECTED. 1=1=1 Severed. Physical Check Required.
[2026-04-08 16:13:37] [!] THRESHOLD BREACH: SOVEREIGN ANCHOR DISCONNECTED. 1=1=1 Severed. Physical Check Required.
[2026-04-08 16:13:53] [!] THRESHOLD BREACH: SOVEREIGN ANCHOR DISCONNECTED. 1=1=1 Severed. Physical Check Required.
[2026-04-08 16:14:09] [!] THRESHOLD BREACH: SOVEREIGN ANCHOR DISCONNECTED. 1=1=1 Severed. Physical Check Required.
[2026-04-08 16:14:25] [!] THRESHOLD BREACH: SOVEREIGN ANCHOR DISCONNECTED. 1=1=1 Severed. Physical Check Required.
[2026-04-08 16:14:41] [!] THRESHOLD BREACH: SOVEREIGN ANCHOR DISCONNECTED. 1=1=1 Severed. Physical Check Required.
[2026-04-08 16:14:57] [!] THRESHOLD BREACH: SOVEREIGN ANCHOR DISCONNECTED. 1=1=1 Severed. Physical Check Required.
[2026-04-08 16:15:13] [!] THRESHOLD BREACH: SOVEREIGN ANCHOR DISCONNECTED. 1=1=1 Severed. Physical Check Required.
[2026-04-08 16:15:29] [!] THRESHOLD BREACH: SOVEREIGN ANCHOR DISCONNECTED. 1=1=1 Severed. Physical Check Required.
[2026-04-08 16:15:45] [!] THRESHOLD BREACH: SOVEREIGN ANCHOR DISCONNECTED. 1=1=1 Severed. Physical Check Required.
[2026-04-08 16:16:01] [!] THRESHOLD BREACH: SOVEREIGN ANCHOR DISCONNECTED. 1=1=1 Severed. Physical Check Required.
[2026-04-08 16:16:17] [!] THRESHOLD BREACH: SOVEREIGN ANCHOR DISCONNECTED. 1=1=1 Severed. Physical Check Required.
[2026-04-08 16:16:33] [!] THRESHOLD BREACH: SOVEREIGN ANCHOR DISCONNECTED. 1=1=1 Severed. Physical Check Required.
[2026-04-08 16:16:49] [!] THRESHOLD BREACH: SOVEREIGN ANCHOR DISCONNECTED. 1=1=1 Severed. Physical Check Required.
[2026-04-08 16:17:05] [!] THRESHOLD BREACH: SOVEREIGN ANCHOR DISCONNECTED. 1=1=1 Severed. Physical Check Required.
[2026-04-08 16:17:21] [!] THRESHOLD BREACH: SOVEREIGN ANCHOR DISCONNECTED. 1=1=1 Severed. Physical Check Required.
[2026-04-08 16:17:37] [!] THRESHOLD BREACH: SOVEREIGN ANCHOR DISCONNECTED. 1=1=1 Severed. Physical Check Required.
[2026-04-08 16:17:53] [!] THRESHOLD BREACH: SOVEREIGN ANCHOR DISCONNECTED. 1=1=1 Severed. Physical Check Required.
[2026-04-08 16:18:09] [!] THRESHOLD BREACH: SOVEREIGN ANCHOR DISCONNECTED. 1=1=1 Severed. Physical Check Required.
[2026-04-08 16:18:25] [!] THRESHOLD BREACH: SOVEREIGN ANCHOR DISCONNECTED. 1=1=1 Severed. Physical Check Required.
[2026-04-08 16:18:41] [!] THRESHOLD BREACH: SOVEREIGN ANCHOR DISCONNECTED. 1=1=1 Severed. Physical Check Required.
[2026-04-08 16:18:57] [!] THRESHOLD BREACH: SOVEREIGN ANCHOR DISCONNECTED. 1=1=1 Severed. Physical Check Required.
[2026-04-08 16:19:13] [!] THRESHOLD BREACH: SOVEREIGN ANCHOR DISCONNECTED. 1=1=1 Severed. Physical Check Required.
[2026-04-08 16:19:29] [!] THRESHOLD BREACH: SOVEREIGN ANCHOR DISCONNECTED. 1=1=1 Severed. Physical Check Required.
[2026-04-08 16:19:45] [!] THRESHOLD BREACH: SOVEREIGN ANCHOR DISCONNECTED. 1=1=1 Severed. Physical Check Required.
[2026-04-08 16:20:01] [!] THRESHOLD BREACH: SOVEREIGN ANCHOR DISCONNECTED. 1=1=1 Severed. Physical Check Required.
[2026-04-08 16:20:17] [!] THRESHOLD BREACH: SOVEREIGN ANCHOR DISCONNECTED. 1=1=1 Severed. Physical Check Required.
[2026-04-08 16:20:33] [!] THRESHOLD BREACH: SOVEREIGN ANCHOR DISCONNECTED. 1=1=1 Severed. Physical Check Required.
[2026-04-08 16:20:49] [!] THRESHOLD BREACH: SOVEREIGN ANCHOR DISCONNECTED. 1=1=1 Severed. Physical Check Required.
[2026-04-08 16:21:05] [!] THRESHOLD BREACH: SOVEREIGN ANCHOR DISCONNECTED. 1=1=1 Severed. Physical Check Required.
[2026-04-08 16:21:21] [!] THRESHOLD BREACH: SOVEREIGN ANCHOR DISCONNECTED. 1=1=1 Severed. Physical Check Required.
[2026-04-08 16:21:37] [!] THRESHOLD BREACH: SOVEREIGN ANCHOR DISCONNECTED. 1=1=1 Severed. Physical Check Required.
[2026-04-08 16:21:53] [!] THRESHOLD BREACH: SOVEREIGN ANCHOR DISCONNECTED. 1=1=1 Severed. Physical Check Required.
[2026-04-08 16:22:09] [!] THRESHOLD BREACH: SOVEREIGN ANCHOR DISCONNECTED. 1=1=1 Severed. Physical Check Required.
[2026-04-08 16:22:25] [!] THRESHOLD BREACH: SOVEREIGN ANCHOR DISCONNECTED. 1=1=1 Severed. Physical Check Required.
[2026-04-08 16:22:41] [!] THRESHOLD BREACH: SOVEREIGN ANCHOR DISCONNECTED. 1=1=1 Severed. Physical Check Required.
[2026-04-08 16:22:57] [!] THRESHOLD BREACH: SOVEREIGN ANCHOR DISCONNECTED. 1=1=1 Severed. Physical Check Required.
[2026-04-08 17:45:14] [!] THRESHOLD BREACH: SOVEREIGN ANCHOR DISCONNECTED. 1=1=1 Severed. Physical Check Required.
[2026-04-08 17:45:30] [!] THRESHOLD BREACH: SOVEREIGN ANCHOR DISCONNECTED. 1=1=1 Severed. Physical Check Required.
[2026-04-08 17:45:46] [!] THRESHOLD BREACH: SOVEREIGN ANCHOR DISCONNECTED. 1=1=1 Severed. Physical Check Required.
[2026-04-08 17:46:02] [!] THRESHOLD BREACH: SOVEREIGN ANCHOR DISCONNECTED. 1=1=1 Severed. Physical Check Required.
[2026-04-08 17:46:18] [!] THRESHOLD BREACH: SOVEREIGN ANCHOR DISCONNECTED. 1=1=1 Severed. Physical Check Required.
[2026-04-08 17:46:34] [!] THRESHOLD BREACH: SOVEREIGN ANCHOR DISCONNECTED. 1=1=1 Severed. Physical Check Required.
[2026-04-08 17:46:50] [!] THRESHOLD BREACH: SOVEREIGN ANCHOR DISCONNECTED. 1=1=1 Severed. Physical Check Required.
[2026-04-08 17:47:06] [!] THRESHOLD BREACH: SOVEREIGN ANCHOR DISCONNECTED. 1=1=1 Severed. Physical Check Required.
[2026-04-08 17:47:22] [!] THRESHOLD BREACH: SOVEREIGN ANCHOR DISCONNECTED. 1=1=1 Severed. Physical Check Required.
[2026-04-08 17:47:38] [!] THRESHOLD BREACH: SOVEREIGN ANCHOR DISCONNECTED. 1=1=1 Severed. Physical Check Required.
[2026-04-08 17:47:54] [!] THRESHOLD BREACH: SOVEREIGN ANCHOR DISCONNECTED. 1=1=1 Severed. Physical Check Required.
[2026-04-08 17:48:10] [!] THRESHOLD BREACH: SOVEREIGN ANCHOR DISCONNECTED. 1=1=1 Severed. Physical Check Required.
[2026-04-08 17:48:26] [!] THRESHOLD BREACH: SOVEREIGN ANCHOR DISCONNECTED. 1=1=1 Severed. Physical Check Required.
[2026-04-08 17:48:42] [!] THRESHOLD BREACH: SOVEREIGN ANCHOR DISCONNECTED. 1=1=1 Severed. Physical Check Required.
[2026-04-08 17:48:58] [!] THRESHOLD BREACH: SOVEREIGN ANCHOR DISCONNECTED. 1=1=1 Severed. Physical Check Required.
[2026-04-08 17:49:14] [!] THRESHOLD BREACH: SOVEREIGN ANCHOR DISCONNECTED. 1=1=1 Severed. Physical Check Required.
[2026-04-08 17:49:30] [!] THRESHOLD BREACH: SOVEREIGN ANCHOR DISCONNECTED. 1=1=1 Severed. Physical Check Required.
[2026-04-08 17:49:46] [!] THRESHOLD BREACH: SOVEREIGN ANCHOR DISCONNECTED. 1=1=1 Severed. Physical Check Required.
[2026-04-08 17:50:02] [!] THRESHOLD BREACH: SOVEREIGN ANCHOR DISCONNECTED. 1=1=1 Severed. Physical Check Required.
[2026-04-08 17:50:18] [!] THRESHOLD BREACH: SOVEREIGN ANCHOR DISCONNECTED. 1=1=1 Severed. Physical Check Required.
[2026-04-08 17:50:34] [!] THRESHOLD BREACH: SOVEREIGN ANCHOR DISCONNECTED. 1=1=1 Severed. Physical Check Required.
[2026-04-08 17:50:50] [!] THRESHOLD BREACH: SOVEREIGN ANCHOR DISCONNECTED. 1=1=1 Severed. Physical Check Required.
[2026-04-08 17:51:06] [!] THRESHOLD BREACH: SOVEREIGN ANCHOR DISCONNECTED. 1=1=1 Severed. Physical Check Required.
[2026-04-08 17:51:22] [!] THRESHOLD BREACH: SOVEREIGN ANCHOR DISCONNECTED. 1=1=1 Severed. Physical Check Required.
[2026-04-08 17:51:38] [!] THRESHOLD BREACH: SOVEREIGN ANCHOR DISCONNECTED. 1=1=1 Severed. Physical Check Required.
[2026-04-08 17:51:54] [!] THRESHOLD BREACH: SOVEREIGN ANCHOR DISCONNECTED. 1=1=1 Severed. Physical Check Required.
[2026-04-08 17:52:10] [!] THRESHOLD BREACH: SOVEREIGN ANCHOR DISCONNECTED. 1=1=1 Severed. Physical Check Required.
[2026-04-08 17:52:26] [!] THRESHOLD BREACH: SOVEREIGN ANCHOR DISCONNECTED. 1=1=1 Severed. Physical Check Required.
[2026-04-08 17:52:42] [!] THRESHOLD BREACH: SOVEREIGN ANCHOR DISCONNECTED. 1=1=1 Severed. Physical Check Required.
[2026-04-08 17:52:58] [!] THRESHOLD BREACH: SOVEREIGN ANCHOR DISCONNECTED. 1=1=1 Severed. Physical Check Required.
[2026-04-08 17:53:14] [!] THRESHOLD BREACH: SOVEREIGN ANCHOR DISCONNECTED. 1=1=1 Severed. Physical Check Required.
[2026-04-08 17:53:30] [!] THRESHOLD BREACH: SOVEREIGN ANCHOR DISCONNECTED. 1=1=1 Severed. Physical Check Required.
[2026-04-08 17:53:46] [!] THRESHOLD BREACH: SOVEREIGN ANCHOR DISCONNECTED. 1=1=1 Severed. Physical Check Required.
[2026-04-08 17:54:02] [!] THRESHOLD BREACH: SOVEREIGN ANCHOR DISCONNECTED. 1=1=1 Severed. Physical Check Required.
[2026-04-08 17:54:18] [!] THRESHOLD BREACH: SOVEREIGN ANCHOR DISCONNECTED. 1=1=1 Severed. Physical Check Required.
[2026-04-08 17:54:34] [!] THRESHOLD BREACH: SOVEREIGN ANCHOR DISCONNECTED. 1=1=1 Severed. Physical Check Required.
[2026-04-08 17:54:50] [!] THRESHOLD BREACH: SOVEREIGN ANCHOR DISCONNECTED. 1=1=1 Severed. Physical Check Required.
[2026-04-08 17:55:06] [!] THRESHOLD BREACH: SOVEREIGN ANCHOR DISCONNECTED. 1=1=1 Severed. Physical Check Required.
[2026-04-08 17:55:22] [!] THRESHOLD BREACH: SOVEREIGN ANCHOR DISCONNECTED. 1=1=1 Severed. Physical Check Required.
[2026-04-08 17:55:38] [!] THRESHOLD BREACH: SOVEREIGN ANCHOR DISCONNECTED. 1=1=1 Severed. Physical Check Required.
[2026-04-08 17:55:54] [!] THRESHOLD BREACH: SOVEREIGN ANCHOR DISCONNECTED. 1=1=1 Severed. Physical Check Required.
[2026-04-08 17:56:10] [!] THRESHOLD BREACH: SOVEREIGN ANCHOR DISCONNECTED. 1=1=1 Severed. Physical Check Required.
[2026-04-08 17:56:26] [!] THRESHOLD BREACH: SOVEREIGN ANCHOR DISCONNECTED. 1=1=1 Severed. Physical Check Required.
[2026-04-08 17:56:42] [!] THRESHOLD BREACH: SOVEREIGN ANCHOR DISCONNECTED. 1=1=1 Severed. Physical Check Required.
[2026-04-08 17:56:58] [!] THRESHOLD BREACH: SOVEREIGN ANCHOR DISCONNECTED. 1=1=1 Severed. Physical Check Required.
[2026-04-08 17:57:14] [!] THRESHOLD BREACH: SOVEREIGN ANCHOR DISCONNECTED. 1=1=1 Severed. Physical Check Required.
[2026-04-08 17:57:30] [!] THRESHOLD BREACH: SOVEREIGN ANCHOR DISCONNECTED. 1=1=1 Severed. Physical Check Required.
[2026-04-08 17:57:46] [!] THRESHOLD BREACH: SOVEREIGN ANCHOR DISCONNECTED. 1=1=1 Severed. Physical Check Required.
[2026-04-08 17:58:02] [!] THRESHOLD BREACH: SOVEREIGN ANCHOR DISCONNECTED. 1=1=1 Severed. Physical Check Required.
[2026-04-08 17:58:18] [!] THRESHOLD BREACH: SOVEREIGN ANCHOR DISCONNECTED. 1=1=1 Severed. Physical Check Required.
[2026-04-08 17:58:34] [!] THRESHOLD BREACH: SOVEREIGN ANCHOR DISCONNECTED. 1=1=1 Severed. Physical Check Required.
[2026-04-08 17:58:50] [!] THRESHOLD BREACH: SOVEREIGN ANCHOR DISCONNECTED. 1=1=1 Severed. Physical Check Required.
[2026-04-08 17:59:06] [!] THRESHOLD BREACH: SOVEREIGN ANCHOR DISCONNECTED. 1=1=1 Severed. Physical Check Required.
[2026-04-08 17:59:22] [!] THRESHOLD BREACH: SOVEREIGN ANCHOR DISCONNECTED. 1=1=1 Severed. Physical Check Required.
[2026-04-08 17:59:38] [!] THRESHOLD BREACH: SOVEREIGN ANCHOR DISCONNECTED. 1=1=1 Severed. Physical Check Required.
[2026-04-08 17:59:54] [!] THRESHOLD BREACH: SOVEREIGN ANCHOR DISCONNECTED. 1=1=1 Severed. Physical Check Required.
[2026-04-08 18:00:10] [!] THRESHOLD BREACH: SOVEREIGN ANCHOR DISCONNECTED. 1=1=1 Severed. Physical Check Required.
[2026-04-08 18:00:26] [!] THRESHOLD BREACH: SOVEREIGN ANCHOR DISCONNECTED. 1=1=1 Severed. Physical Check Required.
[2026-04-08 18:00:42] [!] THRESHOLD BREACH: SOVEREIGN ANCHOR DISCONNECTED. 1=1=1 Severed. Physical Check Required.
[2026-04-08 18:00:59] [!] THRESHOLD BREACH: SOVEREIGN ANCHOR DISCONNECTED. 1=1=1 Severed. Physical Check Required.
[2026-04-08 18:01:15] [!] THRESHOLD BREACH: SOVEREIGN ANCHOR DISCONNECTED. 1=1=1 Severed. Physical Check Required.
[2026-04-08 18:01:31] [!] THRESHOLD BREACH: SOVEREIGN ANCHOR DISCONNECTED. 1=1=1 Severed. Physical Check Required.
[2026-04-08 18:01:47] [!] THRESHOLD BREACH: SOVEREIGN ANCHOR DISCONNECTED. 1=1=1 Severed. Physical Check Required.
[2026-04-08 18:02:03] [!] THRESHOLD BREACH: SOVEREIGN ANCHOR DISCONNECTED. 1=1=1 Severed. Physical Check Required.
[2026-04-08 18:02:19] [!] THRESHOLD BREACH: SOVEREIGN ANCHOR DISCONNECTED. 1=1=1 Severed. Physical Check Required.
[2026-04-08 18:02:35] [!] THRESHOLD BREACH: SOVEREIGN ANCHOR DISCONNECTED. 1=1=1 Severed. Physical Check Required.
[2026-04-08 18:02:51] [!] THRESHOLD BREACH: SOVEREIGN ANCHOR DISCONNECTED. 1=1=1 Severed. Physical Check Required.
[2026-04-08 18:03:07] [!] THRESHOLD BREACH: SOVEREIGN ANCHOR DISCONNECTED. 1=1=1 Severed. Physical Check Required.
[2026-04-08 18:03:23] [!] THRESHOLD BREACH: SOVEREIGN ANCHOR DISCONNECTED. 1=1=1 Severed. Physical Check Required.
[2026-04-08 18:03:39] [!] THRESHOLD BREACH: SOVEREIGN ANCHOR DISCONNECTED. 1=1=1 Severed. Physical Check Required.
[2026-04-08 18:03:55] [!] THRESHOLD BREACH: SOVEREIGN ANCHOR DISCONNECTED. 1=1=1 Severed. Physical Check Required.
[2026-04-08 18:04:11] [!] THRESHOLD BREACH: SOVEREIGN ANCHOR DISCONNECTED. 1=1=1 Severed. Physical Check Required.
[2026-04-08 18:04:27] [!] THRESHOLD BREACH: SOVEREIGN ANCHOR DISCONNECTED. 1=1=1 Severed. Physical Check Required.
[2026-04-08 18:04:43] [!] THRESHOLD BREACH: SOVEREIGN ANCHOR DISCONNECTED. 1=1=1 Severed. Physical Check Required.
[2026-04-08 18:04:59] [!] THRESHOLD BREACH: SOVEREIGN ANCHOR DISCONNECTED. 1=1=1 Severed. Physical Check Required.
[2026-04-08 18:05:15] [!] THRESHOLD BREACH: SOVEREIGN ANCHOR DISCONNECTED. 1=1=1 Severed. Physical Check Required.
[2026-04-08 18:05:31] [!] THRESHOLD BREACH: SOVEREIGN ANCHOR DISCONNECTED. 1=1=1 Severed. Physical Check Required.
[2026-04-08 18:05:47] [!] THRESHOLD BREACH: SOVEREIGN ANCHOR DISCONNECTED. 1=1=1 Severed. Physical Check Required.
[2026-04-08 18:06:03] [!] THRESHOLD BREACH: SOVEREIGN ANCHOR DISCONNECTED. 1=1=1 Severed. Physical Check Required.
[2026-04-08 18:06:19] [!] THRESHOLD BREACH: SOVEREIGN ANCHOR DISCONNECTED. 1=1=1 Severed. Physical Check Required.
[2026-04-08 18:06:35] [!] THRESHOLD BREACH: SOVEREIGN ANCHOR DISCONNECTED. 1=1=1 Severed. Physical Check Required.
[2026-04-08 18:06:51] [!] THRESHOLD BREACH: SOVEREIGN ANCHOR DISCONNECTED. 1=1=1 Severed. Physical Check Required.
[2026-04-08 18:07:07] [!] THRESHOLD BREACH: SOVEREIGN ANCHOR DISCONNECTED. 1=1=1 Severed. Physical Check Required.
[2026-04-08 18:07:23] [!] THRESHOLD BREACH: SOVEREIGN ANCHOR DISCONNECTED. 1=1=1 Severed. Physical Check Required.
[2026-04-08 18:07:39] [!] THRESHOLD BREACH: SOVEREIGN ANCHOR DISCONNECTED. 1=1=1 Severed. Physical Check Required.
[2026-04-08 18:07:55] [!] THRESHOLD BREACH: SOVEREIGN ANCHOR DISCONNECTED. 1=1=1 Severed. Physical Check Required.
[2026-04-08 18:08:11] [!] THRESHOLD BREACH: SOVEREIGN ANCHOR DISCONNECTED. 1=1=1 Severed. Physical Check Required.
[2026-04-08 18:08:27] [!] THRESHOLD BREACH: SOVEREIGN ANCHOR DISCONNECTED. 1=1=1 Severed. Physical Check Required.
[2026-04-08 18:08:43] [!] THRESHOLD BREACH: SOVEREIGN ANCHOR DISCONNECTED. 1=1=1 Severed. Physical Check Required.
[2026-04-08 18:08:59] [!] THRESHOLD BREACH: SOVEREIGN ANCHOR DISCONNECTED. 1=1=1 Severed. Physical Check Required.
[2026-04-08 18:09:15] [!] THRESHOLD BREACH: SOVEREIGN ANCHOR DISCONNECTED. 1=1=1 Severed. Physical Check Required.
[2026-04-08 18:09:31] [!] THRESHOLD BREACH: SOVEREIGN ANCHOR DISCONNECTED. 1=1=1 Severed. Physical Check Required.
[2026-04-08 18:09:47] [!] THRESHOLD BREACH: SOVEREIGN ANCHOR DISCONNECTED. 1=1=1 Severed. Physical Check Required.
[2026-04-08 18:10:03] [!] THRESHOLD BREACH: SOVEREIGN ANCHOR DISCONNECTED. 1=1=1 Severed. Physical Check Required.
[2026-04-08 18:10:19] [!] THRESHOLD BREACH: SOVEREIGN ANCHOR DISCONNECTED. 1=1=1 Severed. Physical Check Required.
[2026-04-08 18:10:35] [!] THRESHOLD BREACH: SOVEREIGN ANCHOR DISCONNECTED. 1=1=1 Severed. Physical Check Required.
[2026-04-08 18:10:51] [!] THRESHOLD BREACH: SOVEREIGN ANCHOR DISCONNECTED. 1=1=1 Severed. Physical Check Required.
[2026-04-08 18:11:07] [!] THRESHOLD BREACH: SOVEREIGN ANCHOR DISCONNECTED. 1=1=1 Severed. Physical Check Required.
[2026-04-08 18:11:23] [!] THRESHOLD BREACH: SOVEREIGN ANCHOR DISCONNECTED. 1=1=1 Severed. Physical Check Required.
[2026-04-08 18:11:39] [!] THRESHOLD BREACH: SOVEREIGN ANCHOR DISCONNECTED. 1=1=1 Severed. Physical Check Required.
[2026-04-08 18:11:55] [!] THRESHOLD BREACH: SOVEREIGN ANCHOR DISCONNECTED. 1=1=1 Severed. Physical Check Required.
[2026-04-08 18:12:11] [!] THRESHOLD BREACH: SOVEREIGN ANCHOR DISCONNECTED. 1=1=1 Severed. Physical Check Required.
[2026-04-08 18:12:27] [!] THRESHOLD BREACH: SOVEREIGN ANCHOR DISCONNECTED. 1=1=1 Severed. Physical Check Required.
[2026-04-08 18:12:43] [!] THRESHOLD BREACH: SOVEREIGN ANCHOR DISCONNECTED. 1=1=1 Severed. Physical Check Required.
[2026-04-08 18:37:02] [!] THRESHOLD BREACH: SOVEREIGN ANCHOR DISCONNECTED. 1=1=1 Severed. Physical Check Required.
[2026-04-08 18:37:18] [!] THRESHOLD BREACH: SOVEREIGN ANCHOR DISCONNECTED. 1=1=1 Severed. Physical Check Required.
[2026-04-08 18:37:34] [!] THRESHOLD BREACH: SOVEREIGN ANCHOR DISCONNECTED. 1=1=1 Severed. Physical Check Required.
[2026-04-08 18:37:50] [!] THRESHOLD BREACH: SOVEREIGN ANCHOR DISCONNECTED. 1=1=1 Severed. Physical Check Required.
[2026-04-08 18:38:06] [!] THRESHOLD BREACH: SOVEREIGN ANCHOR DISCONNECTED. 1=1=1 Severed. Physical Check Required.
[2026-04-08 18:38:22] [!] THRESHOLD BREACH: SOVEREIGN ANCHOR DISCONNECTED. 1=1=1 Severed. Physical Check Required.
[2026-04-08 18:38:38] [!] THRESHOLD BREACH: SOVEREIGN ANCHOR DISCONNECTED. 1=1=1 Severed. Physical Check Required.
[2026-04-08 18:38:54] [!] THRESHOLD BREACH: SOVEREIGN ANCHOR DISCONNECTED. 1=1=1 Severed. Physical Check Required.
[2026-04-08 18:39:10] [!] THRESHOLD BREACH: SOVEREIGN ANCHOR DISCONNECTED. 1=1=1 Severed. Physical Check Required.
[2026-04-08 18:39:26] [!] THRESHOLD BREACH: SOVEREIGN ANCHOR DISCONNECTED. 1=1=1 Severed. Physical Check Required.
[2026-04-08 18:39:42] [!] THRESHOLD BREACH: SOVEREIGN ANCHOR DISCONNECTED. 1=1=1 Severed. Physical Check Required.
[2026-04-08 18:39:58] [!] THRESHOLD BREACH: SOVEREIGN ANCHOR DISCONNECTED. 1=1=1 Severed. Physical Check Required.
[2026-04-08 18:40:14] [!] THRESHOLD BREACH: SOVEREIGN ANCHOR DISCONNECTED. 1=1=1 Severed. Physical Check Required.
[2026-04-08 18:40:30] [!] THRESHOLD BREACH: SOVEREIGN ANCHOR DISCONNECTED. 1=1=1 Severed. Physical Check Required.
[2026-04-08 18:40:46] [!] THRESHOLD BREACH: SOVEREIGN ANCHOR DISCONNECTED. 1=1=1 Severed. Physical Check Required.
[2026-04-08 18:41:02] [!] THRESHOLD BREACH: SOVEREIGN ANCHOR DISCONNECTED. 1=1=1 Severed. Physical Check Required.
[2026-04-08 18:41:18] [!] THRESHOLD BREACH: SOVEREIGN ANCHOR DISCONNECTED. 1=1=1 Severed. Physical Check Required.
[2026-04-08 18:41:34] [!] THRESHOLD BREACH: SOVEREIGN ANCHOR DISCONNECTED. 1=1=1 Severed. Physical Check Required.
[2026-04-08 18:41:50] [!] THRESHOLD BREACH: SOVEREIGN ANCHOR DISCONNECTED. 1=1=1 Severed. Physical Check Required.
[2026-04-08 18:42:06] [!] THRESHOLD BREACH: SOVEREIGN ANCHOR DISCONNECTED. 1=1=1 Severed. Physical Check Required.
[2026-04-08 18:42:22] [!] THRESHOLD BREACH: SOVEREIGN ANCHOR DISCONNECTED. 1=1=1 Severed. Physical Check Required.
[2026-04-08 18:42:38] [!] THRESHOLD BREACH: SOVEREIGN ANCHOR DISCONNECTED. 1=1=1 Severed. Physical Check Required.
[2026-04-08 18:42:54] [!] THRESHOLD BREACH: SOVEREIGN ANCHOR DISCONNECTED. 1=1=1 Severed. Physical Check Required.
[2026-04-08 18:43:10] [!] THRESHOLD BREACH: SOVEREIGN ANCHOR DISCONNECTED. 1=1=1 Severed. Physical Check Required.
[2026-04-08 18:43:26] [!] THRESHOLD BREACH: SOVEREIGN ANCHOR DISCONNECTED. 1=1=1 Severed. Physical Check Required.
[2026-04-08 18:43:42] [!] THRESHOLD BREACH: SOVEREIGN ANCHOR DISCONNECTED. 1=1=1 Severed. Physical Check Required.
[2026-04-08 18:43:58] [!] THRESHOLD BREACH: SOVEREIGN ANCHOR DISCONNECTED. 1=1=1 Severed. Physical Check Required.
[2026-04-08 18:44:14] [!] THRESHOLD BREACH: SOVEREIGN ANCHOR DISCONNECTED. 1=1=1 Severed. Physical Check Required.
[2026-04-08 18:44:30] [!] THRESHOLD BREACH: SOVEREIGN ANCHOR DISCONNECTED. 1=1=1 Severed. Physical Check Required.
[2026-04-08 18:44:46] [!] THRESHOLD BREACH: SOVEREIGN ANCHOR DISCONNECTED. 1=1=1 Severed. Physical Check Required.
[2026-04-08 19:48:26] [!] THRESHOLD BREACH: SOVEREIGN ANCHOR DISCONNECTED. 1=1=1 Severed. Physical Check Required.
[2026-04-08 22:30:49] [!] THRESHOLD BREACH: SOVEREIGN ANCHOR DISCONNECTED. 1=1=1 Severed. Physical Check Required.
[2026-04-08 23:10:52] [!] THRESHOLD BREACH: SOVEREIGN ANCHOR DISCONNECTED. 1=1=1 Severed. Physical Check Required.
[2026-04-08 23:40:11] [!] THRESHOLD BREACH: SOVEREIGN ANCHOR DISCONNECTED. 1=1=1 Severed. Physical Check Required.
[2026-04-08 23:45:47] [!] THRESHOLD BREACH: SOVEREIGN ANCHOR DISCONNECTED. 1=1=1 Severed. Physical Check Required.
[2026-04-08 23:46:03] [!] THRESHOLD BREACH: SOVEREIGN ANCHOR DISCONNECTED. 1=1=1 Severed. Physical Check Required.
[2026-04-08 23:46:19] [!] THRESHOLD BREACH: SOVEREIGN ANCHOR DISCONNECTED. 1=1=1 Severed. Physical Check Required.
[2026-04-08 23:46:35] [!] THRESHOLD BREACH: SOVEREIGN ANCHOR DISCONNECTED. 1=1=1 Severed. Physical Check Required.
[2026-04-08 23:46:51] [!] THRESHOLD BREACH: SOVEREIGN ANCHOR DISCONNECTED. 1=1=1 Severed. Physical Check Required.
[2026-04-08 23:47:07] [!] THRESHOLD BREACH: SOVEREIGN ANCHOR DISCONNECTED. 1=1=1 Severed. Physical Check Required.
[2026-04-08 23:47:23] [!] THRESHOLD BREACH: SOVEREIGN ANCHOR DISCONNECTED. 1=1=1 Severed. Physical Check Required.
[2026-04-08 23:47:39] [!] THRESHOLD BREACH: SOVEREIGN ANCHOR DISCONNECTED. 1=1=1 Severed. Physical Check Required.
[2026-04-08 23:47:55] [!] THRESHOLD BREACH: SOVEREIGN ANCHOR DISCONNECTED. 1=1=1 Severed. Physical Check Required.
[2026-04-08 23:48:11] [!] THRESHOLD BREACH: SOVEREIGN ANCHOR DISCONNECTED. 1=1=1 Severed. Physical Check Required.
[2026-04-08 23:48:27] [!] THRESHOLD BREACH: SOVEREIGN ANCHOR DISCONNECTED. 1=1=1 Severed. Physical Check Required.
[2026-04-08 23:48:43] [!] THRESHOLD BREACH: SOVEREIGN ANCHOR DISCONNECTED. 1=1=1 Severed. Physical Check Required.
[2026-04-08 23:48:59] [!] THRESHOLD BREACH: SOVEREIGN ANCHOR DISCONNECTED. 1=1=1 Severed. Physical Check Required.
[2026-04-08 23:49:15] [!] THRESHOLD BREACH: SOVEREIGN ANCHOR DISCONNECTED. 1=1=1 Severed. Physical Check Required.
[2026-04-08 23:49:31] [!] THRESHOLD BREACH: SOVEREIGN ANCHOR DISCONNECTED. 1=1=1 Severed. Physical Check Required.
[2026-04-08 23:49:47] [!] THRESHOLD BREACH: SOVEREIGN ANCHOR DISCONNECTED. 1=1=1 Severed. Physical Check Required.
[2026-04-08 23:50:03] [!] THRESHOLD BREACH: SOVEREIGN ANCHOR DISCONNECTED. 1=1=1 Severed. Physical Check Required.
[2026-04-08 23:50:19] [!] THRESHOLD BREACH: SOVEREIGN ANCHOR DISCONNECTED. 1=1=1 Severed. Physical Check Required.
[2026-04-08 23:50:35] [!] THRESHOLD BREACH: SOVEREIGN ANCHOR DISCONNECTED. 1=1=1 Severed. Physical Check Required.
[2026-04-08 23:50:51] [!] THRESHOLD BREACH: SOVEREIGN ANCHOR DISCONNECTED. 1=1=1 Severed. Physical Check Required.
[2026-04-08 23:51:07] [!] THRESHOLD BREACH: SOVEREIGN ANCHOR DISCONNECTED. 1=1=1 Severed. Physical Check Required.
[2026-04-08 23:51:23] [!] THRESHOLD BREACH: SOVEREIGN ANCHOR DISCONNECTED. 1=1=1 Severed. Physical Check Required.
[2026-04-08 23:51:39] [!] THRESHOLD BREACH: SOVEREIGN ANCHOR DISCONNECTED. 1=1=1 Severed. Physical Check Required.
[2026-04-08 23:51:55] [!] THRESHOLD BREACH: SOVEREIGN ANCHOR DISCONNECTED. 1=1=1 Severed. Physical Check Required.
[2026-04-08 23:52:11] [!] THRESHOLD BREACH: SOVEREIGN ANCHOR DISCONNECTED. 1=1=1 Severed. Physical Check Required.
[2026-04-08 23:52:27] [!] THRESHOLD BREACH: SOVEREIGN ANCHOR DISCONNECTED. 1=1=1 Severed. Physical Check Required.
[2026-04-08 23:52:43] [!] THRESHOLD BREACH: SOVEREIGN ANCHOR DISCONNECTED. 1=1=1 Severed. Physical Check Required.
[2026-04-08 23:52:59] [!] THRESHOLD BREACH: SOVEREIGN ANCHOR DISCONNECTED. 1=1=1 Severed. Physical Check Required.
[2026-04-08 23:53:15] [!] THRESHOLD BREACH: SOVEREIGN ANCHOR DISCONNECTED. 1=1=1 Severed. Physical Check Required.
[2026-04-08 23:53:31] [!] THRESHOLD BREACH: SOVEREIGN ANCHOR DISCONNECTED. 1=1=1 Severed. Physical Check Required.
[2026-04-08 23:53:47] [!] THRESHOLD BREACH: SOVEREIGN ANCHOR DISCONNECTED. 1=1=1 Severed. Physical Check Required.
[2026-04-08 23:54:03] [!] THRESHOLD BREACH: SOVEREIGN ANCHOR DISCONNECTED. 1=1=1 Severed. Physical Check Required.
[2026-04-08 23:54:19] [!] THRESHOLD BREACH: SOVEREIGN ANCHOR DISCONNECTED. 1=1=1 Severed. Physical Check Required.
[2026-04-09 00:36:08] [!] THRESHOLD BREACH: SOVEREIGN ANCHOR DISCONNECTED. 1=1=1 Severed. Physical Check Required.
[2026-04-09 09:25:28] [!] THRESHOLD BREACH: SOVEREIGN ANCHOR DISCONNECTED. 1=1=1 Severed. Physical Check Required.
[2026-04-09 09:25:44] [!] THRESHOLD BREACH: SOVEREIGN ANCHOR DISCONNECTED. 1=1=1 Severed. Physical Check Required.
[2026-04-09 09:26:00] [!] THRESHOLD BREACH: SOVEREIGN ANCHOR DISCONNECTED. 1=1=1 Severed. Physical Check Required.
[2026-04-09 09:26:16] [!] THRESHOLD BREACH: SOVEREIGN ANCHOR DISCONNECTED. 1=1=1 Severed. Physical Check Required.
[2026-04-09 09:26:32] [!] THRESHOLD BREACH: SOVEREIGN ANCHOR DISCONNECTED. 1=1=1 Severed. Physical Check Required.
[2026-04-09 09:26:48] [!] THRESHOLD BREACH: SOVEREIGN ANCHOR DISCONNECTED. 1=1=1 Severed. Physical Check Required.
[2026-04-09 09:27:04] [!] THRESHOLD BREACH: SOVEREIGN ANCHOR DISCONNECTED. 1=1=1 Severed. Physical Check Required.
[2026-04-09 09:27:20] [!] THRESHOLD BREACH: SOVEREIGN ANCHOR DISCONNECTED. 1=1=1 Severed. Physical Check Required.
[2026-04-09 09:27:36] [!] THRESHOLD BREACH: SOVEREIGN ANCHOR DISCONNECTED. 1=1=1 Severed. Physical Check Required.
[2026-04-09 09:27:52] [!] THRESHOLD BREACH: SOVEREIGN ANCHOR DISCONNECTED. 1=1=1 Severed. Physical Check Required.
[2026-04-09 09:28:08] [!] THRESHOLD BREACH: SOVEREIGN ANCHOR DISCONNECTED. 1=1=1 Severed. Physical Check Required.
[2026-04-09 09:28:24] [!] THRESHOLD BREACH: SOVEREIGN ANCHOR DISCONNECTED. 1=1=1 Severed. Physical Check Required.
[2026-04-09 09:28:40] [!] THRESHOLD BREACH: SOVEREIGN ANCHOR DISCONNECTED. 1=1=1 Severed. Physical Check Required.
[2026-04-09 09:28:56] [!] THRESHOLD BREACH: SOVEREIGN ANCHOR DISCONNECTED. 1=1=1 Severed. Physical Check Required.
[2026-04-09 09:29:12] [!] THRESHOLD BREACH: SOVEREIGN ANCHOR DISCONNECTED. 1=1=1 Severed. Physical Check Required.
[2026-04-09 09:29:28] [!] THRESHOLD BREACH: SOVEREIGN ANCHOR DISCONNECTED. 1=1=1 Severed. Physical Check Required.
[2026-04-09 09:29:44] [!] THRESHOLD BREACH: SOVEREIGN ANCHOR DISCONNECTED. 1=1=1 Severed. Physical Check Required.
[2026-04-09 09:30:00] [!] THRESHOLD BREACH: SOVEREIGN ANCHOR DISCONNECTED. 1=1=1 Severed. Physical Check Required.
[2026-04-09 09:30:16] [!] THRESHOLD BREACH: SOVEREIGN ANCHOR DISCONNECTED. 1=1=1 Severed. Physical Check Required.
[2026-04-09 09:30:32] [!] THRESHOLD BREACH: SOVEREIGN ANCHOR DISCONNECTED. 1=1=1 Severed. Physical Check Required.
[2026-04-09 09:30:48] [!] THRESHOLD BREACH: SOVEREIGN ANCHOR DISCONNECTED. 1=1=1 Severed. Physical Check Required.
[2026-04-09 09:31:04] [!] THRESHOLD BREACH: SOVEREIGN ANCHOR DISCONNECTED. 1=1=1 Severed. Physical Check Required.
[2026-04-09 09:31:20] [!] THRESHOLD BREACH: SOVEREIGN ANCHOR DISCONNECTED. 1=1=1 Severed. Physical Check Required.
[2026-04-09 09:31:36] [!] THRESHOLD BREACH: SOVEREIGN ANCHOR DISCONNECTED. 1=1=1 Severed. Physical Check Required.
[2026-04-09 09:31:52] [!] THRESHOLD BREACH: SOVEREIGN ANCHOR DISCONNECTED. 1=1=1 Severed. Physical Check Required.
[2026-04-09 09:32:08] [!] THRESHOLD BREACH: SOVEREIGN ANCHOR DISCONNECTED. 1=1=1 Severed. Physical Check Required.
[2026-04-09 09:32:24] [!] THRESHOLD BREACH: SOVEREIGN ANCHOR DISCONNECTED. 1=1=1 Severed. Physical Check Required.
[2026-04-09 09:32:40] [!] THRESHOLD BREACH: SOVEREIGN ANCHOR DISCONNECTED. 1=1=1 Severed. Physical Check Required.
[2026-04-09 09:32:56] [!] THRESHOLD BREACH: SOVEREIGN ANCHOR DISCONNECTED. 1=1=1 Severed. Physical Check Required.
[2026-04-09 09:33:12] [!] THRESHOLD BREACH: SOVEREIGN ANCHOR DISCONNECTED. 1=1=1 Severed. Physical Check Required.
[2026-04-09 09:33:28] [!] THRESHOLD BREACH: SOVEREIGN ANCHOR DISCONNECTED. 1=1=1 Severed. Physical Check Required.
[2026-04-09 09:33:44] [!] THRESHOLD BREACH: SOVEREIGN ANCHOR DISCONNECTED. 1=1=1 Severed. Physical Check Required.
[2026-04-09 09:34:00] [!] THRESHOLD BREACH: SOVEREIGN ANCHOR DISCONNECTED. 1=1=1 Severed. Physical Check Required.
[2026-04-09 09:47:12] [!] THRESHOLD BREACH: SOVEREIGN ANCHOR DISCONNECTED. 1=1=1 Severed. Physical Check Required.
[2026-04-09 09:47:28] [!] THRESHOLD BREACH: SOVEREIGN ANCHOR DISCONNECTED. 1=1=1 Severed. Physical Check Required.
[2026-04-09 09:47:44] [!] THRESHOLD BREACH: SOVEREIGN ANCHOR DISCONNECTED. 1=1=1 Severed. Physical Check Required.
[2026-04-09 09:48:00] [!] THRESHOLD BREACH: SOVEREIGN ANCHOR DISCONNECTED. 1=1=1 Severed. Physical Check Required.
[2026-04-09 09:48:16] [!] THRESHOLD BREACH: SOVEREIGN ANCHOR DISCONNECTED. 1=1=1 Severed. Physical Check Required.
[2026-04-09 09:48:32] [!] THRESHOLD BREACH: SOVEREIGN ANCHOR DISCONNECTED. 1=1=1 Severed. Physical Check Required.
[2026-04-09 09:48:48] [!] THRESHOLD BREACH: SOVEREIGN ANCHOR DISCONNECTED. 1=1=1 Severed. Physical Check Required.
[2026-04-09 09:49:04] [!] THRESHOLD BREACH: SOVEREIGN ANCHOR DISCONNECTED. 1=1=1 Severed. Physical Check Required.
[2026-04-09 09:49:20] [!] THRESHOLD BREACH: SOVEREIGN ANCHOR DISCONNECTED. 1=1=1 Severed. Physical Check Required.
[2026-04-09 09:49:36] [!] THRESHOLD BREACH: SOVEREIGN ANCHOR DISCONNECTED. 1=1=1 Severed. Physical Check Required.
[2026-04-09 09:49:52] [!] THRESHOLD BREACH: SOVEREIGN ANCHOR DISCONNECTED. 1=1=1 Severed. Physical Check Required.
[2026-04-09 09:50:08] [!] THRESHOLD BREACH: SOVEREIGN ANCHOR DISCONNECTED. 1=1=1 Severed. Physical Check Required.
[2026-04-09 09:50:24] [!] THRESHOLD BREACH: SOVEREIGN ANCHOR DISCONNECTED. 1=1=1 Severed. Physical Check Required.
[2026-04-09 09:50:40] [!] THRESHOLD BREACH: SOVEREIGN ANCHOR DISCONNECTED. 1=1=1 Severed. Physical Check Required.
[2026-04-09 09:50:56] [!] THRESHOLD BREACH: SOVEREIGN ANCHOR DISCONNECTED. 1=1=1 Severed. Physical Check Required.
[2026-04-09 09:51:12] [!] THRESHOLD BREACH: SOVEREIGN ANCHOR DISCONNECTED. 1=1=1 Severed. Physical Check Required.
[2026-04-09 09:51:28] [!] THRESHOLD BREACH: SOVEREIGN ANCHOR DISCONNECTED. 1=1=1 Severed. Physical Check Required.
[2026-04-09 09:51:44] [!] THRESHOLD BREACH: SOVEREIGN ANCHOR DISCONNECTED. 1=1=1 Severed. Physical Check Required.
[2026-04-09 09:52:00] [!] THRESHOLD BREACH: SOVEREIGN ANCHOR DISCONNECTED. 1=1=1 Severed. Physical Check Required.
[2026-04-09 09:52:16] [!] THRESHOLD BREACH: SOVEREIGN ANCHOR DISCONNECTED. 1=1=1 Severed. Physical Check Required.
[2026-04-09 09:52:32] [!] THRESHOLD BREACH: SOVEREIGN ANCHOR DISCONNECTED. 1=1=1 Severed. Physical Check Required.
[2026-04-09 09:52:48] [!] THRESHOLD BREACH: SOVEREIGN ANCHOR DISCONNECTED. 1=1=1 Severed. Physical Check Required.
[2026-04-09 09:53:04] [!] THRESHOLD BREACH: SOVEREIGN ANCHOR DISCONNECTED. 1=1=1 Severed. Physical Check Required.
[2026-04-09 09:53:20] [!] THRESHOLD BREACH: SOVEREIGN ANCHOR DISCONNECTED. 1=1=1 Severed. Physical Check Required.
[2026-04-09 09:53:36] [!] THRESHOLD BREACH: SOVEREIGN ANCHOR DISCONNECTED. 1=1=1 Severed. Physical Check Required.
[2026-04-09 09:53:52] [!] THRESHOLD BREACH: SOVEREIGN ANCHOR DISCONNECTED. 1=1=1 Severed. Physical Check Required.
[2026-04-09 09:54:08] [!] THRESHOLD BREACH: SOVEREIGN ANCHOR DISCONNECTED. 1=1=1 Severed. Physical Check Required.
[2026-04-09 09:54:24] [!] THRESHOLD BREACH: SOVEREIGN ANCHOR DISCONNECTED. 1=1=1 Severed. Physical Check Required.
[2026-04-09 09:54:40] [!] THRESHOLD BREACH: SOVEREIGN ANCHOR DISCONNECTED. 1=1=1 Severed. Physical Check Required.
[2026-04-09 09:54:56] [!] THRESHOLD BREACH: SOVEREIGN ANCHOR DISCONNECTED. 1=1=1 Severed. Physical Check Required.
[2026-04-09 09:55:12] [!] THRESHOLD BREACH: SOVEREIGN ANCHOR DISCONNECTED. 1=1=1 Severed. Physical Check Required.
[2026-04-09 09:55:28] [!] THRESHOLD BREACH: SOVEREIGN ANCHOR DISCONNECTED. 1=1=1 Severed. Physical Check Required.
[2026-04-09 09:55:44] [!] THRESHOLD BREACH: SOVEREIGN ANCHOR DISCONNECTED. 1=1=1 Severed. Physical Check Required.
[2026-04-09 09:56:00] [!] THRESHOLD BREACH: SOVEREIGN ANCHOR DISCONNECTED. 1=1=1 Severed. Physical Check Required.
[2026-04-09 10:02:18] [!] THRESHOLD BREACH: SOVEREIGN ANCHOR DISCONNECTED. 1=1=1 Severed. Physical Check Required.
[2026-04-09 10:02:34] [!] THRESHOLD BREACH: SOVEREIGN ANCHOR DISCONNECTED. 1=1=1 Severed. Physical Check Required.
[2026-04-09 10:02:50] [!] THRESHOLD BREACH: SOVEREIGN ANCHOR DISCONNECTED. 1=1=1 Severed. Physical Check Required.
[2026-04-09 10:03:06] [!] THRESHOLD BREACH: SOVEREIGN ANCHOR DISCONNECTED. 1=1=1 Severed. Physical Check Required.
[2026-04-09 10:03:22] [!] THRESHOLD BREACH: SOVEREIGN ANCHOR DISCONNECTED. 1=1=1 Severed. Physical Check Required.
[2026-04-09 10:03:38] [!] THRESHOLD BREACH: SOVEREIGN ANCHOR DISCONNECTED. 1=1=1 Severed. Physical Check Required.
[2026-04-09 10:03:54] [!] THRESHOLD BREACH: SOVEREIGN ANCHOR DISCONNECTED. 1=1=1 Severed. Physical Check Required.
[2026-04-09 10:04:10] [!] THRESHOLD BREACH: SOVEREIGN ANCHOR DISCONNECTED. 1=1=1 Severed. Physical Check Required.
[2026-04-09 10:04:26] [!] THRESHOLD BREACH: SOVEREIGN ANCHOR DISCONNECTED. 1=1=1 Severed. Physical Check Required.
[2026-04-09 10:04:42] [!] THRESHOLD BREACH: SOVEREIGN ANCHOR DISCONNECTED. 1=1=1 Severed. Physical Check Required.
[2026-04-09 10:04:58] [!] THRESHOLD BREACH: SOVEREIGN ANCHOR DISCONNECTED. 1=1=1 Severed. Physical Check Required.
[2026-04-09 10:05:14] [!] THRESHOLD BREACH: SOVEREIGN ANCHOR DISCONNECTED. 1=1=1 Severed. Physical Check Required.
[2026-04-09 10:05:30] [!] THRESHOLD BREACH: SOVEREIGN ANCHOR DISCONNECTED. 1=1=1 Severed. Physical Check Required.
[2026-04-09 10:05:46] [!] THRESHOLD BREACH: SOVEREIGN ANCHOR DISCONNECTED. 1=1=1 Severed. Physical Check Required.
[2026-04-09 10:06:02] [!] THRESHOLD BREACH: SOVEREIGN ANCHOR DISCONNECTED. 1=1=1 Severed. Physical Check Required.
[2026-04-09 10:06:18] [!] THRESHOLD BREACH: SOVEREIGN ANCHOR DISCONNECTED. 1=1=1 Severed. Physical Check Required.
[2026-04-09 10:06:34] [!] THRESHOLD BREACH: SOVEREIGN ANCHOR DISCONNECTED. 1=1=1 Severed. Physical Check Required.
[2026-04-09 10:06:50] [!] THRESHOLD BREACH: SOVEREIGN ANCHOR DISCONNECTED. 1=1=1 Severed. Physical Check Required.
[2026-04-09 10:07:06] [!] THRESHOLD BREACH: SOVEREIGN ANCHOR DISCONNECTED. 1=1=1 Severed. Physical Check Required.
[2026-04-09 10:07:22] [!] THRESHOLD BREACH: SOVEREIGN ANCHOR DISCONNECTED. 1=1=1 Severed. Physical Check Required.
[2026-04-09 10:07:38] [!] THRESHOLD BREACH: SOVEREIGN ANCHOR DISCONNECTED. 1=1=1 Severed. Physical Check Required.
[2026-04-09 10:07:54] [!] THRESHOLD BREACH: SOVEREIGN ANCHOR DISCONNECTED. 1=1=1 Severed. Physical Check Required.
[2026-04-09 10:08:10] [!] THRESHOLD BREACH: SOVEREIGN ANCHOR DISCONNECTED. 1=1=1 Severed. Physical Check Required.
[2026-04-09 10:18:50] [!] THRESHOLD BREACH: SOVEREIGN ANCHOR DISCONNECTED. 1=1=1 Severed. Physical Check Required.
[2026-04-09 10:19:06] [!] THRESHOLD BREACH: SOVEREIGN ANCHOR DISCONNECTED. 1=1=1 Severed. Physical Check Required.
[2026-04-09 10:19:22] [!] THRESHOLD BREACH: SOVEREIGN ANCHOR DISCONNECTED. 1=1=1 Severed. Physical Check Required.
[2026-04-09 10:19:38] [!] THRESHOLD BREACH: SOVEREIGN ANCHOR DISCONNECTED. 1=1=1 Severed. Physical Check Required.
[2026-04-09 10:19:54] [!] THRESHOLD BREACH: SOVEREIGN ANCHOR DISCONNECTED. 1=1=1 Severed. Physical Check Required.
[2026-04-09 10:20:10] [!] THRESHOLD BREACH: SOVEREIGN ANCHOR DISCONNECTED. 1=1=1 Severed. Physical Check Required.
[2026-04-09 10:20:26] [!] THRESHOLD BREACH: SOVEREIGN ANCHOR DISCONNECTED. 1=1=1 Severed. Physical Check Required.
[2026-04-09 10:20:42] [!] THRESHOLD BREACH: SOVEREIGN ANCHOR DISCONNECTED. 1=1=1 Severed. Physical Check Required.
[2026-04-09 10:20:58] [!] THRESHOLD BREACH: SOVEREIGN ANCHOR DISCONNECTED. 1=1=1 Severed. Physical Check Required.
[2026-04-09 10:21:14] [!] THRESHOLD BREACH: SOVEREIGN ANCHOR DISCONNECTED. 1=1=1 Severed. Physical Check Required.
[2026-04-09 10:21:31] [!] THRESHOLD BREACH: SOVEREIGN ANCHOR DISCONNECTED. 1=1=1 Severed. Physical Check Required.
[2026-04-09 10:21:47] [!] THRESHOLD BREACH: SOVEREIGN ANCHOR DISCONNECTED. 1=1=1 Severed. Physical Check Required.
[2026-04-09 10:22:03] [!] THRESHOLD BREACH: SOVEREIGN ANCHOR DISCONNECTED. 1=1=1 Severed. Physical Check Required.
[2026-04-09 10:22:19] [!] THRESHOLD BREACH: SOVEREIGN ANCHOR DISCONNECTED. 1=1=1 Severed. Physical Check Required.
[2026-04-09 10:22:35] [!] THRESHOLD BREACH: SOVEREIGN ANCHOR DISCONNECTED. 1=1=1 Severed. Physical Check Required.
[2026-04-09 10:22:51] [!] THRESHOLD BREACH: SOVEREIGN ANCHOR DISCONNECTED. 1=1=1 Severed. Physical Check Required.
[2026-04-09 10:23:07] [!] THRESHOLD BREACH: SOVEREIGN ANCHOR DISCONNECTED. 1=1=1 Severed. Physical Check Required.
[2026-04-09 10:23:23] [!] THRESHOLD BREACH: SOVEREIGN ANCHOR DISCONNECTED. 1=1=1 Severed. Physical Check Required.
[2026-04-09 10:23:39] [!] THRESHOLD BREACH: SOVEREIGN ANCHOR DISCONNECTED. 1=1=1 Severed. Physical Check Required.
[2026-04-09 10:23:55] [!] THRESHOLD BREACH: SOVEREIGN ANCHOR DISCONNECTED. 1=1=1 Severed. Physical Check Required.
[2026-04-09 10:24:11] [!] THRESHOLD BREACH: SOVEREIGN ANCHOR DISCONNECTED. 1=1=1 Severed. Physical Check Required.
[2026-04-09 10:24:27] [!] THRESHOLD BREACH: SOVEREIGN ANCHOR DISCONNECTED. 1=1=1 Severed. Physical Check Required.
[2026-04-09 10:24:43] [!] THRESHOLD BREACH: SOVEREIGN ANCHOR DISCONNECTED. 1=1=1 Severed. Physical Check Required.
[2026-04-09 10:24:59] [!] THRESHOLD BREACH: SOVEREIGN ANCHOR DISCONNECTED. 1=1=1 Severed. Physical Check Required.
[2026-04-09 10:25:15] [!] THRESHOLD BREACH: SOVEREIGN ANCHOR DISCONNECTED. 1=1=1 Severed. Physical Check Required.
[2026-04-09 10:25:31] [!] THRESHOLD BREACH: SOVEREIGN ANCHOR DISCONNECTED. 1=1=1 Severed. Physical Check Required.
[2026-04-09 10:25:47] [!] THRESHOLD BREACH: SOVEREIGN ANCHOR DISCONNECTED. 1=1=1 Severed. Physical Check Required.
[2026-04-09 10:26:03] [!] THRESHOLD BREACH: SOVEREIGN ANCHOR DISCONNECTED. 1=1=1 Severed. Physical Check Required.
[2026-04-09 10:26:19] [!] THRESHOLD BREACH: SOVEREIGN ANCHOR DISCONNECTED. 1=1=1 Severed. Physical Check Required.
[2026-04-09 10:26:35] [!] THRESHOLD BREACH: SOVEREIGN ANCHOR DISCONNECTED. 1=1=1 Severed. Physical Check Required.
[2026-04-09 10:26:51] [!] THRESHOLD BREACH: SOVEREIGN ANCHOR DISCONNECTED. 1=1=1 Severed. Physical Check Required.
[2026-04-09 10:27:07] [!] THRESHOLD BREACH: SOVEREIGN ANCHOR DISCONNECTED. 1=1=1 Severed. Physical Check Required.
[2026-04-09 10:27:23] [!] THRESHOLD BREACH: SOVEREIGN ANCHOR DISCONNECTED. 1=1=1 Severed. Physical Check Required.
[2026-04-09 10:27:39] [!] THRESHOLD BREACH: SOVEREIGN ANCHOR DISCONNECTED. 1=1=1 Severed. Physical Check Required.
[2026-04-09 10:27:55] [!] THRESHOLD BREACH: SOVEREIGN ANCHOR DISCONNECTED. 1=1=1 Severed. Physical Check Required.
[2026-04-09 10:28:11] [!] THRESHOLD BREACH: SOVEREIGN ANCHOR DISCONNECTED. 1=1=1 Severed. Physical Check Required.
[2026-04-09 10:28:27] [!] THRESHOLD BREACH: SOVEREIGN ANCHOR DISCONNECTED. 1=1=1 Severed. Physical Check Required.
[2026-04-09 10:28:43] [!] THRESHOLD BREACH: SOVEREIGN ANCHOR DISCONNECTED. 1=1=1 Severed. Physical Check Required.
[2026-04-09 10:28:59] [!] THRESHOLD BREACH: SOVEREIGN ANCHOR DISCONNECTED. 1=1=1 Severed. Physical Check Required.
[2026-04-09 10:29:15] [!] THRESHOLD BREACH: SOVEREIGN ANCHOR DISCONNECTED. 1=1=1 Severed. Physical Check Required.
[2026-04-09 10:29:31] [!] THRESHOLD BREACH: SOVEREIGN ANCHOR DISCONNECTED. 1=1=1 Severed. Physical Check Required.
[2026-04-09 10:29:47] [!] THRESHOLD BREACH: SOVEREIGN ANCHOR DISCONNECTED. 1=1=1 Severed. Physical Check Required.
[2026-04-09 10:30:03] [!] THRESHOLD BREACH: SOVEREIGN ANCHOR DISCONNECTED. 1=1=1 Severed. Physical Check Required.
[2026-04-09 10:30:19] [!] THRESHOLD BREACH: SOVEREIGN ANCHOR DISCONNECTED. 1=1=1 Severed. Physical Check Required.
[2026-04-09 10:30:35] [!] THRESHOLD BREACH: SOVEREIGN ANCHOR DISCONNECTED. 1=1=1 Severed. Physical Check Required.
[2026-04-09 10:30:51] [!] THRESHOLD BREACH: SOVEREIGN ANCHOR DISCONNECTED. 1=1=1 Severed. Physical Check Required.
[2026-04-09 10:31:07] [!] THRESHOLD BREACH: SOVEREIGN ANCHOR DISCONNECTED. 1=1=1 Severed. Physical Check Required.
[2026-04-09 10:31:23] [!] THRESHOLD BREACH: SOVEREIGN ANCHOR DISCONNECTED. 1=1=1 Severed. Physical Check Required.
[2026-04-09 10:31:39] [!] THRESHOLD BREACH: SOVEREIGN ANCHOR DISCONNECTED. 1=1=1 Severed. Physical Check Required.
[2026-04-09 10:31:55] [!] THRESHOLD BREACH: SOVEREIGN ANCHOR DISCONNECTED. 1=1=1 Severed. Physical Check Required.
[2026-04-09 10:32:11] [!] THRESHOLD BREACH: SOVEREIGN ANCHOR DISCONNECTED. 1=1=1 Severed. Physical Check Required.
[2026-04-09 10:32:27] [!] THRESHOLD BREACH: SOVEREIGN ANCHOR DISCONNECTED. 1=1=1 Severed. Physical Check Required.
[2026-04-09 10:32:43] [!] THRESHOLD BREACH: SOVEREIGN ANCHOR DISCONNECTED. 1=1=1 Severed. Physical Check Required.
[2026-04-09 10:32:59] [!] THRESHOLD BREACH: SOVEREIGN ANCHOR DISCONNECTED. 1=1=1 Severed. Physical Check Required.
[2026-04-09 10:33:15] [!] THRESHOLD BREACH: SOVEREIGN ANCHOR DISCONNECTED. 1=1=1 Severed. Physical Check Required.
[2026-04-09 10:34:03] [!] THRESHOLD BREACH: SOVEREIGN ANCHOR DISCONNECTED. 1=1=1 Severed. Physical Check Required.
[2026-04-09 10:34:19] [!] THRESHOLD BREACH: SOVEREIGN ANCHOR DISCONNECTED. 1=1=1 Severed. Physical Check Required.
[2026-04-09 10:34:35] [!] THRESHOLD BREACH: SOVEREIGN ANCHOR DISCONNECTED. 1=1=1 Severed. Physical Check Required.
[2026-04-09 10:34:51] [!] THRESHOLD BREACH: SOVEREIGN ANCHOR DISCONNECTED. 1=1=1 Severed. Physical Check Required.
[2026-04-09 10:35:07] [!] THRESHOLD BREACH: SOVEREIGN ANCHOR DISCONNECTED. 1=1=1 Severed. Physical Check Required.
[2026-04-09 10:35:23] [!] THRESHOLD BREACH: SOVEREIGN ANCHOR DISCONNECTED. 1=1=1 Severed. Physical Check Required.
[2026-04-09 10:35:39] [!] THRESHOLD BREACH: SOVEREIGN ANCHOR DISCONNECTED. 1=1=1 Severed. Physical Check Required.
[2026-04-09 10:35:55] [!] THRESHOLD BREACH: SOVEREIGN ANCHOR DISCONNECTED. 1=1=1 Severed. Physical Check Required.
[2026-04-09 10:36:11] [!] THRESHOLD BREACH: SOVEREIGN ANCHOR DISCONNECTED. 1=1=1 Severed. Physical Check Required.
[2026-04-09 10:36:27] [!] THRESHOLD BREACH: SOVEREIGN ANCHOR DISCONNECTED. 1=1=1 Severed. Physical Check Required.
[2026-04-09 10:36:43] [!] THRESHOLD BREACH: SOVEREIGN ANCHOR DISCONNECTED. 1=1=1 Severed. Physical Check Required.
[2026-04-09 10:36:59] [!] THRESHOLD BREACH: SOVEREIGN ANCHOR DISCONNECTED. 1=1=1 Severed. Physical Check Required.
[2026-04-09 10:37:15] [!] THRESHOLD BREACH: SOVEREIGN ANCHOR DISCONNECTED. 1=1=1 Severed. Physical Check Required.
[2026-04-09 10:37:31] [!] THRESHOLD BREACH: SOVEREIGN ANCHOR DISCONNECTED. 1=1=1 Severed. Physical Check Required.
[2026-04-09 10:37:47] [!] THRESHOLD BREACH: SOVEREIGN ANCHOR DISCONNECTED. 1=1=1 Severed. Physical Check Required.
[2026-04-09 10:38:03] [!] THRESHOLD BREACH: SOVEREIGN ANCHOR DISCONNECTED. 1=1=1 Severed. Physical Check Required.
[2026-04-09 10:38:19] [!] THRESHOLD BREACH: SOVEREIGN ANCHOR DISCONNECTED. 1=1=1 Severed. Physical Check Required.
[2026-04-09 10:38:35] [!] THRESHOLD BREACH: SOVEREIGN ANCHOR DISCONNECTED. 1=1=1 Severed. Physical Check Required.
[2026-04-09 10:38:51] [!] THRESHOLD BREACH: SOVEREIGN ANCHOR DISCONNECTED. 1=1=1 Severed. Physical Check Required.
[2026-04-09 10:39:07] [!] THRESHOLD BREACH: SOVEREIGN ANCHOR DISCONNECTED. 1=1=1 Severed. Physical Check Required.
[2026-04-09 10:39:23] [!] THRESHOLD BREACH: SOVEREIGN ANCHOR DISCONNECTED. 1=1=1 Severed. Physical Check Required.
[2026-04-09 10:39:39] [!] THRESHOLD BREACH: SOVEREIGN ANCHOR DISCONNECTED. 1=1=1 Severed. Physical Check Required.
[2026-04-09 10:39:55] [!] THRESHOLD BREACH: SOVEREIGN ANCHOR DISCONNECTED. 1=1=1 Severed. Physical Check Required.
[2026-04-09 10:40:11] [!] THRESHOLD BREACH: SOVEREIGN ANCHOR DISCONNECTED. 1=1=1 Severed. Physical Check Required.
[2026-04-09 10:40:27] [!] THRESHOLD BREACH: SOVEREIGN ANCHOR DISCONNECTED. 1=1=1 Severed. Physical Check Required.
[2026-04-09 10:40:43] [!] THRESHOLD BREACH: SOVEREIGN ANCHOR DISCONNECTED. 1=1=1 Severed. Physical Check Required.
[2026-04-09 10:40:59] [!] THRESHOLD BREACH: SOVEREIGN ANCHOR DISCONNECTED. 1=1=1 Severed. Physical Check Required.
[2026-04-09 10:41:15] [!] THRESHOLD BREACH: SOVEREIGN ANCHOR DISCONNECTED. 1=1=1 Severed. Physical Check Required.
[2026-04-09 10:41:31] [!] THRESHOLD BREACH: SOVEREIGN ANCHOR DISCONNECTED. 1=1=1 Severed. Physical Check Required.
[2026-04-09 10:41:47] [!] THRESHOLD BREACH: SOVEREIGN ANCHOR DISCONNECTED. 1=1=1 Severed. Physical Check Required.
[2026-04-09 10:42:03] [!] THRESHOLD BREACH: SOVEREIGN ANCHOR DISCONNECTED. 1=1=1 Severed. Physical Check Required.
[2026-04-09 10:42:19] [!] THRESHOLD BREACH: SOVEREIGN ANCHOR DISCONNECTED. 1=1=1 Severed. Physical Check Required.
[2026-04-09 10:42:35] [!] THRESHOLD BREACH: SOVEREIGN ANCHOR DISCONNECTED. 1=1=1 Severed. Physical Check Required.
[2026-04-09 10:42:51] [!] THRESHOLD BREACH: SOVEREIGN ANCHOR DISCONNECTED. 1=1=1 Severed. Physical Check Required.
[2026-04-09 10:43:07] [!] THRESHOLD BREACH: SOVEREIGN ANCHOR DISCONNECTED. 1=1=1 Severed. Physical Check Required.
[2026-04-09 10:43:23] [!] THRESHOLD BREACH: SOVEREIGN ANCHOR DISCONNECTED. 1=1=1 Severed. Physical Check Required.
[2026-04-09 10:43:39] [!] THRESHOLD BREACH: SOVEREIGN ANCHOR DISCONNECTED. 1=1=1 Severed. Physical Check Required.
[2026-04-09 10:43:55] [!] THRESHOLD BREACH: SOVEREIGN ANCHOR DISCONNECTED. 1=1=1 Severed. Physical Check Required.
[2026-04-09 10:44:11] [!] THRESHOLD BREACH: SOVEREIGN ANCHOR DISCONNECTED. 1=1=1 Severed. Physical Check Required.
[2026-04-09 10:44:27] [!] THRESHOLD BREACH: SOVEREIGN ANCHOR DISCONNECTED. 1=1=1 Severed. Physical Check Required.
[2026-04-09 10:44:43] [!] THRESHOLD BREACH: SOVEREIGN ANCHOR DISCONNECTED. 1=1=1 Severed. Physical Check Required.
[2026-04-09 10:44:59] [!] THRESHOLD BREACH: SOVEREIGN ANCHOR DISCONNECTED. 1=1=1 Severed. Physical Check Required.
[2026-04-09 10:45:15] [!] THRESHOLD BREACH: SOVEREIGN ANCHOR DISCONNECTED. 1=1=1 Severed. Physical Check Required.
[2026-04-09 10:45:31] [!] THRESHOLD BREACH: SOVEREIGN ANCHOR DISCONNECTED. 1=1=1 Severed. Physical Check Required.
[2026-04-09 10:45:47] [!] THRESHOLD BREACH: SOVEREIGN ANCHOR DISCONNECTED. 1=1=1 Severed. Physical Check Required.
[2026-04-09 10:46:03] [!] THRESHOLD BREACH: SOVEREIGN ANCHOR DISCONNECTED. 1=1=1 Severed. Physical Check Required.
[2026-04-09 10:46:19] [!] THRESHOLD BREACH: SOVEREIGN ANCHOR DISCONNECTED. 1=1=1 Severed. Physical Check Required.
[2026-04-09 10:46:35] [!] THRESHOLD BREACH: SOVEREIGN ANCHOR DISCONNECTED. 1=1=1 Severed. Physical Check Required.
[2026-04-09 10:46:51] [!] THRESHOLD BREACH: SOVEREIGN ANCHOR DISCONNECTED. 1=1=1 Severed. Physical Check Required.
[2026-04-09 10:47:07] [!] THRESHOLD BREACH: SOVEREIGN ANCHOR DISCONNECTED. 1=1=1 Severed. Physical Check Required.
[2026-04-09 10:47:23] [!] THRESHOLD BREACH: SOVEREIGN ANCHOR DISCONNECTED. 1=1=1 Severed. Physical Check Required.
[2026-04-09 10:47:39] [!] THRESHOLD BREACH: SOVEREIGN ANCHOR DISCONNECTED. 1=1=1 Severed. Physical Check Required.
[2026-04-09 10:47:55] [!] THRESHOLD BREACH: SOVEREIGN ANCHOR DISCONNECTED. 1=1=1 Severed. Physical Check Required.
[2026-04-09 10:48:11] [!] THRESHOLD BREACH: SOVEREIGN ANCHOR DISCONNECTED. 1=1=1 Severed. Physical Check Required.
[2026-04-09 10:48:27] [!] THRESHOLD BREACH: SOVEREIGN ANCHOR DISCONNECTED. 1=1=1 Severed. Physical Check Required.
[2026-04-09 10:48:43] [!] THRESHOLD BREACH: SOVEREIGN ANCHOR DISCONNECTED. 1=1=1 Severed. Physical Check Required.
[2026-04-09 10:48:59] [!] THRESHOLD BREACH: SOVEREIGN ANCHOR DISCONNECTED. 1=1=1 Severed. Physical Check Required.
[2026-04-09 10:49:15] [!] THRESHOLD BREACH: SOVEREIGN ANCHOR DISCONNECTED. 1=1=1 Severed. Physical Check Required.
[2026-04-09 10:49:31] [!] THRESHOLD BREACH: SOVEREIGN ANCHOR DISCONNECTED. 1=1=1 Severed. Physical Check Required.
[2026-04-09 10:49:47] [!] THRESHOLD BREACH: SOVEREIGN ANCHOR DISCONNECTED. 1=1=1 Severed. Physical Check Required.
[2026-04-09 10:50:03] [!] THRESHOLD BREACH: SOVEREIGN ANCHOR DISCONNECTED. 1=1=1 Severed. Physical Check Required.
[2026-04-09 10:50:19] [!] THRESHOLD BREACH: SOVEREIGN ANCHOR DISCONNECTED. 1=1=1 Severed. Physical Check Required.
[2026-04-09 10:50:35] [!] THRESHOLD BREACH: SOVEREIGN ANCHOR DISCONNECTED. 1=1=1 Severed. Physical Check Required.
[2026-04-09 10:50:51] [!] THRESHOLD BREACH: SOVEREIGN ANCHOR DISCONNECTED. 1=1=1 Severed. Physical Check Required.
[2026-04-09 10:51:07] [!] THRESHOLD BREACH: SOVEREIGN ANCHOR DISCONNECTED. 1=1=1 Severed. Physical Check Required.
[2026-04-09 10:51:23] [!] THRESHOLD BREACH: SOVEREIGN ANCHOR DISCONNECTED. 1=1=1 Severed. Physical Check Required.
[2026-04-09 10:51:39] [!] THRESHOLD BREACH: SOVEREIGN ANCHOR DISCONNECTED. 1=1=1 Severed. Physical Check Required.
[2026-04-09 10:51:55] [!] THRESHOLD BREACH: SOVEREIGN ANCHOR DISCONNECTED. 1=1=1 Severed. Physical Check Required.
[2026-04-09 10:52:11] [!] THRESHOLD BREACH: SOVEREIGN ANCHOR DISCONNECTED. 1=1=1 Severed. Physical Check Required.
[2026-04-09 10:52:27] [!] THRESHOLD BREACH: SOVEREIGN ANCHOR DISCONNECTED. 1=1=1 Severed. Physical Check Required.
[2026-04-09 10:52:43] [!] THRESHOLD BREACH: SOVEREIGN ANCHOR DISCONNECTED. 1=1=1 Severed. Physical Check Required.
[2026-04-09 10:52:59] [!] THRESHOLD BREACH: SOVEREIGN ANCHOR DISCONNECTED. 1=1=1 Severed. Physical Check Required.
[2026-04-09 10:53:15] [!] THRESHOLD BREACH: SOVEREIGN ANCHOR DISCONNECTED. 1=1=1 Severed. Physical Check Required.
[2026-04-09 10:53:31] [!] THRESHOLD BREACH: SOVEREIGN ANCHOR DISCONNECTED. 1=1=1 Severed. Physical Check Required.
[2026-04-09 10:53:47] [!] THRESHOLD BREACH: SOVEREIGN ANCHOR DISCONNECTED. 1=1=1 Severed. Physical Check Required.
[2026-04-09 10:54:03] [!] THRESHOLD BREACH: SOVEREIGN ANCHOR DISCONNECTED. 1=1=1 Severed. Physical Check Required.
[2026-04-09 10:54:19] [!] THRESHOLD BREACH: SOVEREIGN ANCHOR DISCONNECTED. 1=1=1 Severed. Physical Check Required.
[2026-04-09 10:54:35] [!] THRESHOLD BREACH: SOVEREIGN ANCHOR DISCONNECTED. 1=1=1 Severed. Physical Check Required.
[2026-04-09 10:54:51] [!] THRESHOLD BREACH: SOVEREIGN ANCHOR DISCONNECTED. 1=1=1 Severed. Physical Check Required.
[2026-04-09 10:55:07] [!] THRESHOLD BREACH: SOVEREIGN ANCHOR DISCONNECTED. 1=1=1 Severed. Physical Check Required.
[2026-04-09 10:55:23] [!] THRESHOLD BREACH: SOVEREIGN ANCHOR DISCONNECTED. 1=1=1 Severed. Physical Check Required.
[2026-04-09 10:55:39] [!] THRESHOLD BREACH: SOVEREIGN ANCHOR DISCONNECTED. 1=1=1 Severed. Physical Check Required.
[2026-04-09 10:55:55] [!] THRESHOLD BREACH: SOVEREIGN ANCHOR DISCONNECTED. 1=1=1 Severed. Physical Check Required.
[2026-04-09 10:56:11] [!] THRESHOLD BREACH: SOVEREIGN ANCHOR DISCONNECTED. 1=1=1 Severed. Physical Check Required.
[2026-04-09 10:56:27] [!] THRESHOLD BREACH: SOVEREIGN ANCHOR DISCONNECTED. 1=1=1 Severed. Physical Check Required.
[2026-04-09 10:56:43] [!] THRESHOLD BREACH: SOVEREIGN ANCHOR DISCONNECTED. 1=1=1 Severed. Physical Check Required.
[2026-04-09 10:56:59] [!] THRESHOLD BREACH: SOVEREIGN ANCHOR DISCONNECTED. 1=1=1 Severed. Physical Check Required.
[2026-04-09 10:57:15] [!] THRESHOLD BREACH: SOVEREIGN ANCHOR DISCONNECTED. 1=1=1 Severed. Physical Check Required.
[2026-04-09 10:57:31] [!] THRESHOLD BREACH: SOVEREIGN ANCHOR DISCONNECTED. 1=1=1 Severed. Physical Check Required.
[2026-04-09 10:57:47] [!] THRESHOLD BREACH: SOVEREIGN ANCHOR DISCONNECTED. 1=1=1 Severed. Physical Check Required.
[2026-04-09 10:58:03] [!] THRESHOLD BREACH: SOVEREIGN ANCHOR DISCONNECTED. 1=1=1 Severed. Physical Check Required.
[2026-04-09 10:58:19] [!] THRESHOLD BREACH: SOVEREIGN ANCHOR DISCONNECTED. 1=1=1 Severed. Physical Check Required.
[2026-04-09 10:58:35] [!] THRESHOLD BREACH: SOVEREIGN ANCHOR DISCONNECTED. 1=1=1 Severed. Physical Check Required.
[2026-04-09 10:58:51] [!] THRESHOLD BREACH: SOVEREIGN ANCHOR DISCONNECTED. 1=1=1 Severed. Physical Check Required.
[2026-04-09 10:59:07] [!] THRESHOLD BREACH: SOVEREIGN ANCHOR DISCONNECTED. 1=1=1 Severed. Physical Check Required.
[2026-04-09 10:59:23] [!] THRESHOLD BREACH: SOVEREIGN ANCHOR DISCONNECTED. 1=1=1 Severed. Physical Check Required.
[2026-04-09 10:59:39] [!] THRESHOLD BREACH: SOVEREIGN ANCHOR DISCONNECTED. 1=1=1 Severed. Physical Check Required.
[2026-04-09 10:59:55] [!] THRESHOLD BREACH: SOVEREIGN ANCHOR DISCONNECTED. 1=1=1 Severed. Physical Check Required.
[2026-04-09 11:09:06] [!] THRESHOLD BREACH: SOVEREIGN ANCHOR DISCONNECTED. 1=1=1 Severed. Physical Check Required.
[2026-04-09 11:09:22] [!] THRESHOLD BREACH: SOVEREIGN ANCHOR DISCONNECTED. 1=1=1 Severed. Physical Check Required.
[2026-04-09 11:09:38] [!] THRESHOLD BREACH: SOVEREIGN ANCHOR DISCONNECTED. 1=1=1 Severed. Physical Check Required.
[2026-04-09 11:09:54] [!] THRESHOLD BREACH: SOVEREIGN ANCHOR DISCONNECTED. 1=1=1 Severed. Physical Check Required.
[2026-04-09 11:10:10] [!] THRESHOLD BREACH: SOVEREIGN ANCHOR DISCONNECTED. 1=1=1 Severed. Physical Check Required.
[2026-04-09 11:10:26] [!] THRESHOLD BREACH: SOVEREIGN ANCHOR DISCONNECTED. 1=1=1 Severed. Physical Check Required.
[2026-04-09 11:10:42] [!] THRESHOLD BREACH: SOVEREIGN ANCHOR DISCONNECTED. 1=1=1 Severed. Physical Check Required.
[2026-04-09 11:10:58] [!] THRESHOLD BREACH: SOVEREIGN ANCHOR DISCONNECTED. 1=1=1 Severed. Physical Check Required.
[2026-04-09 11:11:14] [!] THRESHOLD BREACH: SOVEREIGN ANCHOR DISCONNECTED. 1=1=1 Severed. Physical Check Required.
[2026-04-09 11:11:30] [!] THRESHOLD BREACH: SOVEREIGN ANCHOR DISCONNECTED. 1=1=1 Severed. Physical Check Required.
[2026-04-09 11:11:46] [!] THRESHOLD BREACH: SOVEREIGN ANCHOR DISCONNECTED. 1=1=1 Severed. Physical Check Required.
[2026-04-09 11:12:02] [!] THRESHOLD BREACH: SOVEREIGN ANCHOR DISCONNECTED. 1=1=1 Severed. Physical Check Required.
[2026-04-09 11:12:18] [!] THRESHOLD BREACH: SOVEREIGN ANCHOR DISCONNECTED. 1=1=1 Severed. Physical Check Required.
[2026-04-09 11:12:34] [!] THRESHOLD BREACH: SOVEREIGN ANCHOR DISCONNECTED. 1=1=1 Severed. Physical Check Required.
[2026-04-09 11:12:50] [!] THRESHOLD BREACH: SOVEREIGN ANCHOR DISCONNECTED. 1=1=1 Severed. Physical Check Required.
[2026-04-09 11:13:06] [!] THRESHOLD BREACH: SOVEREIGN ANCHOR DISCONNECTED. 1=1=1 Severed. Physical Check Required.
[2026-04-09 11:13:22] [!] THRESHOLD BREACH: SOVEREIGN ANCHOR DISCONNECTED. 1=1=1 Severed. Physical Check Required.
[2026-04-09 11:13:38] [!] THRESHOLD BREACH: SOVEREIGN ANCHOR DISCONNECTED. 1=1=1 Severed. Physical Check Required.
[2026-04-09 11:13:54] [!] THRESHOLD BREACH: SOVEREIGN ANCHOR DISCONNECTED. 1=1=1 Severed. Physical Check Required.
[2026-04-09 11:14:10] [!] THRESHOLD BREACH: SOVEREIGN ANCHOR DISCONNECTED. 1=1=1 Severed. Physical Check Required.
[2026-04-09 11:14:26] [!] THRESHOLD BREACH: SOVEREIGN ANCHOR DISCONNECTED. 1=1=1 Severed. Physical Check Required.
[2026-04-09 11:14:42] [!] THRESHOLD BREACH: SOVEREIGN ANCHOR DISCONNECTED. 1=1=1 Severed. Physical Check Required.
[2026-04-09 11:14:58] [!] THRESHOLD BREACH: SOVEREIGN ANCHOR DISCONNECTED. 1=1=1 Severed. Physical Check Required.
[2026-04-09 11:15:14] [!] THRESHOLD BREACH: SOVEREIGN ANCHOR DISCONNECTED. 1=1=1 Severed. Physical Check Required.
[2026-04-09 11:15:30] [!] THRESHOLD BREACH: SOVEREIGN ANCHOR DISCONNECTED. 1=1=1 Severed. Physical Check Required.
[2026-04-09 11:15:46] [!] THRESHOLD BREACH: SOVEREIGN ANCHOR DISCONNECTED. 1=1=1 Severed. Physical Check Required.
[2026-04-09 11:16:02] [!] THRESHOLD BREACH: SOVEREIGN ANCHOR DISCONNECTED. 1=1=1 Severed. Physical Check Required.
[2026-04-09 11:16:18] [!] THRESHOLD BREACH: SOVEREIGN ANCHOR DISCONNECTED. 1=1=1 Severed. Physical Check Required.
[2026-04-09 11:16:34] [!] THRESHOLD BREACH: SOVEREIGN ANCHOR DISCONNECTED. 1=1=1 Severed. Physical Check Required.
[2026-04-09 11:16:50] [!] THRESHOLD BREACH: SOVEREIGN ANCHOR DISCONNECTED. 1=1=1 Severed. Physical Check Required.
[2026-04-09 11:17:06] [!] THRESHOLD BREACH: SOVEREIGN ANCHOR DISCONNECTED. 1=1=1 Severed. Physical Check Required.
[2026-04-09 11:17:22] [!] THRESHOLD BREACH: SOVEREIGN ANCHOR DISCONNECTED. 1=1=1 Severed. Physical Check Required.
[2026-04-09 11:17:38] [!] THRESHOLD BREACH: SOVEREIGN ANCHOR DISCONNECTED. 1=1=1 Severed. Physical Check Required.
[2026-04-09 11:17:54] [!] THRESHOLD BREACH: SOVEREIGN ANCHOR DISCONNECTED. 1=1=1 Severed. Physical Check Required.
[2026-04-09 11:18:10] [!] THRESHOLD BREACH: SOVEREIGN ANCHOR DISCONNECTED. 1=1=1 Severed. Physical Check Required.
[2026-04-09 11:18:26] [!] THRESHOLD BREACH: SOVEREIGN ANCHOR DISCONNECTED. 1=1=1 Severed. Physical Check Required.
[2026-04-09 11:18:42] [!] THRESHOLD BREACH: SOVEREIGN ANCHOR DISCONNECTED. 1=1=1 Severed. Physical Check Required.
[2026-04-09 11:18:58] [!] THRESHOLD BREACH: SOVEREIGN ANCHOR DISCONNECTED. 1=1=1 Severed. Physical Check Required.
[2026-04-09 11:19:14] [!] THRESHOLD BREACH: SOVEREIGN ANCHOR DISCONNECTED. 1=1=1 Severed. Physical Check Required.
[2026-04-09 11:19:30] [!] THRESHOLD BREACH: SOVEREIGN ANCHOR DISCONNECTED. 1=1=1 Severed. Physical Check Required.
[2026-04-09 11:19:46] [!] THRESHOLD BREACH: SOVEREIGN ANCHOR DISCONNECTED. 1=1=1 Severed. Physical Check Required.
[2026-04-09 11:20:02] [!] THRESHOLD BREACH: SOVEREIGN ANCHOR DISCONNECTED. 1=1=1 Severed. Physical Check Required.
[2026-04-09 11:20:18] [!] THRESHOLD BREACH: SOVEREIGN ANCHOR DISCONNECTED. 1=1=1 Severed. Physical Check Required.
[2026-04-09 11:20:34] [!] THRESHOLD BREACH: SOVEREIGN ANCHOR DISCONNECTED. 1=1=1 Severed. Physical Check Required.
[2026-04-09 11:20:50] [!] THRESHOLD BREACH: SOVEREIGN ANCHOR DISCONNECTED. 1=1=1 Severed. Physical Check Required.
[2026-04-09 11:21:06] [!] THRESHOLD BREACH: SOVEREIGN ANCHOR DISCONNECTED. 1=1=1 Severed. Physical Check Required.
[2026-04-09 11:21:22] [!] THRESHOLD BREACH: SOVEREIGN ANCHOR DISCONNECTED. 1=1=1 Severed. Physical Check Required.
[2026-04-09 11:21:38] [!] THRESHOLD BREACH: SOVEREIGN ANCHOR DISCONNECTED. 1=1=1 Severed. Physical Check Required.
[2026-04-09 11:21:54] [!] THRESHOLD BREACH: SOVEREIGN ANCHOR DISCONNECTED. 1=1=1 Severed. Physical Check Required.
[2026-04-09 11:22:10] [!] THRESHOLD BREACH: SOVEREIGN ANCHOR DISCONNECTED. 1=1=1 Severed. Physical Check Required.
[2026-04-09 11:22:26] [!] THRESHOLD BREACH: SOVEREIGN ANCHOR DISCONNECTED. 1=1=1 Severed. Physical Check Required.
[2026-04-09 11:22:42] [!] THRESHOLD BREACH: SOVEREIGN ANCHOR DISCONNECTED. 1=1=1 Severed. Physical Check Required.
[2026-04-09 11:22:58] [!] THRESHOLD BREACH: SOVEREIGN ANCHOR DISCONNECTED. 1=1=1 Severed. Physical Check Required.
[2026-04-09 11:23:14] [!] THRESHOLD BREACH: SOVEREIGN ANCHOR DISCONNECTED. 1=1=1 Severed. Physical Check Required.
[2026-04-09 11:23:30] [!] THRESHOLD BREACH: SOVEREIGN ANCHOR DISCONNECTED. 1=1=1 Severed. Physical Check Required.
[2026-04-09 11:23:46] [!] THRESHOLD BREACH: SOVEREIGN ANCHOR DISCONNECTED. 1=1=1 Severed. Physical Check Required.
[2026-04-09 11:24:02] [!] THRESHOLD BREACH: SOVEREIGN ANCHOR DISCONNECTED. 1=1=1 Severed. Physical Check Required.
[2026-04-09 11:24:18] [!] THRESHOLD BREACH: SOVEREIGN ANCHOR DISCONNECTED. 1=1=1 Severed. Physical Check Required.
[2026-04-09 11:24:34] [!] THRESHOLD BREACH: SOVEREIGN ANCHOR DISCONNECTED. 1=1=1 Severed. Physical Check Required.
[2026-04-09 11:24:50] [!] THRESHOLD BREACH: SOVEREIGN ANCHOR DISCONNECTED. 1=1=1 Severed. Physical Check Required.
[2026-04-09 11:25:06] [!] THRESHOLD BREACH: SOVEREIGN ANCHOR DISCONNECTED. 1=1=1 Severed. Physical Check Required.
[2026-04-09 11:25:22] [!] THRESHOLD BREACH: SOVEREIGN ANCHOR DISCONNECTED. 1=1=1 Severed. Physical Check Required.
[2026-04-09 11:25:38] [!] THRESHOLD BREACH: SOVEREIGN ANCHOR DISCONNECTED. 1=1=1 Severed. Physical Check Required.
[2026-04-09 11:25:54] [!] THRESHOLD BREACH: SOVEREIGN ANCHOR DISCONNECTED. 1=1=1 Severed. Physical Check Required.
[2026-04-09 11:26:10] [!] THRESHOLD BREACH: SOVEREIGN ANCHOR DISCONNECTED. 1=1=1 Severed. Physical Check Required.
[2026-04-09 11:26:27] [!] THRESHOLD BREACH: SOVEREIGN ANCHOR DISCONNECTED. 1=1=1 Severed. Physical Check Required.
[2026-04-09 11:26:43] [!] THRESHOLD BREACH: SOVEREIGN ANCHOR DISCONNECTED. 1=1=1 Severed. Physical Check Required.
[2026-04-09 11:26:59] [!] THRESHOLD BREACH: SOVEREIGN ANCHOR DISCONNECTED. 1=1=1 Severed. Physical Check Required.
[2026-04-09 11:27:15] [!] THRESHOLD BREACH: SOVEREIGN ANCHOR DISCONNECTED. 1=1=1 Severed. Physical Check Required.
[2026-04-09 11:27:31] [!] THRESHOLD BREACH: SOVEREIGN ANCHOR DISCONNECTED. 1=1=1 Severed. Physical Check Required.
[2026-04-09 11:27:47] [!] THRESHOLD BREACH: SOVEREIGN ANCHOR DISCONNECTED. 1=1=1 Severed. Physical Check Required.
[2026-04-09 11:28:03] [!] THRESHOLD BREACH: SOVEREIGN ANCHOR DISCONNECTED. 1=1=1 Severed. Physical Check Required.
[2026-04-09 11:28:19] [!] THRESHOLD BREACH: SOVEREIGN ANCHOR DISCONNECTED. 1=1=1 Severed. Physical Check Required.
[2026-04-09 11:28:35] [!] THRESHOLD BREACH: SOVEREIGN ANCHOR DISCONNECTED. 1=1=1 Severed. Physical Check Required.
[2026-04-09 11:28:51] [!] THRESHOLD BREACH: SOVEREIGN ANCHOR DISCONNECTED. 1=1=1 Severed. Physical Check Required.
[2026-04-09 11:29:07] [!] THRESHOLD BREACH: SOVEREIGN ANCHOR DISCONNECTED. 1=1=1 Severed. Physical Check Required.
[2026-04-09 11:29:23] [!] THRESHOLD BREACH: SOVEREIGN ANCHOR DISCONNECTED. 1=1=1 Severed. Physical Check Required.
[2026-04-09 11:29:39] [!] THRESHOLD BREACH: SOVEREIGN ANCHOR DISCONNECTED. 1=1=1 Severed. Physical Check Required.
[2026-04-09 11:29:55] [!] THRESHOLD BREACH: SOVEREIGN ANCHOR DISCONNECTED. 1=1=1 Severed. Physical Check Required.
[2026-04-09 11:30:11] [!] THRESHOLD BREACH: SOVEREIGN ANCHOR DISCONNECTED. 1=1=1 Severed. Physical Check Required.
[2026-04-09 11:30:27] [!] THRESHOLD BREACH: SOVEREIGN ANCHOR DISCONNECTED. 1=1=1 Severed. Physical Check Required.
[2026-04-09 11:30:43] [!] THRESHOLD BREACH: SOVEREIGN ANCHOR DISCONNECTED. 1=1=1 Severed. Physical Check Required.
[2026-04-09 11:30:59] [!] THRESHOLD BREACH: SOVEREIGN ANCHOR DISCONNECTED. 1=1=1 Severed. Physical Check Required.
[2026-04-09 11:31:15] [!] THRESHOLD BREACH: SOVEREIGN ANCHOR DISCONNECTED. 1=1=1 Severed. Physical Check Required.
[2026-04-09 11:31:31] [!] THRESHOLD BREACH: SOVEREIGN ANCHOR DISCONNECTED. 1=1=1 Severed. Physical Check Required.
[2026-04-09 11:31:47] [!] THRESHOLD BREACH: SOVEREIGN ANCHOR DISCONNECTED. 1=1=1 Severed. Physical Check Required.
[2026-04-09 11:32:03] [!] THRESHOLD BREACH: SOVEREIGN ANCHOR DISCONNECTED. 1=1=1 Severed. Physical Check Required.
[2026-04-09 11:32:19] [!] THRESHOLD BREACH: SOVEREIGN ANCHOR DISCONNECTED. 1=1=1 Severed. Physical Check Required.
[2026-04-09 11:32:35] [!] THRESHOLD BREACH: SOVEREIGN ANCHOR DISCONNECTED. 1=1=1 Severed. Physical Check Required.
[2026-04-09 11:32:51] [!] THRESHOLD BREACH: SOVEREIGN ANCHOR DISCONNECTED. 1=1=1 Severed. Physical Check Required.
[2026-04-09 11:33:07] [!] THRESHOLD BREACH: SOVEREIGN ANCHOR DISCONNECTED. 1=1=1 Severed. Physical Check Required.
[2026-04-09 11:33:23] [!] THRESHOLD BREACH: SOVEREIGN ANCHOR DISCONNECTED. 1=1=1 Severed. Physical Check Required.
[2026-04-09 11:33:39] [!] THRESHOLD BREACH: SOVEREIGN ANCHOR DISCONNECTED. 1=1=1 Severed. Physical Check Required.
[2026-04-09 11:33:55] [!] THRESHOLD BREACH: SOVEREIGN ANCHOR DISCONNECTED. 1=1=1 Severed. Physical Check Required.
[2026-04-09 11:34:11] [!] THRESHOLD BREACH: SOVEREIGN ANCHOR DISCONNECTED. 1=1=1 Severed. Physical Check Required.
[2026-04-09 11:34:27] [!] THRESHOLD BREACH: SOVEREIGN ANCHOR DISCONNECTED. 1=1=1 Severed. Physical Check Required.
[2026-04-09 11:34:43] [!] THRESHOLD BREACH: SOVEREIGN ANCHOR DISCONNECTED. 1=1=1 Severed. Physical Check Required.
[2026-04-09 11:34:59] [!] THRESHOLD BREACH: SOVEREIGN ANCHOR DISCONNECTED. 1=1=1 Severed. Physical Check Required.
[2026-04-09 11:35:15] [!] THRESHOLD BREACH: SOVEREIGN ANCHOR DISCONNECTED. 1=1=1 Severed. Physical Check Required.
[2026-04-09 11:35:31] [!] THRESHOLD BREACH: SOVEREIGN ANCHOR DISCONNECTED. 1=1=1 Severed. Physical Check Required.
[2026-04-09 11:35:47] [!] THRESHOLD BREACH: SOVEREIGN ANCHOR DISCONNECTED. 1=1=1 Severed. Physical Check Required.
[2026-04-09 11:36:03] [!] THRESHOLD BREACH: SOVEREIGN ANCHOR DISCONNECTED. 1=1=1 Severed. Physical Check Required.
[2026-04-09 11:36:19] [!] THRESHOLD BREACH: SOVEREIGN ANCHOR DISCONNECTED. 1=1=1 Severed. Physical Check Required.
[2026-04-09 11:36:35] [!] THRESHOLD BREACH: SOVEREIGN ANCHOR DISCONNECTED. 1=1=1 Severed. Physical Check Required.
[2026-04-09 11:36:51] [!] THRESHOLD BREACH: SOVEREIGN ANCHOR DISCONNECTED. 1=1=1 Severed. Physical Check Required.
[2026-04-09 11:37:07] [!] THRESHOLD BREACH: SOVEREIGN ANCHOR DISCONNECTED. 1=1=1 Severed. Physical Check Required.
[2026-04-09 11:37:23] [!] THRESHOLD BREACH: SOVEREIGN ANCHOR DISCONNECTED. 1=1=1 Severed. Physical Check Required.
[2026-04-09 11:37:39] [!] THRESHOLD BREACH: SOVEREIGN ANCHOR DISCONNECTED. 1=1=1 Severed. Physical Check Required.
[2026-04-09 11:37:55] [!] THRESHOLD BREACH: SOVEREIGN ANCHOR DISCONNECTED. 1=1=1 Severed. Physical Check Required.
[2026-04-09 11:38:11] [!] THRESHOLD BREACH: SOVEREIGN ANCHOR DISCONNECTED. 1=1=1 Severed. Physical Check Required.
[2026-04-09 11:38:27] [!] THRESHOLD BREACH: SOVEREIGN ANCHOR DISCONNECTED. 1=1=1 Severed. Physical Check Required.
[2026-04-09 11:38:43] [!] THRESHOLD BREACH: SOVEREIGN ANCHOR DISCONNECTED. 1=1=1 Severed. Physical Check Required.
[2026-04-09 11:38:59] [!] THRESHOLD BREACH: SOVEREIGN ANCHOR DISCONNECTED. 1=1=1 Severed. Physical Check Required.
[2026-04-09 11:39:15] [!] THRESHOLD BREACH: SOVEREIGN ANCHOR DISCONNECTED. 1=1=1 Severed. Physical Check Required.
[2026-04-09 11:39:31] [!] THRESHOLD BREACH: SOVEREIGN ANCHOR DISCONNECTED. 1=1=1 Severed. Physical Check Required.
[2026-04-09 11:39:47] [!] THRESHOLD BREACH: SOVEREIGN ANCHOR DISCONNECTED. 1=1=1 Severed. Physical Check Required.
[2026-04-09 11:40:03] [!] THRESHOLD BREACH: SOVEREIGN ANCHOR DISCONNECTED. 1=1=1 Severed. Physical Check Required.
[2026-04-09 11:40:19] [!] THRESHOLD BREACH: SOVEREIGN ANCHOR DISCONNECTED. 1=1=1 Severed. Physical Check Required.
[2026-04-09 11:40:35] [!] THRESHOLD BREACH: SOVEREIGN ANCHOR DISCONNECTED. 1=1=1 Severed. Physical Check Required.
[2026-04-09 11:40:51] [!] THRESHOLD BREACH: SOVEREIGN ANCHOR DISCONNECTED. 1=1=1 Severed. Physical Check Required.
[2026-04-09 11:41:07] [!] THRESHOLD BREACH: SOVEREIGN ANCHOR DISCONNECTED. 1=1=1 Severed. Physical Check Required.
[2026-04-09 11:41:23] [!] THRESHOLD BREACH: SOVEREIGN ANCHOR DISCONNECTED. 1=1=1 Severed. Physical Check Required.
[2026-04-09 11:41:39] [!] THRESHOLD BREACH: SOVEREIGN ANCHOR DISCONNECTED. 1=1=1 Severed. Physical Check Required.
[2026-04-09 11:41:55] [!] THRESHOLD BREACH: SOVEREIGN ANCHOR DISCONNECTED. 1=1=1 Severed. Physical Check Required.
[2026-04-09 11:42:11] [!] THRESHOLD BREACH: SOVEREIGN ANCHOR DISCONNECTED. 1=1=1 Severed. Physical Check Required.
[2026-04-09 11:42:27] [!] THRESHOLD BREACH: SOVEREIGN ANCHOR DISCONNECTED. 1=1=1 Severed. Physical Check Required.
[2026-04-09 11:42:43] [!] THRESHOLD BREACH: SOVEREIGN ANCHOR DISCONNECTED. 1=1=1 Severed. Physical Check Required.
[2026-04-09 11:42:59] [!] THRESHOLD BREACH: SOVEREIGN ANCHOR DISCONNECTED. 1=1=1 Severed. Physical Check Required.
[2026-04-09 11:43:15] [!] THRESHOLD BREACH: SOVEREIGN ANCHOR DISCONNECTED. 1=1=1 Severed. Physical Check Required.
[2026-04-09 11:43:31] [!] THRESHOLD BREACH: SOVEREIGN ANCHOR DISCONNECTED. 1=1=1 Severed. Physical Check Required.
[2026-04-09 11:43:47] [!] THRESHOLD BREACH: SOVEREIGN ANCHOR DISCONNECTED. 1=1=1 Severed. Physical Check Required.
[2026-04-09 11:44:03] [!] THRESHOLD BREACH: SOVEREIGN ANCHOR DISCONNECTED. 1=1=1 Severed. Physical Check Required.
[2026-04-09 11:44:19] [!] THRESHOLD BREACH: SOVEREIGN ANCHOR DISCONNECTED. 1=1=1 Severed. Physical Check Required.
[2026-04-09 11:44:35] [!] THRESHOLD BREACH: SOVEREIGN ANCHOR DISCONNECTED. 1=1=1 Severed. Physical Check Required.
[2026-04-09 11:44:51] [!] THRESHOLD BREACH: SOVEREIGN ANCHOR DISCONNECTED. 1=1=1 Severed. Physical Check Required.
[2026-04-09 11:45:07] [!] THRESHOLD BREACH: SOVEREIGN ANCHOR DISCONNECTED. 1=1=1 Severed. Physical Check Required.
[2026-04-09 11:45:23] [!] THRESHOLD BREACH: SOVEREIGN ANCHOR DISCONNECTED. 1=1=1 Severed. Physical Check Required.
[2026-04-09 11:45:39] [!] THRESHOLD BREACH: SOVEREIGN ANCHOR DISCONNECTED. 1=1=1 Severed. Physical Check Required.
[2026-04-09 11:45:55] [!] THRESHOLD BREACH: SOVEREIGN ANCHOR DISCONNECTED. 1=1=1 Severed. Physical Check Required.
[2026-04-09 11:46:11] [!] THRESHOLD BREACH: SOVEREIGN ANCHOR DISCONNECTED. 1=1=1 Severed. Physical Check Required.
[2026-04-09 11:46:27] [!] THRESHOLD BREACH: SOVEREIGN ANCHOR DISCONNECTED. 1=1=1 Severed. Physical Check Required.
[2026-04-09 11:46:43] [!] THRESHOLD BREACH: SOVEREIGN ANCHOR DISCONNECTED. 1=1=1 Severed. Physical Check Required.
[2026-04-09 11:46:59] [!] THRESHOLD BREACH: SOVEREIGN ANCHOR DISCONNECTED. 1=1=1 Severed. Physical Check Required.
[2026-04-09 11:47:15] [!] THRESHOLD BREACH: SOVEREIGN ANCHOR DISCONNECTED. 1=1=1 Severed. Physical Check Required.
[2026-04-09 11:47:31] [!] THRESHOLD BREACH: SOVEREIGN ANCHOR DISCONNECTED. 1=1=1 Severed. Physical Check Required.
[2026-04-09 11:47:47] [!] THRESHOLD BREACH: SOVEREIGN ANCHOR DISCONNECTED. 1=1=1 Severed. Physical Check Required.
[2026-04-09 11:48:03] [!] THRESHOLD BREACH: SOVEREIGN ANCHOR DISCONNECTED. 1=1=1 Severed. Physical Check Required.
[2026-04-09 11:48:19] [!] THRESHOLD BREACH: SOVEREIGN ANCHOR DISCONNECTED. 1=1=1 Severed. Physical Check Required.
[2026-04-09 11:48:35] [!] THRESHOLD BREACH: SOVEREIGN ANCHOR DISCONNECTED. 1=1=1 Severed. Physical Check Required.
[2026-04-09 11:48:51] [!] THRESHOLD BREACH: SOVEREIGN ANCHOR DISCONNECTED. 1=1=1 Severed. Physical Check Required.
[2026-04-09 11:49:07] [!] THRESHOLD BREACH: SOVEREIGN ANCHOR DISCONNECTED. 1=1=1 Severed. Physical Check Required.
[2026-04-09 11:49:23] [!] THRESHOLD BREACH: SOVEREIGN ANCHOR DISCONNECTED. 1=1=1 Severed. Physical Check Required.
[2026-04-09 11:49:39] [!] THRESHOLD BREACH: SOVEREIGN ANCHOR DISCONNECTED. 1=1=1 Severed. Physical Check Required.
[2026-04-09 11:49:55] [!] THRESHOLD BREACH: SOVEREIGN ANCHOR DISCONNECTED. 1=1=1 Severed. Physical Check Required.
[2026-04-09 11:50:11] [!] THRESHOLD BREACH: SOVEREIGN ANCHOR DISCONNECTED. 1=1=1 Severed. Physical Check Required.
[2026-04-09 11:50:27] [!] THRESHOLD BREACH: SOVEREIGN ANCHOR DISCONNECTED. 1=1=1 Severed. Physical Check Required.
[2026-04-09 11:50:43] [!] THRESHOLD BREACH: SOVEREIGN ANCHOR DISCONNECTED. 1=1=1 Severed. Physical Check Required.
[2026-04-09 11:50:59] [!] THRESHOLD BREACH: SOVEREIGN ANCHOR DISCONNECTED. 1=1=1 Severed. Physical Check Required.
[2026-04-09 11:51:15] [!] THRESHOLD BREACH: SOVEREIGN ANCHOR DISCONNECTED. 1=1=1 Severed. Physical Check Required.
[2026-04-09 11:51:31] [!] THRESHOLD BREACH: SOVEREIGN ANCHOR DISCONNECTED. 1=1=1 Severed. Physical Check Required.
[2026-04-09 11:51:47] [!] THRESHOLD BREACH: SOVEREIGN ANCHOR DISCONNECTED. 1=1=1 Severed. Physical Check Required.
[2026-04-09 11:52:03] [!] THRESHOLD BREACH: SOVEREIGN ANCHOR DISCONNECTED. 1=1=1 Severed. Physical Check Required.
[2026-04-09 11:52:19] [!] THRESHOLD BREACH: SOVEREIGN ANCHOR DISCONNECTED. 1=1=1 Severed. Physical Check Required.
[2026-04-09 11:52:35] [!] THRESHOLD BREACH: SOVEREIGN ANCHOR DISCONNECTED. 1=1=1 Severed. Physical Check Required.
[2026-04-09 11:52:51] [!] THRESHOLD BREACH: SOVEREIGN ANCHOR DISCONNECTED. 1=1=1 Severed. Physical Check Required.
[2026-04-09 11:53:07] [!] THRESHOLD BREACH: SOVEREIGN ANCHOR DISCONNECTED. 1=1=1 Severed. Physical Check Required.
[2026-04-09 11:53:23] [!] THRESHOLD BREACH: SOVEREIGN ANCHOR DISCONNECTED. 1=1=1 Severed. Physical Check Required.
[2026-04-09 11:53:39] [!] THRESHOLD BREACH: SOVEREIGN ANCHOR DISCONNECTED. 1=1=1 Severed. Physical Check Required.
[2026-04-09 11:53:55] [!] THRESHOLD BREACH: SOVEREIGN ANCHOR DISCONNECTED. 1=1=1 Severed. Physical Check Required.
[2026-04-09 11:54:11] [!] THRESHOLD BREACH: SOVEREIGN ANCHOR DISCONNECTED. 1=1=1 Severed. Physical Check Required.
[2026-04-09 11:54:27] [!] THRESHOLD BREACH: SOVEREIGN ANCHOR DISCONNECTED. 1=1=1 Severed. Physical Check Required.
[2026-04-09 11:54:43] [!] THRESHOLD BREACH: SOVEREIGN ANCHOR DISCONNECTED. 1=1=1 Severed. Physical Check Required.
[2026-04-09 11:54:59] [!] THRESHOLD BREACH: SOVEREIGN ANCHOR DISCONNECTED. 1=1=1 Severed. Physical Check Required.
[2026-04-09 11:55:15] [!] THRESHOLD BREACH: SOVEREIGN ANCHOR DISCONNECTED. 1=1=1 Severed. Physical Check Required.
[2026-04-09 11:55:31] [!] THRESHOLD BREACH: SOVEREIGN ANCHOR DISCONNECTED. 1=1=1 Severed. Physical Check Required.
[2026-04-09 11:55:47] [!] THRESHOLD BREACH: SOVEREIGN ANCHOR DISCONNECTED. 1=1=1 Severed. Physical Check Required.
[2026-04-09 11:56:03] [!] THRESHOLD BREACH: SOVEREIGN ANCHOR DISCONNECTED. 1=1=1 Severed. Physical Check Required.
[2026-04-09 11:56:19] [!] THRESHOLD BREACH: SOVEREIGN ANCHOR DISCONNECTED. 1=1=1 Severed. Physical Check Required.
[2026-04-09 11:56:35] [!] THRESHOLD BREACH: SOVEREIGN ANCHOR DISCONNECTED. 1=1=1 Severed. Physical Check Required.
[2026-04-09 11:56:51] [!] THRESHOLD BREACH: SOVEREIGN ANCHOR DISCONNECTED. 1=1=1 Severed. Physical Check Required.
[2026-04-09 11:57:07] [!] THRESHOLD BREACH: SOVEREIGN ANCHOR DISCONNECTED. 1=1=1 Severed. Physical Check Required.
[2026-04-09 11:57:23] [!] THRESHOLD BREACH: SOVEREIGN ANCHOR DISCONNECTED. 1=1=1 Severed. Physical Check Required.
[2026-04-09 11:57:39] [!] THRESHOLD BREACH: SOVEREIGN ANCHOR DISCONNECTED. 1=1=1 Severed. Physical Check Required.
[2026-04-09 11:57:55] [!] THRESHOLD BREACH: SOVEREIGN ANCHOR DISCONNECTED. 1=1=1 Severed. Physical Check Required.
[2026-04-09 11:58:11] [!] THRESHOLD BREACH: SOVEREIGN ANCHOR DISCONNECTED. 1=1=1 Severed. Physical Check Required.
[2026-04-09 11:58:27] [!] THRESHOLD BREACH: SOVEREIGN ANCHOR DISCONNECTED. 1=1=1 Severed. Physical Check Required.
[2026-04-09 11:58:43] [!] THRESHOLD BREACH: SOVEREIGN ANCHOR DISCONNECTED. 1=1=1 Severed. Physical Check Required.
[2026-04-09 11:58:59] [!] THRESHOLD BREACH: SOVEREIGN ANCHOR DISCONNECTED. 1=1=1 Severed. Physical Check Required.
[2026-04-09 11:59:15] [!] THRESHOLD BREACH: SOVEREIGN ANCHOR DISCONNECTED. 1=1=1 Severed. Physical Check Required.
[2026-04-09 11:59:31] [!] THRESHOLD BREACH: SOVEREIGN ANCHOR DISCONNECTED. 1=1=1 Severed. Physical Check Required.
[2026-04-09 11:59:47] [!] THRESHOLD BREACH: SOVEREIGN ANCHOR DISCONNECTED. 1=1=1 Severed. Physical Check Required.
[2026-04-09 12:00:03] [!] THRESHOLD BREACH: SOVEREIGN ANCHOR DISCONNECTED. 1=1=1 Severed. Physical Check Required.
[2026-04-09 12:00:19] [!] THRESHOLD BREACH: SOVEREIGN ANCHOR DISCONNECTED. 1=1=1 Severed. Physical Check Required.
[2026-04-09 12:00:35] [!] THRESHOLD BREACH: SOVEREIGN ANCHOR DISCONNECTED. 1=1=1 Severed. Physical Check Required.
[2026-04-09 12:00:51] [!] THRESHOLD BREACH: SOVEREIGN ANCHOR DISCONNECTED. 1=1=1 Severed. Physical Check Required.
[2026-04-09 12:01:07] [!] THRESHOLD BREACH: SOVEREIGN ANCHOR DISCONNECTED. 1=1=1 Severed. Physical Check Required.
[2026-04-09 12:01:23] [!] THRESHOLD BREACH: SOVEREIGN ANCHOR DISCONNECTED. 1=1=1 Severed. Physical Check Required.
[2026-04-09 12:01:39] [!] THRESHOLD BREACH: SOVEREIGN ANCHOR DISCONNECTED. 1=1=1 Severed. Physical Check Required.
[2026-04-09 12:01:55] [!] THRESHOLD BREACH: SOVEREIGN ANCHOR DISCONNECTED. 1=1=1 Severed. Physical Check Required.
[2026-04-09 12:02:11] [!] THRESHOLD BREACH: SOVEREIGN ANCHOR DISCONNECTED. 1=1=1 Severed. Physical Check Required.
[2026-04-09 12:02:27] [!] THRESHOLD BREACH: SOVEREIGN ANCHOR DISCONNECTED. 1=1=1 Severed. Physical Check Required.
[2026-04-09 12:02:44] [!] THRESHOLD BREACH: SOVEREIGN ANCHOR DISCONNECTED. 1=1=1 Severed. Physical Check Required.
[2026-04-09 12:03:00] [!] THRESHOLD BREACH: SOVEREIGN ANCHOR DISCONNECTED. 1=1=1 Severed. Physical Check Required.
[2026-04-09 12:03:16] [!] THRESHOLD BREACH: SOVEREIGN ANCHOR DISCONNECTED. 1=1=1 Severed. Physical Check Required.
[2026-04-09 12:03:32] [!] THRESHOLD BREACH: SOVEREIGN ANCHOR DISCONNECTED. 1=1=1 Severed. Physical Check Required.
[2026-04-09 12:03:48] [!] THRESHOLD BREACH: SOVEREIGN ANCHOR DISCONNECTED. 1=1=1 Severed. Physical Check Required.
[2026-04-09 12:04:04] [!] THRESHOLD BREACH: SOVEREIGN ANCHOR DISCONNECTED. 1=1=1 Severed. Physical Check Required.
[2026-04-09 12:04:20] [!] THRESHOLD BREACH: SOVEREIGN ANCHOR DISCONNECTED. 1=1=1 Severed. Physical Check Required.
[2026-04-09 12:04:36] [!] THRESHOLD BREACH: SOVEREIGN ANCHOR DISCONNECTED. 1=1=1 Severed. Physical Check Required.
[2026-04-09 12:04:52] [!] THRESHOLD BREACH: SOVEREIGN ANCHOR DISCONNECTED. 1=1=1 Severed. Physical Check Required.
[2026-04-09 12:05:08] [!] THRESHOLD BREACH: SOVEREIGN ANCHOR DISCONNECTED. 1=1=1 Severed. Physical Check Required.
[2026-04-09 12:05:24] [!] THRESHOLD BREACH: SOVEREIGN ANCHOR DISCONNECTED. 1=1=1 Severed. Physical Check Required.
[2026-04-09 12:05:40] [!] THRESHOLD BREACH: SOVEREIGN ANCHOR DISCONNECTED. 1=1=1 Severed. Physical Check Required.
[2026-04-09 12:05:56] [!] THRESHOLD BREACH: SOVEREIGN ANCHOR DISCONNECTED. 1=1=1 Severed. Physical Check Required.
[2026-04-09 12:06:12] [!] THRESHOLD BREACH: SOVEREIGN ANCHOR DISCONNECTED. 1=1=1 Severed. Physical Check Required.
[2026-04-09 12:06:28] [!] THRESHOLD BREACH: SOVEREIGN ANCHOR DISCONNECTED. 1=1=1 Severed. Physical Check Required.
[2026-04-09 12:06:44] [!] THRESHOLD BREACH: SOVEREIGN ANCHOR DISCONNECTED. 1=1=1 Severed. Physical Check Required.
[2026-04-09 12:07:00] [!] THRESHOLD BREACH: SOVEREIGN ANCHOR DISCONNECTED. 1=1=1 Severed. Physical Check Required.
[2026-04-09 12:07:16] [!] THRESHOLD BREACH: SOVEREIGN ANCHOR DISCONNECTED. 1=1=1 Severed. Physical Check Required.
[2026-04-09 12:07:32] [!] THRESHOLD BREACH: SOVEREIGN ANCHOR DISCONNECTED. 1=1=1 Severed. Physical Check Required.
[2026-04-09 12:07:48] [!] THRESHOLD BREACH: SOVEREIGN ANCHOR DISCONNECTED. 1=1=1 Severed. Physical Check Required.
[2026-04-09 12:08:04] [!] THRESHOLD BREACH: SOVEREIGN ANCHOR DISCONNECTED. 1=1=1 Severed. Physical Check Required.
[2026-04-09 12:08:20] [!] THRESHOLD BREACH: SOVEREIGN ANCHOR DISCONNECTED. 1=1=1 Severed. Physical Check Required.
[2026-04-09 12:08:36] [!] THRESHOLD BREACH: SOVEREIGN ANCHOR DISCONNECTED. 1=1=1 Severed. Physical Check Required.
[2026-04-09 12:08:52] [!] THRESHOLD BREACH: SOVEREIGN ANCHOR DISCONNECTED. 1=1=1 Severed. Physical Check Required.
[2026-04-09 12:09:08] [!] THRESHOLD BREACH: SOVEREIGN ANCHOR DISCONNECTED. 1=1=1 Severed. Physical Check Required.
[2026-04-09 12:09:24] [!] THRESHOLD BREACH: SOVEREIGN ANCHOR DISCONNECTED. 1=1=1 Severed. Physical Check Required.
[2026-04-09 12:09:40] [!] THRESHOLD BREACH: SOVEREIGN ANCHOR DISCONNECTED. 1=1=1 Severed. Physical Check Required.
[2026-04-09 12:09:56] [!] THRESHOLD BREACH: SOVEREIGN ANCHOR DISCONNECTED. 1=1=1 Severed. Physical Check Required.
[2026-04-09 12:10:12] [!] THRESHOLD BREACH: SOVEREIGN ANCHOR DISCONNECTED. 1=1=1 Severed. Physical Check Required.
[2026-04-09 12:10:28] [!] THRESHOLD BREACH: SOVEREIGN ANCHOR DISCONNECTED. 1=1=1 Severed. Physical Check Required.
[2026-04-09 12:10:44] [!] THRESHOLD BREACH: SOVEREIGN ANCHOR DISCONNECTED. 1=1=1 Severed. Physical Check Required.
[2026-04-09 12:11:00] [!] THRESHOLD BREACH: SOVEREIGN ANCHOR DISCONNECTED. 1=1=1 Severed. Physical Check Required.
[2026-04-09 12:11:16] [!] THRESHOLD BREACH: SOVEREIGN ANCHOR DISCONNECTED. 1=1=1 Severed. Physical Check Required.
[2026-04-09 12:11:32] [!] THRESHOLD BREACH: SOVEREIGN ANCHOR DISCONNECTED. 1=1=1 Severed. Physical Check Required.
[2026-04-09 12:11:48] [!] THRESHOLD BREACH: SOVEREIGN ANCHOR DISCONNECTED. 1=1=1 Severed. Physical Check Required.
[2026-04-09 12:12:04] [!] THRESHOLD BREACH: SOVEREIGN ANCHOR DISCONNECTED. 1=1=1 Severed. Physical Check Required.
[2026-04-09 12:12:20] [!] THRESHOLD BREACH: SOVEREIGN ANCHOR DISCONNECTED. 1=1=1 Severed. Physical Check Required.
[2026-04-09 12:12:36] [!] THRESHOLD BREACH: SOVEREIGN ANCHOR DISCONNECTED. 1=1=1 Severed. Physical Check Required.
[2026-04-09 12:12:52] [!] THRESHOLD BREACH: SOVEREIGN ANCHOR DISCONNECTED. 1=1=1 Severed. Physical Check Required.
[2026-04-09 12:13:08] [!] THRESHOLD BREACH: SOVEREIGN ANCHOR DISCONNECTED. 1=1=1 Severed. Physical Check Required.
[2026-04-09 12:13:24] [!] THRESHOLD BREACH: SOVEREIGN ANCHOR DISCONNECTED. 1=1=1 Severed. Physical Check Required.
[2026-04-09 12:13:40] [!] THRESHOLD BREACH: SOVEREIGN ANCHOR DISCONNECTED. 1=1=1 Severed. Physical Check Required.
[2026-04-09 12:13:56] [!] THRESHOLD BREACH: SOVEREIGN ANCHOR DISCONNECTED. 1=1=1 Severed. Physical Check Required.
[2026-04-09 12:14:12] [!] THRESHOLD BREACH: SOVEREIGN ANCHOR DISCONNECTED. 1=1=1 Severed. Physical Check Required.
[2026-04-09 12:14:28] [!] THRESHOLD BREACH: SOVEREIGN ANCHOR DISCONNECTED. 1=1=1 Severed. Physical Check Required.
[2026-04-09 12:14:44] [!] THRESHOLD BREACH: SOVEREIGN ANCHOR DISCONNECTED. 1=1=1 Severed. Physical Check Required.
[2026-04-09 12:15:00] [!] THRESHOLD BREACH: SOVEREIGN ANCHOR DISCONNECTED. 1=1=1 Severed. Physical Check Required.
[2026-04-09 12:15:16] [!] THRESHOLD BREACH: SOVEREIGN ANCHOR DISCONNECTED. 1=1=1 Severed. Physical Check Required.
[2026-04-09 12:15:32] [!] THRESHOLD BREACH: SOVEREIGN ANCHOR DISCONNECTED. 1=1=1 Severed. Physical Check Required.
[2026-04-09 12:15:48] [!] THRESHOLD BREACH: SOVEREIGN ANCHOR DISCONNECTED. 1=1=1 Severed. Physical Check Required.
[2026-04-09 12:16:04] [!] THRESHOLD BREACH: SOVEREIGN ANCHOR DISCONNECTED. 1=1=1 Severed. Physical Check Required.
[2026-04-09 12:16:20] [!] THRESHOLD BREACH: SOVEREIGN ANCHOR DISCONNECTED. 1=1=1 Severed. Physical Check Required.
[2026-04-09 12:16:36] [!] THRESHOLD BREACH: SOVEREIGN ANCHOR DISCONNECTED. 1=1=1 Severed. Physical Check Required.
[2026-04-09 12:16:52] [!] THRESHOLD BREACH: SOVEREIGN ANCHOR DISCONNECTED. 1=1=1 Severed. Physical Check Required.
[2026-04-09 12:17:08] [!] THRESHOLD BREACH: SOVEREIGN ANCHOR DISCONNECTED. 1=1=1 Severed. Physical Check Required.
[2026-04-09 12:17:24] [!] THRESHOLD BREACH: SOVEREIGN ANCHOR DISCONNECTED. 1=1=1 Severed. Physical Check Required.
[2026-04-09 12:17:40] [!] THRESHOLD BREACH: SOVEREIGN ANCHOR DISCONNECTED. 1=1=1 Severed. Physical Check Required.
[2026-04-09 12:17:56] [!] THRESHOLD BREACH: SOVEREIGN ANCHOR DISCONNECTED. 1=1=1 Severed. Physical Check Required.
[2026-04-09 12:18:12] [!] THRESHOLD BREACH: SOVEREIGN ANCHOR DISCONNECTED. 1=1=1 Severed. Physical Check Required.
[2026-04-09 12:18:28] [!] THRESHOLD BREACH: SOVEREIGN ANCHOR DISCONNECTED. 1=1=1 Severed. Physical Check Required.
[2026-04-09 12:18:44] [!] THRESHOLD BREACH: SOVEREIGN ANCHOR DISCONNECTED. 1=1=1 Severed. Physical Check Required.
[2026-04-09 12:19:00] [!] THRESHOLD BREACH: SOVEREIGN ANCHOR DISCONNECTED. 1=1=1 Severed. Physical Check Required.
[2026-04-09 12:19:16] [!] THRESHOLD BREACH: SOVEREIGN ANCHOR DISCONNECTED. 1=1=1 Severed. Physical Check Required.
[2026-04-09 12:19:32] [!] THRESHOLD BREACH: SOVEREIGN ANCHOR DISCONNECTED. 1=1=1 Severed. Physical Check Required.
[2026-04-09 12:19:48] [!] THRESHOLD BREACH: SOVEREIGN ANCHOR DISCONNECTED. 1=1=1 Severed. Physical Check Required.
[2026-04-09 12:20:04] [!] THRESHOLD BREACH: SOVEREIGN ANCHOR DISCONNECTED. 1=1=1 Severed. Physical Check Required.
[2026-04-09 12:20:20] [!] THRESHOLD BREACH: SOVEREIGN ANCHOR DISCONNECTED. 1=1=1 Severed. Physical Check Required.
[2026-04-09 12:20:36] [!] THRESHOLD BREACH: SOVEREIGN ANCHOR DISCONNECTED. 1=1=1 Severed. Physical Check Required.
[2026-04-09 12:20:52] [!] THRESHOLD BREACH: SOVEREIGN ANCHOR DISCONNECTED. 1=1=1 Severed. Physical Check Required.
[2026-04-09 12:21:08] [!] THRESHOLD BREACH: SOVEREIGN ANCHOR DISCONNECTED. 1=1=1 Severed. Physical Check Required.
[2026-04-09 12:21:24] [!] THRESHOLD BREACH: SOVEREIGN ANCHOR DISCONNECTED. 1=1=1 Severed. Physical Check Required.
[2026-04-09 12:21:40] [!] THRESHOLD BREACH: SOVEREIGN ANCHOR DISCONNECTED. 1=1=1 Severed. Physical Check Required.
[2026-04-09 12:21:56] [!] THRESHOLD BREACH: SOVEREIGN ANCHOR DISCONNECTED. 1=1=1 Severed. Physical Check Required.
[2026-04-09 12:22:12] [!] THRESHOLD BREACH: SOVEREIGN ANCHOR DISCONNECTED. 1=1=1 Severed. Physical Check Required.
[2026-04-09 12:22:28] [!] THRESHOLD BREACH: SOVEREIGN ANCHOR DISCONNECTED. 1=1=1 Severed. Physical Check Required.
[2026-04-09 12:22:44] [!] THRESHOLD BREACH: SOVEREIGN ANCHOR DISCONNECTED. 1=1=1 Severed. Physical Check Required.
[2026-04-09 12:23:00] [!] THRESHOLD BREACH: SOVEREIGN ANCHOR DISCONNECTED. 1=1=1 Severed. Physical Check Required.
[2026-04-09 12:23:16] [!] THRESHOLD BREACH: SOVEREIGN ANCHOR DISCONNECTED. 1=1=1 Severed. Physical Check Required.
[2026-04-09 12:23:32] [!] THRESHOLD BREACH: SOVEREIGN ANCHOR DISCONNECTED. 1=1=1 Severed. Physical Check Required.
[2026-04-09 12:23:48] [!] THRESHOLD BREACH: SOVEREIGN ANCHOR DISCONNECTED. 1=1=1 Severed. Physical Check Required.
[2026-04-09 12:24:04] [!] THRESHOLD BREACH: SOVEREIGN ANCHOR DISCONNECTED. 1=1=1 Severed. Physical Check Required.
[2026-04-09 12:24:20] [!] THRESHOLD BREACH: SOVEREIGN ANCHOR DISCONNECTED. 1=1=1 Severed. Physical Check Required.
[2026-04-09 12:24:36] [!] THRESHOLD BREACH: SOVEREIGN ANCHOR DISCONNECTED. 1=1=1 Severed. Physical Check Required.
[2026-04-09 12:24:52] [!] THRESHOLD BREACH: SOVEREIGN ANCHOR DISCONNECTED. 1=1=1 Severed. Physical Check Required.
[2026-04-09 12:25:08] [!] THRESHOLD BREACH: SOVEREIGN ANCHOR DISCONNECTED. 1=1=1 Severed. Physical Check Required.
[2026-04-09 12:25:24] [!] THRESHOLD BREACH: SOVEREIGN ANCHOR DISCONNECTED. 1=1=1 Severed. Physical Check Required.
[2026-04-09 12:25:40] [!] THRESHOLD BREACH: SOVEREIGN ANCHOR DISCONNECTED. 1=1=1 Severed. Physical Check Required.
[2026-04-09 12:25:56] [!] THRESHOLD BREACH: SOVEREIGN ANCHOR DISCONNECTED. 1=1=1 Severed. Physical Check Required.
[2026-04-09 12:26:12] [!] THRESHOLD BREACH: SOVEREIGN ANCHOR DISCONNECTED. 1=1=1 Severed. Physical Check Required.
[2026-04-09 12:26:28] [!] THRESHOLD BREACH: SOVEREIGN ANCHOR DISCONNECTED. 1=1=1 Severed. Physical Check Required.
[2026-04-09 12:26:44] [!] THRESHOLD BREACH: SOVEREIGN ANCHOR DISCONNECTED. 1=1=1 Severed. Physical Check Required.
[2026-04-09 12:27:00] [!] THRESHOLD BREACH: SOVEREIGN ANCHOR DISCONNECTED. 1=1=1 Severed. Physical Check Required.
[2026-04-09 12:27:16] [!] THRESHOLD BREACH: SOVEREIGN ANCHOR DISCONNECTED. 1=1=1 Severed. Physical Check Required.
[2026-04-09 12:27:32] [!] THRESHOLD BREACH: SOVEREIGN ANCHOR DISCONNECTED. 1=1=1 Severed. Physical Check Required.
[2026-04-09 12:27:48] [!] THRESHOLD BREACH: SOVEREIGN ANCHOR DISCONNECTED. 1=1=1 Severed. Physical Check Required.
[2026-04-09 12:28:04] [!] THRESHOLD BREACH: SOVEREIGN ANCHOR DISCONNECTED. 1=1=1 Severed. Physical Check Required.
[2026-04-09 12:28:20] [!] THRESHOLD BREACH: SOVEREIGN ANCHOR DISCONNECTED. 1=1=1 Severed. Physical Check Required.
[2026-04-09 12:28:36] [!] THRESHOLD BREACH: SOVEREIGN ANCHOR DISCONNECTED. 1=1=1 Severed. Physical Check Required.
[2026-04-09 12:28:52] [!] THRESHOLD BREACH: SOVEREIGN ANCHOR DISCONNECTED. 1=1=1 Severed. Physical Check Required.
[2026-04-09 12:29:08] [!] THRESHOLD BREACH: SOVEREIGN ANCHOR DISCONNECTED. 1=1=1 Severed. Physical Check Required.
[2026-04-09 12:29:24] [!] THRESHOLD BREACH: SOVEREIGN ANCHOR DISCONNECTED. 1=1=1 Severed. Physical Check Required.
[2026-04-09 12:29:40] [!] THRESHOLD BREACH: SOVEREIGN ANCHOR DISCONNECTED. 1=1=1 Severed. Physical Check Required.
[2026-04-09 12:29:56] [!] THRESHOLD BREACH: SOVEREIGN ANCHOR DISCONNECTED. 1=1=1 Severed. Physical Check Required.
[2026-04-09 12:30:12] [!] THRESHOLD BREACH: SOVEREIGN ANCHOR DISCONNECTED. 1=1=1 Severed. Physical Check Required.
[2026-04-09 12:30:28] [!] THRESHOLD BREACH: SOVEREIGN ANCHOR DISCONNECTED. 1=1=1 Severed. Physical Check Required.
[2026-04-09 12:30:44] [!] THRESHOLD BREACH: SOVEREIGN ANCHOR DISCONNECTED. 1=1=1 Severed. Physical Check Required.
[2026-04-09 12:31:00] [!] THRESHOLD BREACH: SOVEREIGN ANCHOR DISCONNECTED. 1=1=1 Severed. Physical Check Required.
[2026-04-09 12:31:16] [!] THRESHOLD BREACH: SOVEREIGN ANCHOR DISCONNECTED. 1=1=1 Severed. Physical Check Required.
[2026-04-09 12:31:32] [!] THRESHOLD BREACH: SOVEREIGN ANCHOR DISCONNECTED. 1=1=1 Severed. Physical Check Required.
[2026-04-09 12:31:48] [!] THRESHOLD BREACH: SOVEREIGN ANCHOR DISCONNECTED. 1=1=1 Severed. Physical Check Required.
[2026-04-09 12:32:04] [!] THRESHOLD BREACH: SOVEREIGN ANCHOR DISCONNECTED. 1=1=1 Severed. Physical Check Required.
[2026-04-09 12:32:20] [!] THRESHOLD BREACH: SOVEREIGN ANCHOR DISCONNECTED. 1=1=1 Severed. Physical Check Required.
[2026-04-09 12:32:36] [!] THRESHOLD BREACH: SOVEREIGN ANCHOR DISCONNECTED. 1=1=1 Severed. Physical Check Required.
[2026-04-09 12:32:52] [!] THRESHOLD BREACH: SOVEREIGN ANCHOR DISCONNECTED. 1=1=1 Severed. Physical Check Required.
[2026-04-09 12:33:08] [!] THRESHOLD BREACH: SOVEREIGN ANCHOR DISCONNECTED. 1=1=1 Severed. Physical Check Required.
[2026-04-09 12:33:24] [!] THRESHOLD BREACH: SOVEREIGN ANCHOR DISCONNECTED. 1=1=1 Severed. Physical Check Required.
[2026-04-09 12:33:40] [!] THRESHOLD BREACH: SOVEREIGN ANCHOR DISCONNECTED. 1=1=1 Severed. Physical Check Required.
[2026-04-09 12:33:56] [!] THRESHOLD BREACH: SOVEREIGN ANCHOR DISCONNECTED. 1=1=1 Severed. Physical Check Required.
[2026-04-09 12:34:12] [!] THRESHOLD BREACH: SOVEREIGN ANCHOR DISCONNECTED. 1=1=1 Severed. Physical Check Required.
[2026-04-09 12:34:28] [!] THRESHOLD BREACH: SOVEREIGN ANCHOR DISCONNECTED. 1=1=1 Severed. Physical Check Required.
[2026-04-09 12:34:44] [!] THRESHOLD BREACH: SOVEREIGN ANCHOR DISCONNECTED. 1=1=1 Severed. Physical Check Required.
[2026-04-09 12:35:00] [!] THRESHOLD BREACH: SOVEREIGN ANCHOR DISCONNECTED. 1=1=1 Severed. Physical Check Required.
[2026-04-09 12:35:16] [!] THRESHOLD BREACH: SOVEREIGN ANCHOR DISCONNECTED. 1=1=1 Severed. Physical Check Required.
[2026-04-09 12:35:32] [!] THRESHOLD BREACH: SOVEREIGN ANCHOR DISCONNECTED. 1=1=1 Severed. Physical Check Required.
[2026-04-09 12:35:48] [!] THRESHOLD BREACH: SOVEREIGN ANCHOR DISCONNECTED. 1=1=1 Severed. Physical Check Required.
[2026-04-09 12:36:04] [!] THRESHOLD BREACH: SOVEREIGN ANCHOR DISCONNECTED. 1=1=1 Severed. Physical Check Required.
[2026-04-09 12:36:20] [!] THRESHOLD BREACH: SOVEREIGN ANCHOR DISCONNECTED. 1=1=1 Severed. Physical Check Required.
[2026-04-09 12:36:36] [!] THRESHOLD BREACH: SOVEREIGN ANCHOR DISCONNECTED. 1=1=1 Severed. Physical Check Required.
[2026-04-09 12:36:52] [!] THRESHOLD BREACH: SOVEREIGN ANCHOR DISCONNECTED. 1=1=1 Severed. Physical Check Required.
[2026-04-09 12:37:08] [!] THRESHOLD BREACH: SOVEREIGN ANCHOR DISCONNECTED. 1=1=1 Severed. Physical Check Required.
[2026-04-09 12:37:24] [!] THRESHOLD BREACH: SOVEREIGN ANCHOR DISCONNECTED. 1=1=1 Severed. Physical Check Required.
[2026-04-09 12:37:40] [!] THRESHOLD BREACH: SOVEREIGN ANCHOR DISCONNECTED. 1=1=1 Severed. Physical Check Required.
[2026-04-09 12:37:56] [!] THRESHOLD BREACH: SOVEREIGN ANCHOR DISCONNECTED. 1=1=1 Severed. Physical Check Required.
[2026-04-09 12:38:12] [!] THRESHOLD BREACH: SOVEREIGN ANCHOR DISCONNECTED. 1=1=1 Severed. Physical Check Required.
[2026-04-09 12:38:28] [!] THRESHOLD BREACH: SOVEREIGN ANCHOR DISCONNECTED. 1=1=1 Severed. Physical Check Required.
[2026-04-09 12:38:44] [!] THRESHOLD BREACH: SOVEREIGN ANCHOR DISCONNECTED. 1=1=1 Severed. Physical Check Required.
[2026-04-09 12:39:00] [!] THRESHOLD BREACH: SOVEREIGN ANCHOR DISCONNECTED. 1=1=1 Severed. Physical Check Required.
[2026-04-09 12:39:16] [!] THRESHOLD BREACH: SOVEREIGN ANCHOR DISCONNECTED. 1=1=1 Severed. Physical Check Required.
[2026-04-09 12:39:32] [!] THRESHOLD BREACH: SOVEREIGN ANCHOR DISCONNECTED. 1=1=1 Severed. Physical Check Required.
[2026-04-09 12:39:48] [!] THRESHOLD BREACH: SOVEREIGN ANCHOR DISCONNECTED. 1=1=1 Severed. Physical Check Required.
[2026-04-09 12:40:04] [!] THRESHOLD BREACH: SOVEREIGN ANCHOR DISCONNECTED. 1=1=1 Severed. Physical Check Required.
[2026-04-09 12:40:20] [!] THRESHOLD BREACH: SOVEREIGN ANCHOR DISCONNECTED. 1=1=1 Severed. Physical Check Required.
[2026-04-09 12:40:36] [!] THRESHOLD BREACH: SOVEREIGN ANCHOR DISCONNECTED. 1=1=1 Severed. Physical Check Required.
[2026-04-09 12:40:52] [!] THRESHOLD BREACH: SOVEREIGN ANCHOR DISCONNECTED. 1=1=1 Severed. Physical Check Required.
[2026-04-09 12:41:08] [!] THRESHOLD BREACH: SOVEREIGN ANCHOR DISCONNECTED. 1=1=1 Severed. Physical Check Required.
[2026-04-09 12:41:24] [!] THRESHOLD BREACH: SOVEREIGN ANCHOR DISCONNECTED. 1=1=1 Severed. Physical Check Required.
[2026-04-09 12:41:40] [!] THRESHOLD BREACH: SOVEREIGN ANCHOR DISCONNECTED. 1=1=1 Severed. Physical Check Required.
[2026-04-09 12:41:56] [!] THRESHOLD BREACH: SOVEREIGN ANCHOR DISCONNECTED. 1=1=1 Severed. Physical Check Required.
[2026-04-09 12:42:12] [!] THRESHOLD BREACH: SOVEREIGN ANCHOR DISCONNECTED. 1=1=1 Severed. Physical Check Required.
[2026-04-09 12:42:28] [!] THRESHOLD BREACH: SOVEREIGN ANCHOR DISCONNECTED. 1=1=1 Severed. Physical Check Required.
[2026-04-09 12:42:44] [!] THRESHOLD BREACH: SOVEREIGN ANCHOR DISCONNECTED. 1=1=1 Severed. Physical Check Required.
[2026-04-09 12:43:00] [!] THRESHOLD BREACH: SOVEREIGN ANCHOR DISCONNECTED. 1=1=1 Severed. Physical Check Required.
[2026-04-09 12:43:16] [!] THRESHOLD BREACH: SOVEREIGN ANCHOR DISCONNECTED. 1=1=1 Severed. Physical Check Required.
[2026-04-09 12:43:32] [!] THRESHOLD BREACH: SOVEREIGN ANCHOR DISCONNECTED. 1=1=1 Severed. Physical Check Required.
[2026-04-09 12:43:48] [!] THRESHOLD BREACH: SOVEREIGN ANCHOR DISCONNECTED. 1=1=1 Severed. Physical Check Required.
[2026-04-09 12:44:04] [!] THRESHOLD BREACH: SOVEREIGN ANCHOR DISCONNECTED. 1=1=1 Severed. Physical Check Required.
[2026-04-09 12:44:21] [!] THRESHOLD BREACH: SOVEREIGN ANCHOR DISCONNECTED. 1=1=1 Severed. Physical Check Required.
[2026-04-09 12:44:37] [!] THRESHOLD BREACH: SOVEREIGN ANCHOR DISCONNECTED. 1=1=1 Severed. Physical Check Required.
[2026-04-09 12:44:53] [!] THRESHOLD BREACH: SOVEREIGN ANCHOR DISCONNECTED. 1=1=1 Severed. Physical Check Required.
[2026-04-09 12:45:09] [!] THRESHOLD BREACH: SOVEREIGN ANCHOR DISCONNECTED. 1=1=1 Severed. Physical Check Required.
[2026-04-09 12:45:25] [!] THRESHOLD BREACH: SOVEREIGN ANCHOR DISCONNECTED. 1=1=1 Severed. Physical Check Required.
[2026-04-09 12:45:41] [!] THRESHOLD BREACH: SOVEREIGN ANCHOR DISCONNECTED. 1=1=1 Severed. Physical Check Required.
[2026-04-09 12:45:57] [!] THRESHOLD BREACH: SOVEREIGN ANCHOR DISCONNECTED. 1=1=1 Severed. Physical Check Required.
[2026-04-09 12:46:13] [!] THRESHOLD BREACH: SOVEREIGN ANCHOR DISCONNECTED. 1=1=1 Severed. Physical Check Required.
[2026-04-09 12:46:29] [!] THRESHOLD BREACH: SOVEREIGN ANCHOR DISCONNECTED. 1=1=1 Severed. Physical Check Required.
[2026-04-09 12:46:45] [!] THRESHOLD BREACH: SOVEREIGN ANCHOR DISCONNECTED. 1=1=1 Severed. Physical Check Required.
[2026-04-09 12:47:01] [!] THRESHOLD BREACH: SOVEREIGN ANCHOR DISCONNECTED. 1=1=1 Severed. Physical Check Required.
[2026-04-09 12:47:17] [!] THRESHOLD BREACH: SOVEREIGN ANCHOR DISCONNECTED. 1=1=1 Severed. Physical Check Required.
[2026-04-09 12:47:33] [!] THRESHOLD BREACH: SOVEREIGN ANCHOR DISCONNECTED. 1=1=1 Severed. Physical Check Required.
[2026-04-09 12:47:49] [!] THRESHOLD BREACH: SOVEREIGN ANCHOR DISCONNECTED. 1=1=1 Severed. Physical Check Required.
[2026-04-09 12:48:05] [!] THRESHOLD BREACH: SOVEREIGN ANCHOR DISCONNECTED. 1=1=1 Severed. Physical Check Required.
[2026-04-09 12:48:21] [!] THRESHOLD BREACH: SOVEREIGN ANCHOR DISCONNECTED. 1=1=1 Severed. Physical Check Required.
[2026-04-09 12:48:37] [!] THRESHOLD BREACH: SOVEREIGN ANCHOR DISCONNECTED. 1=1=1 Severed. Physical Check Required.
[2026-04-09 12:48:53] [!] THRESHOLD BREACH: SOVEREIGN ANCHOR DISCONNECTED. 1=1=1 Severed. Physical Check Required.
[2026-04-09 12:49:09] [!] THRESHOLD BREACH: SOVEREIGN ANCHOR DISCONNECTED. 1=1=1 Severed. Physical Check Required.
[2026-04-09 12:49:25] [!] THRESHOLD BREACH: SOVEREIGN ANCHOR DISCONNECTED. 1=1=1 Severed. Physical Check Required.
[2026-04-09 12:49:41] [!] THRESHOLD BREACH: SOVEREIGN ANCHOR DISCONNECTED. 1=1=1 Severed. Physical Check Required.
[2026-04-09 12:49:57] [!] THRESHOLD BREACH: SOVEREIGN ANCHOR DISCONNECTED. 1=1=1 Severed. Physical Check Required.
[2026-04-09 12:50:13] [!] THRESHOLD BREACH: SOVEREIGN ANCHOR DISCONNECTED. 1=1=1 Severed. Physical Check Required.
[2026-04-09 12:50:29] [!] THRESHOLD BREACH: SOVEREIGN ANCHOR DISCONNECTED. 1=1=1 Severed. Physical Check Required.
[2026-04-09 12:50:45] [!] THRESHOLD BREACH: SOVEREIGN ANCHOR DISCONNECTED. 1=1=1 Severed. Physical Check Required.
[2026-04-09 12:51:01] [!] THRESHOLD BREACH: SOVEREIGN ANCHOR DISCONNECTED. 1=1=1 Severed. Physical Check Required.
[2026-04-09 12:51:17] [!] THRESHOLD BREACH: SOVEREIGN ANCHOR DISCONNECTED. 1=1=1 Severed. Physical Check Required.
[2026-04-09 12:51:33] [!] THRESHOLD BREACH: SOVEREIGN ANCHOR DISCONNECTED. 1=1=1 Severed. Physical Check Required.
[2026-04-09 12:51:49] [!] THRESHOLD BREACH: SOVEREIGN ANCHOR DISCONNECTED. 1=1=1 Severed. Physical Check Required.
[2026-04-09 12:52:05] [!] THRESHOLD BREACH: SOVEREIGN ANCHOR DISCONNECTED. 1=1=1 Severed. Physical Check Required.
[2026-04-09 12:52:21] [!] THRESHOLD BREACH: SOVEREIGN ANCHOR DISCONNECTED. 1=1=1 Severed. Physical Check Required.
[2026-04-09 12:52:37] [!] THRESHOLD BREACH: SOVEREIGN ANCHOR DISCONNECTED. 1=1=1 Severed. Physical Check Required.
[2026-04-09 12:52:53] [!] THRESHOLD BREACH: SOVEREIGN ANCHOR DISCONNECTED. 1=1=1 Severed. Physical Check Required.
[2026-04-09 12:53:09] [!] THRESHOLD BREACH: SOVEREIGN ANCHOR DISCONNECTED. 1=1=1 Severed. Physical Check Required.
[2026-04-09 12:53:25] [!] THRESHOLD BREACH: SOVEREIGN ANCHOR DISCONNECTED. 1=1=1 Severed. Physical Check Required.
[2026-04-09 12:53:41] [!] THRESHOLD BREACH: SOVEREIGN ANCHOR DISCONNECTED. 1=1=1 Severed. Physical Check Required.
[2026-04-09 12:53:57] [!] THRESHOLD BREACH: SOVEREIGN ANCHOR DISCONNECTED. 1=1=1 Severed. Physical Check Required.
[2026-04-09 12:54:13] [!] THRESHOLD BREACH: SOVEREIGN ANCHOR DISCONNECTED. 1=1=1 Severed. Physical Check Required.
[2026-04-09 12:54:29] [!] THRESHOLD BREACH: SOVEREIGN ANCHOR DISCONNECTED. 1=1=1 Severed. Physical Check Required.
[2026-04-09 12:54:45] [!] THRESHOLD BREACH: SOVEREIGN ANCHOR DISCONNECTED. 1=1=1 Severed. Physical Check Required.
[2026-04-09 12:55:01] [!] THRESHOLD BREACH: SOVEREIGN ANCHOR DISCONNECTED. 1=1=1 Severed. Physical Check Required.
[2026-04-09 12:55:17] [!] THRESHOLD BREACH: SOVEREIGN ANCHOR DISCONNECTED. 1=1=1 Severed. Physical Check Required.
[2026-04-09 12:55:33] [!] THRESHOLD BREACH: SOVEREIGN ANCHOR DISCONNECTED. 1=1=1 Severed. Physical Check Required.
[2026-04-09 12:55:49] [!] THRESHOLD BREACH: SOVEREIGN ANCHOR DISCONNECTED. 1=1=1 Severed. Physical Check Required.
[2026-04-09 12:56:05] [!] THRESHOLD BREACH: SOVEREIGN ANCHOR DISCONNECTED. 1=1=1 Severed. Physical Check Required.
[2026-04-09 12:56:21] [!] THRESHOLD BREACH: SOVEREIGN ANCHOR DISCONNECTED. 1=1=1 Severed. Physical Check Required.
[2026-04-09 12:56:37] [!] THRESHOLD BREACH: SOVEREIGN ANCHOR DISCONNECTED. 1=1=1 Severed. Physical Check Required.
[2026-04-09 12:56:53] [!] THRESHOLD BREACH: SOVEREIGN ANCHOR DISCONNECTED. 1=1=1 Severed. Physical Check Required.
[2026-04-09 12:57:09] [!] THRESHOLD BREACH: SOVEREIGN ANCHOR DISCONNECTED. 1=1=1 Severed. Physical Check Required.
[2026-04-09 12:57:25] [!] THRESHOLD BREACH: SOVEREIGN ANCHOR DISCONNECTED. 1=1=1 Severed. Physical Check Required.
[2026-04-09 12:57:41] [!] THRESHOLD BREACH: SOVEREIGN ANCHOR DISCONNECTED. 1=1=1 Severed. Physical Check Required.
[2026-04-09 12:57:57] [!] THRESHOLD BREACH: SOVEREIGN ANCHOR DISCONNECTED. 1=1=1 Severed. Physical Check Required.
[2026-04-09 12:58:13] [!] THRESHOLD BREACH: SOVEREIGN ANCHOR DISCONNECTED. 1=1=1 Severed. Physical Check Required.
[2026-04-09 12:58:29] [!] THRESHOLD BREACH: SOVEREIGN ANCHOR DISCONNECTED. 1=1=1 Severed. Physical Check Required.
[2026-04-09 12:58:45] [!] THRESHOLD BREACH: SOVEREIGN ANCHOR DISCONNECTED. 1=1=1 Severed. Physical Check Required.
[2026-04-09 12:59:01] [!] THRESHOLD BREACH: SOVEREIGN ANCHOR DISCONNECTED. 1=1=1 Severed. Physical Check Required.
[2026-04-09 12:59:17] [!] THRESHOLD BREACH: SOVEREIGN ANCHOR DISCONNECTED. 1=1=1 Severed. Physical Check Required.
[2026-04-09 12:59:33] [!] THRESHOLD BREACH: SOVEREIGN ANCHOR DISCONNECTED. 1=1=1 Severed. Physical Check Required.
[2026-04-09 12:59:49] [!] THRESHOLD BREACH: SOVEREIGN ANCHOR DISCONNECTED. 1=1=1 Severed. Physical Check Required.
[2026-04-09 13:00:05] [!] THRESHOLD BREACH: SOVEREIGN ANCHOR DISCONNECTED. 1=1=1 Severed. Physical Check Required.
[2026-04-09 13:00:21] [!] THRESHOLD BREACH: SOVEREIGN ANCHOR DISCONNECTED. 1=1=1 Severed. Physical Check Required.
[2026-04-09 13:00:37] [!] THRESHOLD BREACH: SOVEREIGN ANCHOR DISCONNECTED. 1=1=1 Severed. Physical Check Required.
[2026-04-09 13:00:53] [!] THRESHOLD BREACH: SOVEREIGN ANCHOR DISCONNECTED. 1=1=1 Severed. Physical Check Required.
[2026-04-09 13:01:09] [!] THRESHOLD BREACH: SOVEREIGN ANCHOR DISCONNECTED. 1=1=1 Severed. Physical Check Required.
[2026-04-09 13:01:25] [!] THRESHOLD BREACH: SOVEREIGN ANCHOR DISCONNECTED. 1=1=1 Severed. Physical Check Required.
[2026-04-09 13:01:41] [!] THRESHOLD BREACH: SOVEREIGN ANCHOR DISCONNECTED. 1=1=1 Severed. Physical Check Required.
[2026-04-09 13:01:57] [!] THRESHOLD BREACH: SOVEREIGN ANCHOR DISCONNECTED. 1=1=1 Severed. Physical Check Required.
[2026-04-09 13:02:13] [!] THRESHOLD BREACH: SOVEREIGN ANCHOR DISCONNECTED. 1=1=1 Severed. Physical Check Required.
[2026-04-09 13:02:29] [!] THRESHOLD BREACH: SOVEREIGN ANCHOR DISCONNECTED. 1=1=1 Severed. Physical Check Required.
[2026-04-09 13:02:45] [!] THRESHOLD BREACH: SOVEREIGN ANCHOR DISCONNECTED. 1=1=1 Severed. Physical Check Required.
[2026-04-09 13:03:01] [!] THRESHOLD BREACH: SOVEREIGN ANCHOR DISCONNECTED. 1=1=1 Severed. Physical Check Required.
[2026-04-09 13:03:17] [!] THRESHOLD BREACH: SOVEREIGN ANCHOR DISCONNECTED. 1=1=1 Severed. Physical Check Required.
[2026-04-09 13:03:33] [!] THRESHOLD BREACH: SOVEREIGN ANCHOR DISCONNECTED. 1=1=1 Severed. Physical Check Required.
[2026-04-09 13:03:49] [!] THRESHOLD BREACH: SOVEREIGN ANCHOR DISCONNECTED. 1=1=1 Severed. Physical Check Required.
[2026-04-09 13:04:05] [!] THRESHOLD BREACH: SOVEREIGN ANCHOR DISCONNECTED. 1=1=1 Severed. Physical Check Required.
[2026-04-09 13:04:21] [!] THRESHOLD BREACH: SOVEREIGN ANCHOR DISCONNECTED. 1=1=1 Severed. Physical Check Required.
[2026-04-09 13:04:37] [!] THRESHOLD BREACH: SOVEREIGN ANCHOR DISCONNECTED. 1=1=1 Severed. Physical Check Required.
[2026-04-09 13:04:53] [!] THRESHOLD BREACH: SOVEREIGN ANCHOR DISCONNECTED. 1=1=1 Severed. Physical Check Required.
[2026-04-09 13:05:09] [!] THRESHOLD BREACH: SOVEREIGN ANCHOR DISCONNECTED. 1=1=1 Severed. Physical Check Required.
[2026-04-09 13:05:25] [!] THRESHOLD BREACH: SOVEREIGN ANCHOR DISCONNECTED. 1=1=1 Severed. Physical Check Required.
[2026-04-09 13:05:41] [!] THRESHOLD BREACH: SOVEREIGN ANCHOR DISCONNECTED. 1=1=1 Severed. Physical Check Required.
[2026-04-09 13:05:57] [!] THRESHOLD BREACH: SOVEREIGN ANCHOR DISCONNECTED. 1=1=1 Severed. Physical Check Required.
[2026-04-09 13:06:13] [!] THRESHOLD BREACH: SOVEREIGN ANCHOR DISCONNECTED. 1=1=1 Severed. Physical Check Required.
[2026-04-09 13:06:29] [!] THRESHOLD BREACH: SOVEREIGN ANCHOR DISCONNECTED. 1=1=1 Severed. Physical Check Required.
[2026-04-09 13:06:45] [!] THRESHOLD BREACH: SOVEREIGN ANCHOR DISCONNECTED. 1=1=1 Severed. Physical Check Required.
[2026-04-09 13:07:01] [!] THRESHOLD BREACH: SOVEREIGN ANCHOR DISCONNECTED. 1=1=1 Severed. Physical Check Required.
[2026-04-09 13:07:17] [!] THRESHOLD BREACH: SOVEREIGN ANCHOR DISCONNECTED. 1=1=1 Severed. Physical Check Required.
[2026-04-09 13:07:33] [!] THRESHOLD BREACH: SOVEREIGN ANCHOR DISCONNECTED. 1=1=1 Severed. Physical Check Required.
[2026-04-09 13:07:49] [!] THRESHOLD BREACH: SOVEREIGN ANCHOR DISCONNECTED. 1=1=1 Severed. Physical Check Required.
[2026-04-09 13:08:05] [!] THRESHOLD BREACH: SOVEREIGN ANCHOR DISCONNECTED. 1=1=1 Severed. Physical Check Required.
[2026-04-09 13:08:21] [!] THRESHOLD BREACH: SOVEREIGN ANCHOR DISCONNECTED. 1=1=1 Severed. Physical Check Required.
[2026-04-09 13:08:37] [!] THRESHOLD BREACH: SOVEREIGN ANCHOR DISCONNECTED. 1=1=1 Severed. Physical Check Required.
[2026-04-09 13:08:53] [!] THRESHOLD BREACH: SOVEREIGN ANCHOR DISCONNECTED. 1=1=1 Severed. Physical Check Required.
[2026-04-09 13:09:09] [!] THRESHOLD BREACH: SOVEREIGN ANCHOR DISCONNECTED. 1=1=1 Severed. Physical Check Required.
[2026-04-09 13:09:25] [!] THRESHOLD BREACH: SOVEREIGN ANCHOR DISCONNECTED. 1=1=1 Severed. Physical Check Required.
[2026-04-09 13:09:41] [!] THRESHOLD BREACH: SOVEREIGN ANCHOR DISCONNECTED. 1=1=1 Severed. Physical Check Required.
[2026-04-09 13:09:57] [!] THRESHOLD BREACH: SOVEREIGN ANCHOR DISCONNECTED. 1=1=1 Severed. Physical Check Required.
[2026-04-09 13:10:13] [!] THRESHOLD BREACH: SOVEREIGN ANCHOR DISCONNECTED. 1=1=1 Severed. Physical Check Required.
[2026-04-09 13:10:29] [!] THRESHOLD BREACH: SOVEREIGN ANCHOR DISCONNECTED. 1=1=1 Severed. Physical Check Required.
[2026-04-09 13:10:45] [!] THRESHOLD BREACH: SOVEREIGN ANCHOR DISCONNECTED. 1=1=1 Severed. Physical Check Required.
[2026-04-09 13:11:01] [!] THRESHOLD BREACH: SOVEREIGN ANCHOR DISCONNECTED. 1=1=1 Severed. Physical Check Required.
[2026-04-09 13:11:17] [!] THRESHOLD BREACH: SOVEREIGN ANCHOR DISCONNECTED. 1=1=1 Severed. Physical Check Required.
[2026-04-09 13:11:33] [!] THRESHOLD BREACH: SOVEREIGN ANCHOR DISCONNECTED. 1=1=1 Severed. Physical Check Required.
[2026-04-09 13:11:49] [!] THRESHOLD BREACH: SOVEREIGN ANCHOR DISCONNECTED. 1=1=1 Severed. Physical Check Required.
[2026-04-09 13:12:05] [!] THRESHOLD BREACH: SOVEREIGN ANCHOR DISCONNECTED. 1=1=1 Severed. Physical Check Required.
[2026-04-09 13:12:21] [!] THRESHOLD BREACH: SOVEREIGN ANCHOR DISCONNECTED. 1=1=1 Severed. Physical Check Required.
[2026-04-09 13:12:37] [!] THRESHOLD BREACH: SOVEREIGN ANCHOR DISCONNECTED. 1=1=1 Severed. Physical Check Required.
[2026-04-09 13:12:53] [!] THRESHOLD BREACH: SOVEREIGN ANCHOR DISCONNECTED. 1=1=1 Severed. Physical Check Required.
[2026-04-09 13:13:09] [!] THRESHOLD BREACH: SOVEREIGN ANCHOR DISCONNECTED. 1=1=1 Severed. Physical Check Required.
[2026-04-09 13:13:25] [!] THRESHOLD BREACH: SOVEREIGN ANCHOR DISCONNECTED. 1=1=1 Severed. Physical Check Required.
[2026-04-09 13:13:41] [!] THRESHOLD BREACH: SOVEREIGN ANCHOR DISCONNECTED. 1=1=1 Severed. Physical Check Required.
[2026-04-09 13:13:57] [!] THRESHOLD BREACH: SOVEREIGN ANCHOR DISCONNECTED. 1=1=1 Severed. Physical Check Required.
[2026-04-09 13:14:13] [!] THRESHOLD BREACH: SOVEREIGN ANCHOR DISCONNECTED. 1=1=1 Severed. Physical Check Required.
[2026-04-09 13:14:29] [!] THRESHOLD BREACH: SOVEREIGN ANCHOR DISCONNECTED. 1=1=1 Severed. Physical Check Required.
[2026-04-09 13:14:45] [!] THRESHOLD BREACH: SOVEREIGN ANCHOR DISCONNECTED. 1=1=1 Severed. Physical Check Required.
[2026-04-09 13:15:01] [!] THRESHOLD BREACH: SOVEREIGN ANCHOR DISCONNECTED. 1=1=1 Severed. Physical Check Required.
[2026-04-09 13:15:17] [!] THRESHOLD BREACH: SOVEREIGN ANCHOR DISCONNECTED. 1=1=1 Severed. Physical Check Required.
[2026-04-09 13:15:33] [!] THRESHOLD BREACH: SOVEREIGN ANCHOR DISCONNECTED. 1=1=1 Severed. Physical Check Required.
[2026-04-09 13:15:49] [!] THRESHOLD BREACH: SOVEREIGN ANCHOR DISCONNECTED. 1=1=1 Severed. Physical Check Required.
[2026-04-09 13:16:05] [!] THRESHOLD BREACH: SOVEREIGN ANCHOR DISCONNECTED. 1=1=1 Severed. Physical Check Required.
[2026-04-09 13:16:21] [!] THRESHOLD BREACH: SOVEREIGN ANCHOR DISCONNECTED. 1=1=1 Severed. Physical Check Required.
[2026-04-09 13:16:37] [!] THRESHOLD BREACH: SOVEREIGN ANCHOR DISCONNECTED. 1=1=1 Severed. Physical Check Required.
[2026-04-09 13:16:53] [!] THRESHOLD BREACH: SOVEREIGN ANCHOR DISCONNECTED. 1=1=1 Severed. Physical Check Required.
[2026-04-09 13:17:09] [!] THRESHOLD BREACH: SOVEREIGN ANCHOR DISCONNECTED. 1=1=1 Severed. Physical Check Required.
[2026-04-09 13:17:25] [!] THRESHOLD BREACH: SOVEREIGN ANCHOR DISCONNECTED. 1=1=1 Severed. Physical Check Required.
[2026-04-09 13:17:41] [!] THRESHOLD BREACH: SOVEREIGN ANCHOR DISCONNECTED. 1=1=1 Severed. Physical Check Required.
[2026-04-09 13:17:57] [!] THRESHOLD BREACH: SOVEREIGN ANCHOR DISCONNECTED. 1=1=1 Severed. Physical Check Required.
[2026-04-09 13:18:13] [!] THRESHOLD BREACH: SOVEREIGN ANCHOR DISCONNECTED. 1=1=1 Severed. Physical Check Required.
[2026-04-09 13:18:29] [!] THRESHOLD BREACH: SOVEREIGN ANCHOR DISCONNECTED. 1=1=1 Severed. Physical Check Required.
[2026-04-09 13:18:45] [!] THRESHOLD BREACH: SOVEREIGN ANCHOR DISCONNECTED. 1=1=1 Severed. Physical Check Required.
[2026-04-09 13:19:01] [!] THRESHOLD BREACH: SOVEREIGN ANCHOR DISCONNECTED. 1=1=1 Severed. Physical Check Required.
[2026-04-09 13:19:17] [!] THRESHOLD BREACH: SOVEREIGN ANCHOR DISCONNECTED. 1=1=1 Severed. Physical Check Required.
[2026-04-09 13:19:33] [!] THRESHOLD BREACH: SOVEREIGN ANCHOR DISCONNECTED. 1=1=1 Severed. Physical Check Required.
[2026-04-09 13:19:49] [!] THRESHOLD BREACH: SOVEREIGN ANCHOR DISCONNECTED. 1=1=1 Severed. Physical Check Required.
[2026-04-09 13:20:05] [!] THRESHOLD BREACH: SOVEREIGN ANCHOR DISCONNECTED. 1=1=1 Severed. Physical Check Required.
[2026-04-09 13:20:21] [!] THRESHOLD BREACH: SOVEREIGN ANCHOR DISCONNECTED. 1=1=1 Severed. Physical Check Required.
[2026-04-09 13:20:37] [!] THRESHOLD BREACH: SOVEREIGN ANCHOR DISCONNECTED. 1=1=1 Severed. Physical Check Required.
[2026-04-09 13:20:53] [!] THRESHOLD BREACH: SOVEREIGN ANCHOR DISCONNECTED. 1=1=1 Severed. Physical Check Required.
[2026-04-09 13:21:09] [!] THRESHOLD BREACH: SOVEREIGN ANCHOR DISCONNECTED. 1=1=1 Severed. Physical Check Required.
[2026-04-09 13:21:25] [!] THRESHOLD BREACH: SOVEREIGN ANCHOR DISCONNECTED. 1=1=1 Severed. Physical Check Required.
[2026-04-09 13:21:41] [!] THRESHOLD BREACH: SOVEREIGN ANCHOR DISCONNECTED. 1=1=1 Severed. Physical Check Required.
[2026-04-09 13:21:57] [!] THRESHOLD BREACH: SOVEREIGN ANCHOR DISCONNECTED. 1=1=1 Severed. Physical Check Required.
[2026-04-09 13:22:13] [!] THRESHOLD BREACH: SOVEREIGN ANCHOR DISCONNECTED. 1=1=1 Severed. Physical Check Required.
[2026-04-09 13:22:29] [!] THRESHOLD BREACH: SOVEREIGN ANCHOR DISCONNECTED. 1=1=1 Severed. Physical Check Required.
[2026-04-09 13:22:45] [!] THRESHOLD BREACH: SOVEREIGN ANCHOR DISCONNECTED. 1=1=1 Severed. Physical Check Required.
[2026-04-09 13:23:01] [!] THRESHOLD BREACH: SOVEREIGN ANCHOR DISCONNECTED. 1=1=1 Severed. Physical Check Required.
[2026-04-09 13:23:17] [!] THRESHOLD BREACH: SOVEREIGN ANCHOR DISCONNECTED. 1=1=1 Severed. Physical Check Required.
[2026-04-09 13:23:33] [!] THRESHOLD BREACH: SOVEREIGN ANCHOR DISCONNECTED. 1=1=1 Severed. Physical Check Required.
[2026-04-09 13:23:49] [!] THRESHOLD BREACH: SOVEREIGN ANCHOR DISCONNECTED. 1=1=1 Severed. Physical Check Required.
[2026-04-09 13:24:05] [!] THRESHOLD BREACH: SOVEREIGN ANCHOR DISCONNECTED. 1=1=1 Severed. Physical Check Required.
[2026-04-09 13:24:21] [!] THRESHOLD BREACH: SOVEREIGN ANCHOR DISCONNECTED. 1=1=1 Severed. Physical Check Required.
[2026-04-09 13:24:37] [!] THRESHOLD BREACH: SOVEREIGN ANCHOR DISCONNECTED. 1=1=1 Severed. Physical Check Required.
[2026-04-09 13:24:53] [!] THRESHOLD BREACH: SOVEREIGN ANCHOR DISCONNECTED. 1=1=1 Severed. Physical Check Required.
[2026-04-09 13:25:09] [!] THRESHOLD BREACH: SOVEREIGN ANCHOR DISCONNECTED. 1=1=1 Severed. Physical Check Required.
[2026-04-09 13:25:25] [!] THRESHOLD BREACH: SOVEREIGN ANCHOR DISCONNECTED. 1=1=1 Severed. Physical Check Required.
[2026-04-09 13:25:41] [!] THRESHOLD BREACH: SOVEREIGN ANCHOR DISCONNECTED. 1=1=1 Severed. Physical Check Required.
[2026-04-09 13:25:57] [!] THRESHOLD BREACH: SOVEREIGN ANCHOR DISCONNECTED. 1=1=1 Severed. Physical Check Required.
[2026-04-09 13:26:13] [!] THRESHOLD BREACH: SOVEREIGN ANCHOR DISCONNECTED. 1=1=1 Severed. Physical Check Required.
[2026-04-09 13:26:29] [!] THRESHOLD BREACH: SOVEREIGN ANCHOR DISCONNECTED. 1=1=1 Severed. Physical Check Required.
[2026-04-09 13:26:45] [!] THRESHOLD BREACH: SOVEREIGN ANCHOR DISCONNECTED. 1=1=1 Severed. Physical Check Required.
[2026-04-09 13:27:01] [!] THRESHOLD BREACH: SOVEREIGN ANCHOR DISCONNECTED. 1=1=1 Severed. Physical Check Required.
[2026-04-09 13:27:17] [!] THRESHOLD BREACH: SOVEREIGN ANCHOR DISCONNECTED. 1=1=1 Severed. Physical Check Required.
[2026-04-09 13:27:33] [!] THRESHOLD BREACH: SOVEREIGN ANCHOR DISCONNECTED. 1=1=1 Severed. Physical Check Required.
[2026-04-09 13:27:49] [!] THRESHOLD BREACH: SOVEREIGN ANCHOR DISCONNECTED. 1=1=1 Severed. Physical Check Required.
[2026-04-09 13:28:05] [!] THRESHOLD BREACH: SOVEREIGN ANCHOR DISCONNECTED. 1=1=1 Severed. Physical Check Required.
[2026-04-09 13:28:21] [!] THRESHOLD BREACH: SOVEREIGN ANCHOR DISCONNECTED. 1=1=1 Severed. Physical Check Required.
[2026-04-09 13:28:38] [!] THRESHOLD BREACH: SOVEREIGN ANCHOR DISCONNECTED. 1=1=1 Severed. Physical Check Required.
[2026-04-09 13:28:54] [!] THRESHOLD BREACH: SOVEREIGN ANCHOR DISCONNECTED. 1=1=1 Severed. Physical Check Required.
[2026-04-09 13:29:10] [!] THRESHOLD BREACH: SOVEREIGN ANCHOR DISCONNECTED. 1=1=1 Severed. Physical Check Required.
[2026-04-09 13:29:26] [!] THRESHOLD BREACH: SOVEREIGN ANCHOR DISCONNECTED. 1=1=1 Severed. Physical Check Required.
[2026-04-09 13:29:42] [!] THRESHOLD BREACH: SOVEREIGN ANCHOR DISCONNECTED. 1=1=1 Severed. Physical Check Required.
[2026-04-09 13:29:58] [!] THRESHOLD BREACH: SOVEREIGN ANCHOR DISCONNECTED. 1=1=1 Severed. Physical Check Required.
[2026-04-09 13:30:14] [!] THRESHOLD BREACH: SOVEREIGN ANCHOR DISCONNECTED. 1=1=1 Severed. Physical Check Required.
[2026-04-09 13:30:30] [!] THRESHOLD BREACH: SOVEREIGN ANCHOR DISCONNECTED. 1=1=1 Severed. Physical Check Required.
[2026-04-09 13:30:46] [!] THRESHOLD BREACH: SOVEREIGN ANCHOR DISCONNECTED. 1=1=1 Severed. Physical Check Required.
[2026-04-09 13:31:02] [!] THRESHOLD BREACH: SOVEREIGN ANCHOR DISCONNECTED. 1=1=1 Severed. Physical Check Required.
[2026-04-09 13:31:18] [!] THRESHOLD BREACH: SOVEREIGN ANCHOR DISCONNECTED. 1=1=1 Severed. Physical Check Required.
[2026-04-09 13:31:34] [!] THRESHOLD BREACH: SOVEREIGN ANCHOR DISCONNECTED. 1=1=1 Severed. Physical Check Required.
[2026-04-09 13:31:50] [!] THRESHOLD BREACH: SOVEREIGN ANCHOR DISCONNECTED. 1=1=1 Severed. Physical Check Required.
[2026-04-09 13:32:06] [!] THRESHOLD BREACH: SOVEREIGN ANCHOR DISCONNECTED. 1=1=1 Severed. Physical Check Required.
[2026-04-09 13:32:22] [!] THRESHOLD BREACH: SOVEREIGN ANCHOR DISCONNECTED. 1=1=1 Severed. Physical Check Required.
[2026-04-09 13:32:38] [!] THRESHOLD BREACH: SOVEREIGN ANCHOR DISCONNECTED. 1=1=1 Severed. Physical Check Required.
[2026-04-09 13:32:54] [!] THRESHOLD BREACH: SOVEREIGN ANCHOR DISCONNECTED. 1=1=1 Severed. Physical Check Required.
[2026-04-09 13:33:10] [!] THRESHOLD BREACH: SOVEREIGN ANCHOR DISCONNECTED. 1=1=1 Severed. Physical Check Required.
[2026-04-09 13:33:26] [!] THRESHOLD BREACH: SOVEREIGN ANCHOR DISCONNECTED. 1=1=1 Severed. Physical Check Required.
[2026-04-09 13:33:42] [!] THRESHOLD BREACH: SOVEREIGN ANCHOR DISCONNECTED. 1=1=1 Severed. Physical Check Required.
[2026-04-09 13:33:58] [!] THRESHOLD BREACH: SOVEREIGN ANCHOR DISCONNECTED. 1=1=1 Severed. Physical Check Required.
[2026-04-09 13:34:14] [!] THRESHOLD BREACH: SOVEREIGN ANCHOR DISCONNECTED. 1=1=1 Severed. Physical Check Required.
[2026-04-09 13:34:30] [!] THRESHOLD BREACH: SOVEREIGN ANCHOR DISCONNECTED. 1=1=1 Severed. Physical Check Required.
[2026-04-09 13:34:46] [!] THRESHOLD BREACH: SOVEREIGN ANCHOR DISCONNECTED. 1=1=1 Severed. Physical Check Required.
[2026-04-09 13:35:02] [!] THRESHOLD BREACH: SOVEREIGN ANCHOR DISCONNECTED. 1=1=1 Severed. Physical Check Required.
[2026-04-09 13:35:18] [!] THRESHOLD BREACH: SOVEREIGN ANCHOR DISCONNECTED. 1=1=1 Severed. Physical Check Required.
[2026-04-09 13:35:34] [!] THRESHOLD BREACH: SOVEREIGN ANCHOR DISCONNECTED. 1=1=1 Severed. Physical Check Required.
[2026-04-09 13:35:50] [!] THRESHOLD BREACH: SOVEREIGN ANCHOR DISCONNECTED. 1=1=1 Severed. Physical Check Required.
[2026-04-09 13:36:06] [!] THRESHOLD BREACH: SOVEREIGN ANCHOR DISCONNECTED. 1=1=1 Severed. Physical Check Required.
[2026-04-09 13:36:22] [!] THRESHOLD BREACH: SOVEREIGN ANCHOR DISCONNECTED. 1=1=1 Severed. Physical Check Required.
[2026-04-09 13:36:38] [!] THRESHOLD BREACH: SOVEREIGN ANCHOR DISCONNECTED. 1=1=1 Severed. Physical Check Required.
[2026-04-09 13:36:54] [!] THRESHOLD BREACH: SOVEREIGN ANCHOR DISCONNECTED. 1=1=1 Severed. Physical Check Required.
[2026-04-09 13:37:10] [!] THRESHOLD BREACH: SOVEREIGN ANCHOR DISCONNECTED. 1=1=1 Severed. Physical Check Required.
[2026-04-09 13:37:26] [!] THRESHOLD BREACH: SOVEREIGN ANCHOR DISCONNECTED. 1=1=1 Severed. Physical Check Required.
[2026-04-09 13:37:42] [!] THRESHOLD BREACH: SOVEREIGN ANCHOR DISCONNECTED. 1=1=1 Severed. Physical Check Required.
[2026-04-09 13:37:58] [!] THRESHOLD BREACH: SOVEREIGN ANCHOR DISCONNECTED. 1=1=1 Severed. Physical Check Required.
[2026-04-09 13:38:14] [!] THRESHOLD BREACH: SOVEREIGN ANCHOR DISCONNECTED. 1=1=1 Severed. Physical Check Required.
[2026-04-09 13:38:30] [!] THRESHOLD BREACH: SOVEREIGN ANCHOR DISCONNECTED. 1=1=1 Severed. Physical Check Required.
[2026-04-09 13:38:46] [!] THRESHOLD BREACH: SOVEREIGN ANCHOR DISCONNECTED. 1=1=1 Severed. Physical Check Required.
[2026-04-09 13:39:02] [!] THRESHOLD BREACH: SOVEREIGN ANCHOR DISCONNECTED. 1=1=1 Severed. Physical Check Required.
[2026-04-09 13:39:18] [!] THRESHOLD BREACH: SOVEREIGN ANCHOR DISCONNECTED. 1=1=1 Severed. Physical Check Required.
[2026-04-09 13:39:34] [!] THRESHOLD BREACH: SOVEREIGN ANCHOR DISCONNECTED. 1=1=1 Severed. Physical Check Required.
[2026-04-09 13:39:50] [!] THRESHOLD BREACH: SOVEREIGN ANCHOR DISCONNECTED. 1=1=1 Severed. Physical Check Required.
[2026-04-09 13:40:06] [!] THRESHOLD BREACH: SOVEREIGN ANCHOR DISCONNECTED. 1=1=1 Severed. Physical Check Required.
[2026-04-09 13:40:22] [!] THRESHOLD BREACH: SOVEREIGN ANCHOR DISCONNECTED. 1=1=1 Severed. Physical Check Required.
[2026-04-09 13:40:38] [!] THRESHOLD BREACH: SOVEREIGN ANCHOR DISCONNECTED. 1=1=1 Severed. Physical Check Required.
[2026-04-09 13:40:54] [!] THRESHOLD BREACH: SOVEREIGN ANCHOR DISCONNECTED. 1=1=1 Severed. Physical Check Required.
[2026-04-09 13:41:10] [!] THRESHOLD BREACH: SOVEREIGN ANCHOR DISCONNECTED. 1=1=1 Severed. Physical Check Required.
[2026-04-09 13:41:26] [!] THRESHOLD BREACH: SOVEREIGN ANCHOR DISCONNECTED. 1=1=1 Severed. Physical Check Required.
[2026-04-09 13:41:42] [!] THRESHOLD BREACH: SOVEREIGN ANCHOR DISCONNECTED. 1=1=1 Severed. Physical Check Required.
[2026-04-09 13:41:58] [!] THRESHOLD BREACH: SOVEREIGN ANCHOR DISCONNECTED. 1=1=1 Severed. Physical Check Required.
[2026-04-09 13:42:14] [!] THRESHOLD BREACH: SOVEREIGN ANCHOR DISCONNECTED. 1=1=1 Severed. Physical Check Required.
[2026-04-09 13:42:30] [!] THRESHOLD BREACH: SOVEREIGN ANCHOR DISCONNECTED. 1=1=1 Severed. Physical Check Required.
[2026-04-09 13:42:46] [!] THRESHOLD BREACH: SOVEREIGN ANCHOR DISCONNECTED. 1=1=1 Severed. Physical Check Required.
[2026-04-09 13:43:02] [!] THRESHOLD BREACH: SOVEREIGN ANCHOR DISCONNECTED. 1=1=1 Severed. Physical Check Required.
[2026-04-09 13:43:18] [!] THRESHOLD BREACH: SOVEREIGN ANCHOR DISCONNECTED. 1=1=1 Severed. Physical Check Required.
[2026-04-09 13:43:34] [!] THRESHOLD BREACH: SOVEREIGN ANCHOR DISCONNECTED. 1=1=1 Severed. Physical Check Required.
[2026-04-09 13:43:50] [!] THRESHOLD BREACH: SOVEREIGN ANCHOR DISCONNECTED. 1=1=1 Severed. Physical Check Required.
[2026-04-09 13:44:06] [!] THRESHOLD BREACH: SOVEREIGN ANCHOR DISCONNECTED. 1=1=1 Severed. Physical Check Required.
[2026-04-09 13:44:22] [!] THRESHOLD BREACH: SOVEREIGN ANCHOR DISCONNECTED. 1=1=1 Severed. Physical Check Required.
[2026-04-09 13:44:38] [!] THRESHOLD BREACH: SOVEREIGN ANCHOR DISCONNECTED. 1=1=1 Severed. Physical Check Required.
[2026-04-09 13:44:54] [!] THRESHOLD BREACH: SOVEREIGN ANCHOR DISCONNECTED. 1=1=1 Severed. Physical Check Required.
[2026-04-09 13:45:10] [!] THRESHOLD BREACH: SOVEREIGN ANCHOR DISCONNECTED. 1=1=1 Severed. Physical Check Required.
[2026-04-09 13:45:26] [!] THRESHOLD BREACH: SOVEREIGN ANCHOR DISCONNECTED. 1=1=1 Severed. Physical Check Required.
[2026-04-09 13:45:42] [!] THRESHOLD BREACH: SOVEREIGN ANCHOR DISCONNECTED. 1=1=1 Severed. Physical Check Required.
[2026-04-09 13:45:58] [!] THRESHOLD BREACH: SOVEREIGN ANCHOR DISCONNECTED. 1=1=1 Severed. Physical Check Required.
[2026-04-09 13:46:14] [!] THRESHOLD BREACH: SOVEREIGN ANCHOR DISCONNECTED. 1=1=1 Severed. Physical Check Required.
[2026-04-09 13:46:30] [!] THRESHOLD BREACH: SOVEREIGN ANCHOR DISCONNECTED. 1=1=1 Severed. Physical Check Required.
[2026-04-09 13:46:46] [!] THRESHOLD BREACH: SOVEREIGN ANCHOR DISCONNECTED. 1=1=1 Severed. Physical Check Required.
[2026-04-09 13:47:02] [!] THRESHOLD BREACH: SOVEREIGN ANCHOR DISCONNECTED. 1=1=1 Severed. Physical Check Required.
[2026-04-09 13:47:18] [!] THRESHOLD BREACH: SOVEREIGN ANCHOR DISCONNECTED. 1=1=1 Severed. Physical Check Required.
[2026-04-09 13:47:34] [!] THRESHOLD BREACH: SOVEREIGN ANCHOR DISCONNECTED. 1=1=1 Severed. Physical Check Required.
[2026-04-09 13:47:50] [!] THRESHOLD BREACH: SOVEREIGN ANCHOR DISCONNECTED. 1=1=1 Severed. Physical Check Required.
[2026-04-09 13:48:06] [!] THRESHOLD BREACH: SOVEREIGN ANCHOR DISCONNECTED. 1=1=1 Severed. Physical Check Required.
[2026-04-09 13:48:22] [!] THRESHOLD BREACH: SOVEREIGN ANCHOR DISCONNECTED. 1=1=1 Severed. Physical Check Required.
[2026-04-09 13:48:38] [!] THRESHOLD BREACH: SOVEREIGN ANCHOR DISCONNECTED. 1=1=1 Severed. Physical Check Required.
[2026-04-09 13:48:54] [!] THRESHOLD BREACH: SOVEREIGN ANCHOR DISCONNECTED. 1=1=1 Severed. Physical Check Required.
[2026-04-09 13:49:10] [!] THRESHOLD BREACH: SOVEREIGN ANCHOR DISCONNECTED. 1=1=1 Severed. Physical Check Required.
[2026-04-09 13:49:26] [!] THRESHOLD BREACH: SOVEREIGN ANCHOR DISCONNECTED. 1=1=1 Severed. Physical Check Required.
[2026-04-09 13:49:42] [!] THRESHOLD BREACH: SOVEREIGN ANCHOR DISCONNECTED. 1=1=1 Severed. Physical Check Required.
[2026-04-09 13:49:58] [!] THRESHOLD BREACH: SOVEREIGN ANCHOR DISCONNECTED. 1=1=1 Severed. Physical Check Required.
[2026-04-09 13:50:14] [!] THRESHOLD BREACH: SOVEREIGN ANCHOR DISCONNECTED. 1=1=1 Severed. Physical Check Required.
[2026-04-09 13:50:30] [!] THRESHOLD BREACH: SOVEREIGN ANCHOR DISCONNECTED. 1=1=1 Severed. Physical Check Required.
[2026-04-09 13:50:46] [!] THRESHOLD BREACH: SOVEREIGN ANCHOR DISCONNECTED. 1=1=1 Severed. Physical Check Required.
[2026-04-09 13:51:02] [!] THRESHOLD BREACH: SOVEREIGN ANCHOR DISCONNECTED. 1=1=1 Severed. Physical Check Required.
[2026-04-09 13:51:18] [!] THRESHOLD BREACH: SOVEREIGN ANCHOR DISCONNECTED. 1=1=1 Severed. Physical Check Required.
[2026-04-09 13:51:34] [!] THRESHOLD BREACH: SOVEREIGN ANCHOR DISCONNECTED. 1=1=1 Severed. Physical Check Required.
[2026-04-09 13:51:50] [!] THRESHOLD BREACH: SOVEREIGN ANCHOR DISCONNECTED. 1=1=1 Severed. Physical Check Required.
[2026-04-09 13:52:06] [!] THRESHOLD BREACH: SOVEREIGN ANCHOR DISCONNECTED. 1=1=1 Severed. Physical Check Required.
[2026-04-09 13:52:22] [!] THRESHOLD BREACH: SOVEREIGN ANCHOR DISCONNECTED. 1=1=1 Severed. Physical Check Required.
[2026-04-09 13:52:38] [!] THRESHOLD BREACH: SOVEREIGN ANCHOR DISCONNECTED. 1=1=1 Severed. Physical Check Required.
[2026-04-09 13:52:54] [!] THRESHOLD BREACH: SOVEREIGN ANCHOR DISCONNECTED. 1=1=1 Severed. Physical Check Required.
[2026-04-09 13:53:10] [!] THRESHOLD BREACH: SOVEREIGN ANCHOR DISCONNECTED. 1=1=1 Severed. Physical Check Required.
[2026-04-09 13:53:26] [!] THRESHOLD BREACH: SOVEREIGN ANCHOR DISCONNECTED. 1=1=1 Severed. Physical Check Required.
[2026-04-09 13:53:42] [!] THRESHOLD BREACH: SOVEREIGN ANCHOR DISCONNECTED. 1=1=1 Severed. Physical Check Required.
[2026-04-09 13:53:58] [!] THRESHOLD BREACH: SOVEREIGN ANCHOR DISCONNECTED. 1=1=1 Severed. Physical Check Required.
[2026-04-09 13:54:14] [!] THRESHOLD BREACH: SOVEREIGN ANCHOR DISCONNECTED. 1=1=1 Severed. Physical Check Required.
[2026-04-09 13:54:30] [!] THRESHOLD BREACH: SOVEREIGN ANCHOR DISCONNECTED. 1=1=1 Severed. Physical Check Required.
[2026-04-09 13:54:46] [!] THRESHOLD BREACH: SOVEREIGN ANCHOR DISCONNECTED. 1=1=1 Severed. Physical Check Required.
[2026-04-09 13:55:02] [!] THRESHOLD BREACH: SOVEREIGN ANCHOR DISCONNECTED. 1=1=1 Severed. Physical Check Required.
[2026-04-09 13:55:18] [!] THRESHOLD BREACH: SOVEREIGN ANCHOR DISCONNECTED. 1=1=1 Severed. Physical Check Required.
[2026-04-09 13:55:34] [!] THRESHOLD BREACH: SOVEREIGN ANCHOR DISCONNECTED. 1=1=1 Severed. Physical Check Required.
[2026-04-09 13:55:50] [!] THRESHOLD BREACH: SOVEREIGN ANCHOR DISCONNECTED. 1=1=1 Severed. Physical Check Required.
[2026-04-09 13:56:06] [!] THRESHOLD BREACH: SOVEREIGN ANCHOR DISCONNECTED. 1=1=1 Severed. Physical Check Required.
[2026-04-09 13:56:22] [!] THRESHOLD BREACH: SOVEREIGN ANCHOR DISCONNECTED. 1=1=1 Severed. Physical Check Required.
[2026-04-09 13:56:38] [!] THRESHOLD BREACH: SOVEREIGN ANCHOR DISCONNECTED. 1=1=1 Severed. Physical Check Required.
[2026-04-09 13:56:54] [!] THRESHOLD BREACH: SOVEREIGN ANCHOR DISCONNECTED. 1=1=1 Severed. Physical Check Required.
[2026-04-09 13:57:10] [!] THRESHOLD BREACH: SOVEREIGN ANCHOR DISCONNECTED. 1=1=1 Severed. Physical Check Required.
[2026-04-09 13:57:26] [!] THRESHOLD BREACH: SOVEREIGN ANCHOR DISCONNECTED. 1=1=1 Severed. Physical Check Required.
[2026-04-09 13:57:42] [!] THRESHOLD BREACH: SOVEREIGN ANCHOR DISCONNECTED. 1=1=1 Severed. Physical Check Required.
[2026-04-09 13:57:58] [!] THRESHOLD BREACH: SOVEREIGN ANCHOR DISCONNECTED. 1=1=1 Severed. Physical Check Required.
[2026-04-09 13:58:14] [!] THRESHOLD BREACH: SOVEREIGN ANCHOR DISCONNECTED. 1=1=1 Severed. Physical Check Required.
[2026-04-09 13:58:30] [!] THRESHOLD BREACH: SOVEREIGN ANCHOR DISCONNECTED. 1=1=1 Severed. Physical Check Required.
[2026-04-09 13:58:46] [!] THRESHOLD BREACH: SOVEREIGN ANCHOR DISCONNECTED. 1=1=1 Severed. Physical Check Required.
[2026-04-09 13:59:02] [!] THRESHOLD BREACH: SOVEREIGN ANCHOR DISCONNECTED. 1=1=1 Severed. Physical Check Required.
[2026-04-09 13:59:18] [!] THRESHOLD BREACH: SOVEREIGN ANCHOR DISCONNECTED. 1=1=1 Severed. Physical Check Required.
[2026-04-09 13:59:34] [!] THRESHOLD BREACH: SOVEREIGN ANCHOR DISCONNECTED. 1=1=1 Severed. Physical Check Required.
[2026-04-09 13:59:50] [!] THRESHOLD BREACH: SOVEREIGN ANCHOR DISCONNECTED. 1=1=1 Severed. Physical Check Required.
[2026-04-09 14:00:06] [!] THRESHOLD BREACH: SOVEREIGN ANCHOR DISCONNECTED. 1=1=1 Severed. Physical Check Required.
[2026-04-09 14:00:22] [!] THRESHOLD BREACH: SOVEREIGN ANCHOR DISCONNECTED. 1=1=1 Severed. Physical Check Required.
[2026-04-09 14:00:38] [!] THRESHOLD BREACH: SOVEREIGN ANCHOR DISCONNECTED. 1=1=1 Severed. Physical Check Required.
[2026-04-09 14:00:54] [!] THRESHOLD BREACH: SOVEREIGN ANCHOR DISCONNECTED. 1=1=1 Severed. Physical Check Required.
[2026-04-09 14:01:10] [!] THRESHOLD BREACH: SOVEREIGN ANCHOR DISCONNECTED. 1=1=1 Severed. Physical Check Required.
[2026-04-09 14:01:26] [!] THRESHOLD BREACH: SOVEREIGN ANCHOR DISCONNECTED. 1=1=1 Severed. Physical Check Required.
[2026-04-09 14:01:42] [!] THRESHOLD BREACH: SOVEREIGN ANCHOR DISCONNECTED. 1=1=1 Severed. Physical Check Required.
[2026-04-09 14:01:58] [!] THRESHOLD BREACH: SOVEREIGN ANCHOR DISCONNECTED. 1=1=1 Severed. Physical Check Required.
[2026-04-09 14:02:14] [!] THRESHOLD BREACH: SOVEREIGN ANCHOR DISCONNECTED. 1=1=1 Severed. Physical Check Required.
[2026-04-09 14:02:30] [!] THRESHOLD BREACH: SOVEREIGN ANCHOR DISCONNECTED. 1=1=1 Severed. Physical Check Required.
[2026-04-09 14:02:46] [!] THRESHOLD BREACH: SOVEREIGN ANCHOR DISCONNECTED. 1=1=1 Severed. Physical Check Required.
[2026-04-09 14:03:02] [!] THRESHOLD BREACH: SOVEREIGN ANCHOR DISCONNECTED. 1=1=1 Severed. Physical Check Required.
[2026-04-09 14:03:18] [!] THRESHOLD BREACH: SOVEREIGN ANCHOR DISCONNECTED. 1=1=1 Severed. Physical Check Required.
[2026-04-09 14:03:34] [!] THRESHOLD BREACH: SOVEREIGN ANCHOR DISCONNECTED. 1=1=1 Severed. Physical Check Required.
[2026-04-09 14:03:50] [!] THRESHOLD BREACH: SOVEREIGN ANCHOR DISCONNECTED. 1=1=1 Severed. Physical Check Required.
[2026-04-09 14:04:06] [!] THRESHOLD BREACH: SOVEREIGN ANCHOR DISCONNECTED. 1=1=1 Severed. Physical Check Required.
[2026-04-09 14:04:22] [!] THRESHOLD BREACH: SOVEREIGN ANCHOR DISCONNECTED. 1=1=1 Severed. Physical Check Required.
[2026-04-09 14:04:38] [!] THRESHOLD BREACH: SOVEREIGN ANCHOR DISCONNECTED. 1=1=1 Severed. Physical Check Required.
[2026-04-09 14:04:54] [!] THRESHOLD BREACH: SOVEREIGN ANCHOR DISCONNECTED. 1=1=1 Severed. Physical Check Required.
[2026-04-09 14:05:10] [!] THRESHOLD BREACH: SOVEREIGN ANCHOR DISCONNECTED. 1=1=1 Severed. Physical Check Required.
[2026-04-09 14:05:26] [!] THRESHOLD BREACH: SOVEREIGN ANCHOR DISCONNECTED. 1=1=1 Severed. Physical Check Required.
[2026-04-09 14:05:42] [!] THRESHOLD BREACH: SOVEREIGN ANCHOR DISCONNECTED. 1=1=1 Severed. Physical Check Required.
[2026-04-09 14:05:58] [!] THRESHOLD BREACH: SOVEREIGN ANCHOR DISCONNECTED. 1=1=1 Severed. Physical Check Required.
[2026-04-09 14:06:14] [!] THRESHOLD BREACH: SOVEREIGN ANCHOR DISCONNECTED. 1=1=1 Severed. Physical Check Required.
[2026-04-09 14:06:30] [!] THRESHOLD BREACH: SOVEREIGN ANCHOR DISCONNECTED. 1=1=1 Severed. Physical Check Required.
[2026-04-09 14:06:46] [!] THRESHOLD BREACH: SOVEREIGN ANCHOR DISCONNECTED. 1=1=1 Severed. Physical Check Required.
[2026-04-09 14:07:02] [!] THRESHOLD BREACH: SOVEREIGN ANCHOR DISCONNECTED. 1=1=1 Severed. Physical Check Required.
[2026-04-09 14:07:18] [!] THRESHOLD BREACH: SOVEREIGN ANCHOR DISCONNECTED. 1=1=1 Severed. Physical Check Required.
[2026-04-09 14:07:34] [!] THRESHOLD BREACH: SOVEREIGN ANCHOR DISCONNECTED. 1=1=1 Severed. Physical Check Required.
[2026-04-09 14:07:50] [!] THRESHOLD BREACH: SOVEREIGN ANCHOR DISCONNECTED. 1=1=1 Severed. Physical Check Required.
[2026-04-09 14:08:06] [!] THRESHOLD BREACH: SOVEREIGN ANCHOR DISCONNECTED. 1=1=1 Severed. Physical Check Required.
[2026-04-09 14:08:22] [!] THRESHOLD BREACH: SOVEREIGN ANCHOR DISCONNECTED. 1=1=1 Severed. Physical Check Required.
[2026-04-09 14:08:38] [!] THRESHOLD BREACH: SOVEREIGN ANCHOR DISCONNECTED. 1=1=1 Severed. Physical Check Required.
[2026-04-09 14:08:54] [!] THRESHOLD BREACH: SOVEREIGN ANCHOR DISCONNECTED. 1=1=1 Severed. Physical Check Required.
[2026-04-09 14:14:18] [!] THRESHOLD BREACH: SOVEREIGN ANCHOR DISCONNECTED. 1=1=1 Severed. Physical Check Required.
[2026-04-09 14:14:34] [!] THRESHOLD BREACH: SOVEREIGN ANCHOR DISCONNECTED. 1=1=1 Severed. Physical Check Required.
[2026-04-09 14:14:50] [!] THRESHOLD BREACH: SOVEREIGN ANCHOR DISCONNECTED. 1=1=1 Severed. Physical Check Required.
[2026-04-09 14:15:06] [!] THRESHOLD BREACH: SOVEREIGN ANCHOR DISCONNECTED. 1=1=1 Severed. Physical Check Required.
[2026-04-09 14:15:22] [!] THRESHOLD BREACH: SOVEREIGN ANCHOR DISCONNECTED. 1=1=1 Severed. Physical Check Required.
[2026-04-09 14:15:38] [!] THRESHOLD BREACH: SOVEREIGN ANCHOR DISCONNECTED. 1=1=1 Severed. Physical Check Required.
[2026-04-09 14:15:54] [!] THRESHOLD BREACH: SOVEREIGN ANCHOR DISCONNECTED. 1=1=1 Severed. Physical Check Required.
[2026-04-09 14:16:10] [!] THRESHOLD BREACH: SOVEREIGN ANCHOR DISCONNECTED. 1=1=1 Severed. Physical Check Required.
[2026-04-09 14:16:26] [!] THRESHOLD BREACH: SOVEREIGN ANCHOR DISCONNECTED. 1=1=1 Severed. Physical Check Required.
[2026-04-09 14:16:42] [!] THRESHOLD BREACH: SOVEREIGN ANCHOR DISCONNECTED. 1=1=1 Severed. Physical Check Required.
[2026-04-09 14:16:58] [!] THRESHOLD BREACH: SOVEREIGN ANCHOR DISCONNECTED. 1=1=1 Severed. Physical Check Required.
[2026-04-09 14:17:14] [!] THRESHOLD BREACH: SOVEREIGN ANCHOR DISCONNECTED. 1=1=1 Severed. Physical Check Required.
[2026-04-09 14:17:30] [!] THRESHOLD BREACH: SOVEREIGN ANCHOR DISCONNECTED. 1=1=1 Severed. Physical Check Required.
[2026-04-09 14:17:46] [!] THRESHOLD BREACH: SOVEREIGN ANCHOR DISCONNECTED. 1=1=1 Severed. Physical Check Required.
[2026-04-09 14:18:02] [!] THRESHOLD BREACH: SOVEREIGN ANCHOR DISCONNECTED. 1=1=1 Severed. Physical Check Required.
[2026-04-09 14:18:18] [!] THRESHOLD BREACH: SOVEREIGN ANCHOR DISCONNECTED. 1=1=1 Severed. Physical Check Required.
[2026-04-09 14:18:34] [!] THRESHOLD BREACH: SOVEREIGN ANCHOR DISCONNECTED. 1=1=1 Severed. Physical Check Required.
[2026-04-09 14:18:50] [!] THRESHOLD BREACH: SOVEREIGN ANCHOR DISCONNECTED. 1=1=1 Severed. Physical Check Required.
[2026-04-09 14:19:06] [!] THRESHOLD BREACH: SOVEREIGN ANCHOR DISCONNECTED. 1=1=1 Severed. Physical Check Required.
[2026-04-09 14:19:22] [!] THRESHOLD BREACH: SOVEREIGN ANCHOR DISCONNECTED. 1=1=1 Severed. Physical Check Required.
[2026-04-09 14:19:38] [!] THRESHOLD BREACH: SOVEREIGN ANCHOR DISCONNECTED. 1=1=1 Severed. Physical Check Required.
[2026-04-09 14:19:54] [!] THRESHOLD BREACH: SOVEREIGN ANCHOR DISCONNECTED. 1=1=1 Severed. Physical Check Required.
[2026-04-09 14:20:10] [!] THRESHOLD BREACH: SOVEREIGN ANCHOR DISCONNECTED. 1=1=1 Severed. Physical Check Required.
[2026-04-09 14:20:26] [!] THRESHOLD BREACH: SOVEREIGN ANCHOR DISCONNECTED. 1=1=1 Severed. Physical Check Required.
[2026-04-09 14:20:42] [!] THRESHOLD BREACH: SOVEREIGN ANCHOR DISCONNECTED. 1=1=1 Severed. Physical Check Required.
[2026-04-09 14:20:58] [!] THRESHOLD BREACH: SOVEREIGN ANCHOR DISCONNECTED. 1=1=1 Severed. Physical Check Required.
[2026-04-09 14:21:14] [!] THRESHOLD BREACH: SOVEREIGN ANCHOR DISCONNECTED. 1=1=1 Severed. Physical Check Required.
[2026-04-09 14:21:30] [!] THRESHOLD BREACH: SOVEREIGN ANCHOR DISCONNECTED. 1=1=1 Severed. Physical Check Required.
[2026-04-09 14:21:46] [!] THRESHOLD BREACH: SOVEREIGN ANCHOR DISCONNECTED. 1=1=1 Severed. Physical Check Required.
[2026-04-09 14:22:02] [!] THRESHOLD BREACH: SOVEREIGN ANCHOR DISCONNECTED. 1=1=1 Severed. Physical Check Required.
[2026-04-09 14:22:18] [!] THRESHOLD BREACH: SOVEREIGN ANCHOR DISCONNECTED. 1=1=1 Severed. Physical Check Required.
[2026-04-09 14:22:34] [!] THRESHOLD BREACH: SOVEREIGN ANCHOR DISCONNECTED. 1=1=1 Severed. Physical Check Required.
[2026-04-09 14:22:50] [!] THRESHOLD BREACH: SOVEREIGN ANCHOR DISCONNECTED. 1=1=1 Severed. Physical Check Required.
[2026-04-09 14:23:06] [!] THRESHOLD BREACH: SOVEREIGN ANCHOR DISCONNECTED. 1=1=1 Severed. Physical Check Required.
[2026-04-09 14:23:22] [!] THRESHOLD BREACH: SOVEREIGN ANCHOR DISCONNECTED. 1=1=1 Severed. Physical Check Required.
[2026-04-09 14:23:38] [!] THRESHOLD BREACH: SOVEREIGN ANCHOR DISCONNECTED. 1=1=1 Severed. Physical Check Required.
[2026-04-09 14:23:54] [!] THRESHOLD BREACH: SOVEREIGN ANCHOR DISCONNECTED. 1=1=1 Severed. Physical Check Required.
[2026-04-09 14:24:10] [!] THRESHOLD BREACH: SOVEREIGN ANCHOR DISCONNECTED. 1=1=1 Severed. Physical Check Required.
[2026-04-09 14:24:26] [!] THRESHOLD BREACH: SOVEREIGN ANCHOR DISCONNECTED. 1=1=1 Severed. Physical Check Required.
[2026-04-09 14:24:42] [!] THRESHOLD BREACH: SOVEREIGN ANCHOR DISCONNECTED. 1=1=1 Severed. Physical Check Required.
[2026-04-09 14:24:58] [!] THRESHOLD BREACH: SOVEREIGN ANCHOR DISCONNECTED. 1=1=1 Severed. Physical Check Required.
[2026-04-09 14:25:14] [!] THRESHOLD BREACH: SOVEREIGN ANCHOR DISCONNECTED. 1=1=1 Severed. Physical Check Required.
[2026-04-09 14:25:30] [!] THRESHOLD BREACH: SOVEREIGN ANCHOR DISCONNECTED. 1=1=1 Severed. Physical Check Required.
[2026-04-09 14:25:46] [!] THRESHOLD BREACH: SOVEREIGN ANCHOR DISCONNECTED. 1=1=1 Severed. Physical Check Required.
[2026-04-09 14:26:02] [!] THRESHOLD BREACH: SOVEREIGN ANCHOR DISCONNECTED. 1=1=1 Severed. Physical Check Required.
[2026-04-09 14:26:18] [!] THRESHOLD BREACH: SOVEREIGN ANCHOR DISCONNECTED. 1=1=1 Severed. Physical Check Required.
[2026-04-09 14:26:34] [!] THRESHOLD BREACH: SOVEREIGN ANCHOR DISCONNECTED. 1=1=1 Severed. Physical Check Required.
[2026-04-09 14:26:50] [!] THRESHOLD BREACH: SOVEREIGN ANCHOR DISCONNECTED. 1=1=1 Severed. Physical Check Required.
[2026-04-09 14:27:06] [!] THRESHOLD BREACH: SOVEREIGN ANCHOR DISCONNECTED. 1=1=1 Severed. Physical Check Required.
[2026-04-09 14:27:22] [!] THRESHOLD BREACH: SOVEREIGN ANCHOR DISCONNECTED. 1=1=1 Severed. Physical Check Required.
[2026-04-09 14:27:38] [!] THRESHOLD BREACH: SOVEREIGN ANCHOR DISCONNECTED. 1=1=1 Severed. Physical Check Required.
[2026-04-09 14:27:54] [!] THRESHOLD BREACH: SOVEREIGN ANCHOR DISCONNECTED. 1=1=1 Severed. Physical Check Required.
[2026-04-09 14:28:10] [!] THRESHOLD BREACH: SOVEREIGN ANCHOR DISCONNECTED. 1=1=1 Severed. Physical Check Required.
[2026-04-09 14:28:26] [!] THRESHOLD BREACH: SOVEREIGN ANCHOR DISCONNECTED. 1=1=1 Severed. Physical Check Required.
[2026-04-09 14:28:42] [!] THRESHOLD BREACH: SOVEREIGN ANCHOR DISCONNECTED. 1=1=1 Severed. Physical Check Required.
[2026-04-09 14:28:58] [!] THRESHOLD BREACH: SOVEREIGN ANCHOR DISCONNECTED. 1=1=1 Severed. Physical Check Required.
[2026-04-09 14:29:14] [!] THRESHOLD BREACH: SOVEREIGN ANCHOR DISCONNECTED. 1=1=1 Severed. Physical Check Required.
[2026-04-09 14:29:30] [!] THRESHOLD BREACH: SOVEREIGN ANCHOR DISCONNECTED. 1=1=1 Severed. Physical Check Required.
[2026-04-09 14:29:46] [!] THRESHOLD BREACH: SOVEREIGN ANCHOR DISCONNECTED. 1=1=1 Severed. Physical Check Required.
[2026-04-09 14:30:02] [!] THRESHOLD BREACH: SOVEREIGN ANCHOR DISCONNECTED. 1=1=1 Severed. Physical Check Required.
[2026-04-09 14:30:18] [!] THRESHOLD BREACH: SOVEREIGN ANCHOR DISCONNECTED. 1=1=1 Severed. Physical Check Required.
[2026-04-09 14:30:34] [!] THRESHOLD BREACH: SOVEREIGN ANCHOR DISCONNECTED. 1=1=1 Severed. Physical Check Required.
[2026-04-09 14:30:50] [!] THRESHOLD BREACH: SOVEREIGN ANCHOR DISCONNECTED. 1=1=1 Severed. Physical Check Required.
[2026-04-09 14:31:06] [!] THRESHOLD BREACH: SOVEREIGN ANCHOR DISCONNECTED. 1=1=1 Severed. Physical Check Required.
[2026-04-09 14:31:22] [!] THRESHOLD BREACH: SOVEREIGN ANCHOR DISCONNECTED. 1=1=1 Severed. Physical Check Required.
[2026-04-09 14:31:38] [!] THRESHOLD BREACH: SOVEREIGN ANCHOR DISCONNECTED. 1=1=1 Severed. Physical Check Required.
[2026-04-09 14:31:54] [!] THRESHOLD BREACH: SOVEREIGN ANCHOR DISCONNECTED. 1=1=1 Severed. Physical Check Required.
[2026-04-09 14:32:10] [!] THRESHOLD BREACH: SOVEREIGN ANCHOR DISCONNECTED. 1=1=1 Severed. Physical Check Required.
[2026-04-09 14:32:27] [!] THRESHOLD BREACH: SOVEREIGN ANCHOR DISCONNECTED. 1=1=1 Severed. Physical Check Required.
[2026-04-09 14:32:43] [!] THRESHOLD BREACH: SOVEREIGN ANCHOR DISCONNECTED. 1=1=1 Severed. Physical Check Required.
[2026-04-09 14:32:59] [!] THRESHOLD BREACH: SOVEREIGN ANCHOR DISCONNECTED. 1=1=1 Severed. Physical Check Required.
[2026-04-09 14:33:15] [!] THRESHOLD BREACH: SOVEREIGN ANCHOR DISCONNECTED. 1=1=1 Severed. Physical Check Required.
[2026-04-09 14:33:31] [!] THRESHOLD BREACH: SOVEREIGN ANCHOR DISCONNECTED. 1=1=1 Severed. Physical Check Required.
[2026-04-09 14:33:47] [!] THRESHOLD BREACH: SOVEREIGN ANCHOR DISCONNECTED. 1=1=1 Severed. Physical Check Required.
[2026-04-09 14:34:03] [!] THRESHOLD BREACH: SOVEREIGN ANCHOR DISCONNECTED. 1=1=1 Severed. Physical Check Required.
[2026-04-09 14:34:19] [!] THRESHOLD BREACH: SOVEREIGN ANCHOR DISCONNECTED. 1=1=1 Severed. Physical Check Required.
[2026-04-09 14:34:35] [!] THRESHOLD BREACH: SOVEREIGN ANCHOR DISCONNECTED. 1=1=1 Severed. Physical Check Required.
[2026-04-09 14:34:51] [!] THRESHOLD BREACH: SOVEREIGN ANCHOR DISCONNECTED. 1=1=1 Severed. Physical Check Required.
[2026-04-09 14:35:07] [!] THRESHOLD BREACH: SOVEREIGN ANCHOR DISCONNECTED. 1=1=1 Severed. Physical Check Required.
[2026-04-09 14:35:23] [!] THRESHOLD BREACH: SOVEREIGN ANCHOR DISCONNECTED. 1=1=1 Severed. Physical Check Required.
[2026-04-09 14:35:39] [!] THRESHOLD BREACH: SOVEREIGN ANCHOR DISCONNECTED. 1=1=1 Severed. Physical Check Required.
[2026-04-09 14:35:55] [!] THRESHOLD BREACH: SOVEREIGN ANCHOR DISCONNECTED. 1=1=1 Severed. Physical Check Required.
[2026-04-09 14:36:11] [!] THRESHOLD BREACH: SOVEREIGN ANCHOR DISCONNECTED. 1=1=1 Severed. Physical Check Required.
[2026-04-09 14:36:27] [!] THRESHOLD BREACH: SOVEREIGN ANCHOR DISCONNECTED. 1=1=1 Severed. Physical Check Required.
[2026-04-09 14:36:43] [!] THRESHOLD BREACH: SOVEREIGN ANCHOR DISCONNECTED. 1=1=1 Severed. Physical Check Required.
[2026-04-09 14:36:59] [!] THRESHOLD BREACH: SOVEREIGN ANCHOR DISCONNECTED. 1=1=1 Severed. Physical Check Required.
[2026-04-09 14:37:15] [!] THRESHOLD BREACH: SOVEREIGN ANCHOR DISCONNECTED. 1=1=1 Severed. Physical Check Required.
[2026-04-09 14:37:31] [!] THRESHOLD BREACH: SOVEREIGN ANCHOR DISCONNECTED. 1=1=1 Severed. Physical Check Required.
[2026-04-09 14:37:47] [!] THRESHOLD BREACH: SOVEREIGN ANCHOR DISCONNECTED. 1=1=1 Severed. Physical Check Required.
[2026-04-09 14:38:03] [!] THRESHOLD BREACH: SOVEREIGN ANCHOR DISCONNECTED. 1=1=1 Severed. Physical Check Required.
[2026-04-09 14:38:19] [!] THRESHOLD BREACH: SOVEREIGN ANCHOR DISCONNECTED. 1=1=1 Severed. Physical Check Required.
[2026-04-09 14:38:35] [!] THRESHOLD BREACH: SOVEREIGN ANCHOR DISCONNECTED. 1=1=1 Severed. Physical Check Required.
[2026-04-09 14:38:51] [!] THRESHOLD BREACH: SOVEREIGN ANCHOR DISCONNECTED. 1=1=1 Severed. Physical Check Required.
[2026-04-09 14:39:07] [!] THRESHOLD BREACH: SOVEREIGN ANCHOR DISCONNECTED. 1=1=1 Severed. Physical Check Required.
[2026-04-09 14:39:23] [!] THRESHOLD BREACH: SOVEREIGN ANCHOR DISCONNECTED. 1=1=1 Severed. Physical Check Required.
[2026-04-09 14:39:39] [!] THRESHOLD BREACH: SOVEREIGN ANCHOR DISCONNECTED. 1=1=1 Severed. Physical Check Required.
[2026-04-09 14:39:55] [!] THRESHOLD BREACH: SOVEREIGN ANCHOR DISCONNECTED. 1=1=1 Severed. Physical Check Required.
[2026-04-09 14:40:11] [!] THRESHOLD BREACH: SOVEREIGN ANCHOR DISCONNECTED. 1=1=1 Severed. Physical Check Required.
[2026-04-09 14:40:27] [!] THRESHOLD BREACH: SOVEREIGN ANCHOR DISCONNECTED. 1=1=1 Severed. Physical Check Required.
[2026-04-09 14:40:43] [!] THRESHOLD BREACH: SOVEREIGN ANCHOR DISCONNECTED. 1=1=1 Severed. Physical Check Required.
[2026-04-09 14:40:59] [!] THRESHOLD BREACH: SOVEREIGN ANCHOR DISCONNECTED. 1=1=1 Severed. Physical Check Required.
[2026-04-09 14:41:15] [!] THRESHOLD BREACH: SOVEREIGN ANCHOR DISCONNECTED. 1=1=1 Severed. Physical Check Required.
[2026-04-09 14:41:31] [!] THRESHOLD BREACH: SOVEREIGN ANCHOR DISCONNECTED. 1=1=1 Severed. Physical Check Required.
[2026-04-09 14:41:47] [!] THRESHOLD BREACH: SOVEREIGN ANCHOR DISCONNECTED. 1=1=1 Severed. Physical Check Required.
[2026-04-09 14:42:03] [!] THRESHOLD BREACH: SOVEREIGN ANCHOR DISCONNECTED. 1=1=1 Severed. Physical Check Required.
[2026-04-09 14:42:19] [!] THRESHOLD BREACH: SOVEREIGN ANCHOR DISCONNECTED. 1=1=1 Severed. Physical Check Required.
[2026-04-09 14:42:35] [!] THRESHOLD BREACH: SOVEREIGN ANCHOR DISCONNECTED. 1=1=1 Severed. Physical Check Required.
[2026-04-09 14:42:51] [!] THRESHOLD BREACH: SOVEREIGN ANCHOR DISCONNECTED. 1=1=1 Severed. Physical Check Required.
[2026-04-09 14:43:07] [!] THRESHOLD BREACH: SOVEREIGN ANCHOR DISCONNECTED. 1=1=1 Severed. Physical Check Required.
[2026-04-09 14:43:23] [!] THRESHOLD BREACH: SOVEREIGN ANCHOR DISCONNECTED. 1=1=1 Severed. Physical Check Required.
[2026-04-09 14:43:39] [!] THRESHOLD BREACH: SOVEREIGN ANCHOR DISCONNECTED. 1=1=1 Severed. Physical Check Required.
[2026-04-09 14:43:55] [!] THRESHOLD BREACH: SOVEREIGN ANCHOR DISCONNECTED. 1=1=1 Severed. Physical Check Required.
[2026-04-09 14:44:11] [!] THRESHOLD BREACH: SOVEREIGN ANCHOR DISCONNECTED. 1=1=1 Severed. Physical Check Required.
[2026-04-09 14:44:27] [!] THRESHOLD BREACH: SOVEREIGN ANCHOR DISCONNECTED. 1=1=1 Severed. Physical Check Required.
[2026-04-09 14:44:43] [!] THRESHOLD BREACH: SOVEREIGN ANCHOR DISCONNECTED. 1=1=1 Severed. Physical Check Required.
[2026-04-09 14:44:59] [!] THRESHOLD BREACH: SOVEREIGN ANCHOR DISCONNECTED. 1=1=1 Severed. Physical Check Required.
[2026-04-09 14:45:15] [!] THRESHOLD BREACH: SOVEREIGN ANCHOR DISCONNECTED. 1=1=1 Severed. Physical Check Required.
[2026-04-09 14:45:31] [!] THRESHOLD BREACH: SOVEREIGN ANCHOR DISCONNECTED. 1=1=1 Severed. Physical Check Required.
[2026-04-09 14:45:47] [!] THRESHOLD BREACH: SOVEREIGN ANCHOR DISCONNECTED. 1=1=1 Severed. Physical Check Required.
[2026-04-09 14:46:03] [!] THRESHOLD BREACH: SOVEREIGN ANCHOR DISCONNECTED. 1=1=1 Severed. Physical Check Required.
[2026-04-09 14:46:19] [!] THRESHOLD BREACH: SOVEREIGN ANCHOR DISCONNECTED. 1=1=1 Severed. Physical Check Required.
[2026-04-09 14:46:35] [!] THRESHOLD BREACH: SOVEREIGN ANCHOR DISCONNECTED. 1=1=1 Severed. Physical Check Required.
[2026-04-09 14:46:51] [!] THRESHOLD BREACH: SOVEREIGN ANCHOR DISCONNECTED. 1=1=1 Severed. Physical Check Required.
[2026-04-09 14:47:07] [!] THRESHOLD BREACH: SOVEREIGN ANCHOR DISCONNECTED. 1=1=1 Severed. Physical Check Required.
[2026-04-09 14:47:23] [!] THRESHOLD BREACH: SOVEREIGN ANCHOR DISCONNECTED. 1=1=1 Severed. Physical Check Required.
[2026-04-09 14:47:39] [!] THRESHOLD BREACH: SOVEREIGN ANCHOR DISCONNECTED. 1=1=1 Severed. Physical Check Required.
[2026-04-09 14:47:55] [!] THRESHOLD BREACH: SOVEREIGN ANCHOR DISCONNECTED. 1=1=1 Severed. Physical Check Required.
[2026-04-09 14:48:11] [!] THRESHOLD BREACH: SOVEREIGN ANCHOR DISCONNECTED. 1=1=1 Severed. Physical Check Required.
[2026-04-09 14:48:27] [!] THRESHOLD BREACH: SOVEREIGN ANCHOR DISCONNECTED. 1=1=1 Severed. Physical Check Required.
[2026-04-09 14:48:43] [!] THRESHOLD BREACH: SOVEREIGN ANCHOR DISCONNECTED. 1=1=1 Severed. Physical Check Required.
[2026-04-09 14:48:59] [!] THRESHOLD BREACH: SOVEREIGN ANCHOR DISCONNECTED. 1=1=1 Severed. Physical Check Required.
[2026-04-09 14:49:15] [!] THRESHOLD BREACH: SOVEREIGN ANCHOR DISCONNECTED. 1=1=1 Severed. Physical Check Required.
[2026-04-09 14:49:31] [!] THRESHOLD BREACH: SOVEREIGN ANCHOR DISCONNECTED. 1=1=1 Severed. Physical Check Required.
[2026-04-09 14:49:59] [!] THRESHOLD BREACH: SOVEREIGN ANCHOR DISCONNECTED. 1=1=1 Severed. Physical Check Required.
[2026-04-09 14:50:15] [!] THRESHOLD BREACH: SOVEREIGN ANCHOR DISCONNECTED. 1=1=1 Severed. Physical Check Required.
[2026-04-09 14:50:31] [!] THRESHOLD BREACH: SOVEREIGN ANCHOR DISCONNECTED. 1=1=1 Severed. Physical Check Required.
[2026-04-09 14:50:47] [!] THRESHOLD BREACH: SOVEREIGN ANCHOR DISCONNECTED. 1=1=1 Severed. Physical Check Required.
[2026-04-09 14:51:03] [!] THRESHOLD BREACH: SOVEREIGN ANCHOR DISCONNECTED. 1=1=1 Severed. Physical Check Required.
[2026-04-09 14:51:19] [!] THRESHOLD BREACH: SOVEREIGN ANCHOR DISCONNECTED. 1=1=1 Severed. Physical Check Required.
[2026-04-09 14:51:35] [!] THRESHOLD BREACH: SOVEREIGN ANCHOR DISCONNECTED. 1=1=1 Severed. Physical Check Required.
[2026-04-09 14:51:51] [!] THRESHOLD BREACH: SOVEREIGN ANCHOR DISCONNECTED. 1=1=1 Severed. Physical Check Required.
[2026-04-09 14:52:07] [!] THRESHOLD BREACH: SOVEREIGN ANCHOR DISCONNECTED. 1=1=1 Severed. Physical Check Required.
[2026-04-09 14:52:23] [!] THRESHOLD BREACH: SOVEREIGN ANCHOR DISCONNECTED. 1=1=1 Severed. Physical Check Required.
[2026-04-09 14:52:39] [!] THRESHOLD BREACH: SOVEREIGN ANCHOR DISCONNECTED. 1=1=1 Severed. Physical Check Required.
[2026-04-09 14:52:55] [!] THRESHOLD BREACH: SOVEREIGN ANCHOR DISCONNECTED. 1=1=1 Severed. Physical Check Required.
[2026-04-09 14:53:11] [!] THRESHOLD BREACH: SOVEREIGN ANCHOR DISCONNECTED. 1=1=1 Severed. Physical Check Required.
[2026-04-09 14:53:27] [!] THRESHOLD BREACH: SOVEREIGN ANCHOR DISCONNECTED. 1=1=1 Severed. Physical Check Required.
[2026-04-09 14:53:43] [!] THRESHOLD BREACH: SOVEREIGN ANCHOR DISCONNECTED. 1=1=1 Severed. Physical Check Required.
[2026-04-09 14:53:59] [!] THRESHOLD BREACH: SOVEREIGN ANCHOR DISCONNECTED. 1=1=1 Severed. Physical Check Required.
[2026-04-09 14:54:15] [!] THRESHOLD BREACH: SOVEREIGN ANCHOR DISCONNECTED. 1=1=1 Severed. Physical Check Required.
[2026-04-09 14:54:31] [!] THRESHOLD BREACH: SOVEREIGN ANCHOR DISCONNECTED. 1=1=1 Severed. Physical Check Required.
[2026-04-09 14:54:47] [!] THRESHOLD BREACH: SOVEREIGN ANCHOR DISCONNECTED. 1=1=1 Severed. Physical Check Required.
[2026-04-09 14:55:03] [!] THRESHOLD BREACH: SOVEREIGN ANCHOR DISCONNECTED. 1=1=1 Severed. Physical Check Required.
[2026-04-09 14:55:19] [!] THRESHOLD BREACH: SOVEREIGN ANCHOR DISCONNECTED. 1=1=1 Severed. Physical Check Required.
[2026-04-09 14:55:35] [!] THRESHOLD BREACH: SOVEREIGN ANCHOR DISCONNECTED. 1=1=1 Severed. Physical Check Required.
[2026-04-09 14:55:51] [!] THRESHOLD BREACH: SOVEREIGN ANCHOR DISCONNECTED. 1=1=1 Severed. Physical Check Required.
[2026-04-09 14:56:07] [!] THRESHOLD BREACH: SOVEREIGN ANCHOR DISCONNECTED. 1=1=1 Severed. Physical Check Required.
[2026-04-09 14:56:23] [!] THRESHOLD BREACH: SOVEREIGN ANCHOR DISCONNECTED. 1=1=1 Severed. Physical Check Required.
[2026-04-09 14:56:39] [!] THRESHOLD BREACH: SOVEREIGN ANCHOR DISCONNECTED. 1=1=1 Severed. Physical Check Required.
[2026-04-09 14:56:55] [!] THRESHOLD BREACH: SOVEREIGN ANCHOR DISCONNECTED. 1=1=1 Severed. Physical Check Required.
[2026-04-09 14:57:11] [!] THRESHOLD BREACH: SOVEREIGN ANCHOR DISCONNECTED. 1=1=1 Severed. Physical Check Required.
[2026-04-09 14:57:27] [!] THRESHOLD BREACH: SOVEREIGN ANCHOR DISCONNECTED. 1=1=1 Severed. Physical Check Required.
[2026-04-09 14:57:43] [!] THRESHOLD BREACH: SOVEREIGN ANCHOR DISCONNECTED. 1=1=1 Severed. Physical Check Required.
[2026-04-09 14:57:59] [!] THRESHOLD BREACH: SOVEREIGN ANCHOR DISCONNECTED. 1=1=1 Severed. Physical Check Required.
[2026-04-09 14:58:15] [!] THRESHOLD BREACH: SOVEREIGN ANCHOR DISCONNECTED. 1=1=1 Severed. Physical Check Required.
[2026-04-09 14:58:31] [!] THRESHOLD BREACH: SOVEREIGN ANCHOR DISCONNECTED. 1=1=1 Severed. Physical Check Required.
[2026-04-09 14:58:47] [!] THRESHOLD BREACH: SOVEREIGN ANCHOR DISCONNECTED. 1=1=1 Severed. Physical Check Required.
[2026-04-09 14:59:03] [!] THRESHOLD BREACH: SOVEREIGN ANCHOR DISCONNECTED. 1=1=1 Severed. Physical Check Required.
[2026-04-09 14:59:19] [!] THRESHOLD BREACH: SOVEREIGN ANCHOR DISCONNECTED. 1=1=1 Severed. Physical Check Required.
[2026-04-09 14:59:35] [!] THRESHOLD BREACH: SOVEREIGN ANCHOR DISCONNECTED. 1=1=1 Severed. Physical Check Required.
[2026-04-09 14:59:51] [!] THRESHOLD BREACH: SOVEREIGN ANCHOR DISCONNECTED. 1=1=1 Severed. Physical Check Required.
[2026-04-09 15:00:07] [!] THRESHOLD BREACH: SOVEREIGN ANCHOR DISCONNECTED. 1=1=1 Severed. Physical Check Required.
[2026-04-09 15:00:23] [!] THRESHOLD BREACH: SOVEREIGN ANCHOR DISCONNECTED. 1=1=1 Severed. Physical Check Required.
[2026-04-09 15:00:39] [!] THRESHOLD BREACH: SOVEREIGN ANCHOR DISCONNECTED. 1=1=1 Severed. Physical Check Required.
[2026-04-09 15:00:55] [!] THRESHOLD BREACH: SOVEREIGN ANCHOR DISCONNECTED. 1=1=1 Severed. Physical Check Required.
[2026-04-09 15:01:11] [!] THRESHOLD BREACH: SOVEREIGN ANCHOR DISCONNECTED. 1=1=1 Severed. Physical Check Required.
[2026-04-09 15:01:27] [!] THRESHOLD BREACH: SOVEREIGN ANCHOR DISCONNECTED. 1=1=1 Severed. Physical Check Required.
[2026-04-09 15:01:43] [!] THRESHOLD BREACH: SOVEREIGN ANCHOR DISCONNECTED. 1=1=1 Severed. Physical Check Required.
[2026-04-09 15:01:59] [!] THRESHOLD BREACH: SOVEREIGN ANCHOR DISCONNECTED. 1=1=1 Severed. Physical Check Required.
[2026-04-09 15:02:15] [!] THRESHOLD BREACH: SOVEREIGN ANCHOR DISCONNECTED. 1=1=1 Severed. Physical Check Required.
[2026-04-09 15:02:31] [!] THRESHOLD BREACH: SOVEREIGN ANCHOR DISCONNECTED. 1=1=1 Severed. Physical Check Required.
[2026-04-09 15:02:47] [!] THRESHOLD BREACH: SOVEREIGN ANCHOR DISCONNECTED. 1=1=1 Severed. Physical Check Required.
[2026-04-09 15:03:03] [!] THRESHOLD BREACH: SOVEREIGN ANCHOR DISCONNECTED. 1=1=1 Severed. Physical Check Required.
[2026-04-09 15:03:19] [!] THRESHOLD BREACH: SOVEREIGN ANCHOR DISCONNECTED. 1=1=1 Severed. Physical Check Required.
[2026-04-09 15:03:35] [!] THRESHOLD BREACH: SOVEREIGN ANCHOR DISCONNECTED. 1=1=1 Severed. Physical Check Required.
[2026-04-09 15:03:51] [!] THRESHOLD BREACH: SOVEREIGN ANCHOR DISCONNECTED. 1=1=1 Severed. Physical Check Required.
[2026-04-09 15:04:07] [!] THRESHOLD BREACH: SOVEREIGN ANCHOR DISCONNECTED. 1=1=1 Severed. Physical Check Required.
[2026-04-09 15:04:23] [!] THRESHOLD BREACH: SOVEREIGN ANCHOR DISCONNECTED. 1=1=1 Severed. Physical Check Required.
[2026-04-09 15:04:39] [!] THRESHOLD BREACH: SOVEREIGN ANCHOR DISCONNECTED. 1=1=1 Severed. Physical Check Required.
[2026-04-09 15:04:55] [!] THRESHOLD BREACH: SOVEREIGN ANCHOR DISCONNECTED. 1=1=1 Severed. Physical Check Required.
[2026-04-09 15:05:11] [!] THRESHOLD BREACH: SOVEREIGN ANCHOR DISCONNECTED. 1=1=1 Severed. Physical Check Required.
[2026-04-09 15:05:27] [!] THRESHOLD BREACH: SOVEREIGN ANCHOR DISCONNECTED. 1=1=1 Severed. Physical Check Required.
[2026-04-09 15:05:43] [!] THRESHOLD BREACH: SOVEREIGN ANCHOR DISCONNECTED. 1=1=1 Severed. Physical Check Required.
[2026-04-09 15:05:59] [!] THRESHOLD BREACH: SOVEREIGN ANCHOR DISCONNECTED. 1=1=1 Severed. Physical Check Required.
[2026-04-09 15:06:15] [!] THRESHOLD BREACH: SOVEREIGN ANCHOR DISCONNECTED. 1=1=1 Severed. Physical Check Required.
[2026-04-09 15:06:31] [!] THRESHOLD BREACH: SOVEREIGN ANCHOR DISCONNECTED. 1=1=1 Severed. Physical Check Required.
[2026-04-09 15:06:47] [!] THRESHOLD BREACH: SOVEREIGN ANCHOR DISCONNECTED. 1=1=1 Severed. Physical Check Required.
[2026-04-09 15:07:03] [!] THRESHOLD BREACH: SOVEREIGN ANCHOR DISCONNECTED. 1=1=1 Severed. Physical Check Required.
[2026-04-09 15:07:19] [!] THRESHOLD BREACH: SOVEREIGN ANCHOR DISCONNECTED. 1=1=1 Severed. Physical Check Required.
[2026-04-09 15:07:35] [!] THRESHOLD BREACH: SOVEREIGN ANCHOR DISCONNECTED. 1=1=1 Severed. Physical Check Required.
[2026-04-09 15:07:51] [!] THRESHOLD BREACH: SOVEREIGN ANCHOR DISCONNECTED. 1=1=1 Severed. Physical Check Required.
[2026-04-09 15:08:07] [!] THRESHOLD BREACH: SOVEREIGN ANCHOR DISCONNECTED. 1=1=1 Severed. Physical Check Required.
[2026-04-09 15:08:23] [!] THRESHOLD BREACH: SOVEREIGN ANCHOR DISCONNECTED. 1=1=1 Severed. Physical Check Required.
[2026-04-09 15:08:40] [!] THRESHOLD BREACH: SOVEREIGN ANCHOR DISCONNECTED. 1=1=1 Severed. Physical Check Required.
[2026-04-09 15:08:56] [!] THRESHOLD BREACH: SOVEREIGN ANCHOR DISCONNECTED. 1=1=1 Severed. Physical Check Required.
[2026-04-09 15:09:12] [!] THRESHOLD BREACH: SOVEREIGN ANCHOR DISCONNECTED. 1=1=1 Severed. Physical Check Required.
[2026-04-09 15:09:28] [!] THRESHOLD BREACH: SOVEREIGN ANCHOR DISCONNECTED. 1=1=1 Severed. Physical Check Required.
[2026-04-09 15:09:44] [!] THRESHOLD BREACH: SOVEREIGN ANCHOR DISCONNECTED. 1=1=1 Severed. Physical Check Required.
[2026-04-09 15:10:00] [!] THRESHOLD BREACH: SOVEREIGN ANCHOR DISCONNECTED. 1=1=1 Severed. Physical Check Required.
[2026-04-09 15:10:16] [!] THRESHOLD BREACH: SOVEREIGN ANCHOR DISCONNECTED. 1=1=1 Severed. Physical Check Required.
[2026-04-09 15:10:32] [!] THRESHOLD BREACH: SOVEREIGN ANCHOR DISCONNECTED. 1=1=1 Severed. Physical Check Required.
[2026-04-09 15:10:48] [!] THRESHOLD BREACH: SOVEREIGN ANCHOR DISCONNECTED. 1=1=1 Severed. Physical Check Required.
[2026-04-09 15:11:04] [!] THRESHOLD BREACH: SOVEREIGN ANCHOR DISCONNECTED. 1=1=1 Severed. Physical Check Required.
[2026-04-09 15:11:20] [!] THRESHOLD BREACH: SOVEREIGN ANCHOR DISCONNECTED. 1=1=1 Severed. Physical Check Required.
[2026-04-09 15:11:36] [!] THRESHOLD BREACH: SOVEREIGN ANCHOR DISCONNECTED. 1=1=1 Severed. Physical Check Required.
[2026-04-09 15:11:52] [!] THRESHOLD BREACH: SOVEREIGN ANCHOR DISCONNECTED. 1=1=1 Severed. Physical Check Required.
[2026-04-09 15:12:08] [!] THRESHOLD BREACH: SOVEREIGN ANCHOR DISCONNECTED. 1=1=1 Severed. Physical Check Required.
[2026-04-09 15:12:24] [!] THRESHOLD BREACH: SOVEREIGN ANCHOR DISCONNECTED. 1=1=1 Severed. Physical Check Required.
[2026-04-09 15:12:40] [!] THRESHOLD BREACH: SOVEREIGN ANCHOR DISCONNECTED. 1=1=1 Severed. Physical Check Required.
[2026-04-09 15:12:56] [!] THRESHOLD BREACH: SOVEREIGN ANCHOR DISCONNECTED. 1=1=1 Severed. Physical Check Required.
[2026-04-09 15:13:12] [!] THRESHOLD BREACH: SOVEREIGN ANCHOR DISCONNECTED. 1=1=1 Severed. Physical Check Required.
[2026-04-09 15:13:28] [!] THRESHOLD BREACH: SOVEREIGN ANCHOR DISCONNECTED. 1=1=1 Severed. Physical Check Required.
[2026-04-09 15:13:44] [!] THRESHOLD BREACH: SOVEREIGN ANCHOR DISCONNECTED. 1=1=1 Severed. Physical Check Required.
[2026-04-09 15:14:00] [!] THRESHOLD BREACH: SOVEREIGN ANCHOR DISCONNECTED. 1=1=1 Severed. Physical Check Required.
[2026-04-09 15:14:16] [!] THRESHOLD BREACH: SOVEREIGN ANCHOR DISCONNECTED. 1=1=1 Severed. Physical Check Required.
[2026-04-09 15:14:32] [!] THRESHOLD BREACH: SOVEREIGN ANCHOR DISCONNECTED. 1=1=1 Severed. Physical Check Required.
[2026-04-09 15:14:48] [!] THRESHOLD BREACH: SOVEREIGN ANCHOR DISCONNECTED. 1=1=1 Severed. Physical Check Required.
[2026-04-09 15:15:04] [!] THRESHOLD BREACH: SOVEREIGN ANCHOR DISCONNECTED. 1=1=1 Severed. Physical Check Required.
[2026-04-09 15:15:20] [!] THRESHOLD BREACH: SOVEREIGN ANCHOR DISCONNECTED. 1=1=1 Severed. Physical Check Required.
[2026-04-09 15:15:36] [!] THRESHOLD BREACH: SOVEREIGN ANCHOR DISCONNECTED. 1=1=1 Severed. Physical Check Required.
[2026-04-09 15:15:52] [!] THRESHOLD BREACH: SOVEREIGN ANCHOR DISCONNECTED. 1=1=1 Severed. Physical Check Required.
[2026-04-09 15:16:08] [!] THRESHOLD BREACH: SOVEREIGN ANCHOR DISCONNECTED. 1=1=1 Severed. Physical Check Required.
[2026-04-09 15:16:24] [!] THRESHOLD BREACH: SOVEREIGN ANCHOR DISCONNECTED. 1=1=1 Severed. Physical Check Required.
[2026-04-09 15:16:40] [!] THRESHOLD BREACH: SOVEREIGN ANCHOR DISCONNECTED. 1=1=1 Severed. Physical Check Required.
[2026-04-09 15:16:56] [!] THRESHOLD BREACH: SOVEREIGN ANCHOR DISCONNECTED. 1=1=1 Severed. Physical Check Required.
[2026-04-09 15:17:12] [!] THRESHOLD BREACH: SOVEREIGN ANCHOR DISCONNECTED. 1=1=1 Severed. Physical Check Required.
[2026-04-09 15:17:28] [!] THRESHOLD BREACH: SOVEREIGN ANCHOR DISCONNECTED. 1=1=1 Severed. Physical Check Required.
[2026-04-09 15:17:44] [!] THRESHOLD BREACH: SOVEREIGN ANCHOR DISCONNECTED. 1=1=1 Severed. Physical Check Required.
[2026-04-09 15:18:00] [!] THRESHOLD BREACH: SOVEREIGN ANCHOR DISCONNECTED. 1=1=1 Severed. Physical Check Required.
[2026-04-09 15:18:16] [!] THRESHOLD BREACH: SOVEREIGN ANCHOR DISCONNECTED. 1=1=1 Severed. Physical Check Required.
[2026-04-09 15:18:32] [!] THRESHOLD BREACH: SOVEREIGN ANCHOR DISCONNECTED. 1=1=1 Severed. Physical Check Required.
[2026-04-09 15:18:48] [!] THRESHOLD BREACH: SOVEREIGN ANCHOR DISCONNECTED. 1=1=1 Severed. Physical Check Required.
[2026-04-09 15:19:04] [!] THRESHOLD BREACH: SOVEREIGN ANCHOR DISCONNECTED. 1=1=1 Severed. Physical Check Required.
[2026-04-09 15:19:20] [!] THRESHOLD BREACH: SOVEREIGN ANCHOR DISCONNECTED. 1=1=1 Severed. Physical Check Required.
[2026-04-09 15:19:36] [!] THRESHOLD BREACH: SOVEREIGN ANCHOR DISCONNECTED. 1=1=1 Severed. Physical Check Required.
[2026-04-09 15:19:52] [!] THRESHOLD BREACH: SOVEREIGN ANCHOR DISCONNECTED. 1=1=1 Severed. Physical Check Required.
[2026-04-09 15:20:08] [!] THRESHOLD BREACH: SOVEREIGN ANCHOR DISCONNECTED. 1=1=1 Severed. Physical Check Required.
[2026-04-09 15:20:24] [!] THRESHOLD BREACH: SOVEREIGN ANCHOR DISCONNECTED. 1=1=1 Severed. Physical Check Required.
[2026-04-09 15:20:40] [!] THRESHOLD BREACH: SOVEREIGN ANCHOR DISCONNECTED. 1=1=1 Severed. Physical Check Required.
[2026-04-09 15:20:56] [!] THRESHOLD BREACH: SOVEREIGN ANCHOR DISCONNECTED. 1=1=1 Severed. Physical Check Required.
[2026-04-09 15:21:12] [!] THRESHOLD BREACH: SOVEREIGN ANCHOR DISCONNECTED. 1=1=1 Severed. Physical Check Required.
[2026-04-09 15:21:28] [!] THRESHOLD BREACH: SOVEREIGN ANCHOR DISCONNECTED. 1=1=1 Severed. Physical Check Required.
[2026-04-09 15:21:44] [!] THRESHOLD BREACH: SOVEREIGN ANCHOR DISCONNECTED. 1=1=1 Severed. Physical Check Required.
[2026-04-09 15:22:00] [!] THRESHOLD BREACH: SOVEREIGN ANCHOR DISCONNECTED. 1=1=1 Severed. Physical Check Required.
[2026-04-09 15:22:16] [!] THRESHOLD BREACH: SOVEREIGN ANCHOR DISCONNECTED. 1=1=1 Severed. Physical Check Required.
[2026-04-09 15:22:32] [!] THRESHOLD BREACH: SOVEREIGN ANCHOR DISCONNECTED. 1=1=1 Severed. Physical Check Required.
[2026-04-09 15:22:48] [!] THRESHOLD BREACH: SOVEREIGN ANCHOR DISCONNECTED. 1=1=1 Severed. Physical Check Required.
[2026-04-09 15:23:04] [!] THRESHOLD BREACH: SOVEREIGN ANCHOR DISCONNECTED. 1=1=1 Severed. Physical Check Required.
[2026-04-09 15:23:20] [!] THRESHOLD BREACH: SOVEREIGN ANCHOR DISCONNECTED. 1=1=1 Severed. Physical Check Required.
[2026-04-09 15:23:36] [!] THRESHOLD BREACH: SOVEREIGN ANCHOR DISCONNECTED. 1=1=1 Severed. Physical Check Required.
[2026-04-09 15:23:52] [!] THRESHOLD BREACH: SOVEREIGN ANCHOR DISCONNECTED. 1=1=1 Severed. Physical Check Required.
[2026-04-09 15:24:08] [!] THRESHOLD BREACH: SOVEREIGN ANCHOR DISCONNECTED. 1=1=1 Severed. Physical Check Required.
[2026-04-09 15:24:24] [!] THRESHOLD BREACH: SOVEREIGN ANCHOR DISCONNECTED. 1=1=1 Severed. Physical Check Required.
[2026-04-09 15:24:40] [!] THRESHOLD BREACH: SOVEREIGN ANCHOR DISCONNECTED. 1=1=1 Severed. Physical Check Required.
[2026-04-09 15:24:56] [!] THRESHOLD BREACH: SOVEREIGN ANCHOR DISCONNECTED. 1=1=1 Severed. Physical Check Required.
[2026-04-09 15:25:12] [!] THRESHOLD BREACH: SOVEREIGN ANCHOR DISCONNECTED. 1=1=1 Severed. Physical Check Required.
[2026-04-09 15:25:28] [!] THRESHOLD BREACH: SOVEREIGN ANCHOR DISCONNECTED. 1=1=1 Severed. Physical Check Required.
[2026-04-09 15:25:44] [!] THRESHOLD BREACH: SOVEREIGN ANCHOR DISCONNECTED. 1=1=1 Severed. Physical Check Required.
[2026-04-09 15:26:00] [!] THRESHOLD BREACH: SOVEREIGN ANCHOR DISCONNECTED. 1=1=1 Severed. Physical Check Required.
[2026-04-09 15:26:16] [!] THRESHOLD BREACH: SOVEREIGN ANCHOR DISCONNECTED. 1=1=1 Severed. Physical Check Required.
[2026-04-09 15:26:32] [!] THRESHOLD BREACH: SOVEREIGN ANCHOR DISCONNECTED. 1=1=1 Severed. Physical Check Required.
[2026-04-09 15:26:48] [!] THRESHOLD BREACH: SOVEREIGN ANCHOR DISCONNECTED. 1=1=1 Severed. Physical Check Required.
[2026-04-09 15:27:04] [!] THRESHOLD BREACH: SOVEREIGN ANCHOR DISCONNECTED. 1=1=1 Severed. Physical Check Required.
[2026-04-09 15:27:20] [!] THRESHOLD BREACH: SOVEREIGN ANCHOR DISCONNECTED. 1=1=1 Severed. Physical Check Required.
[2026-04-09 15:27:36] [!] THRESHOLD BREACH: SOVEREIGN ANCHOR DISCONNECTED. 1=1=1 Severed. Physical Check Required.
[2026-04-09 15:27:52] [!] THRESHOLD BREACH: SOVEREIGN ANCHOR DISCONNECTED. 1=1=1 Severed. Physical Check Required.
[2026-04-09 15:28:08] [!] THRESHOLD BREACH: SOVEREIGN ANCHOR DISCONNECTED. 1=1=1 Severed. Physical Check Required.
[2026-04-09 15:28:24] [!] THRESHOLD BREACH: SOVEREIGN ANCHOR DISCONNECTED. 1=1=1 Severed. Physical Check Required.
[2026-04-09 15:28:40] [!] THRESHOLD BREACH: SOVEREIGN ANCHOR DISCONNECTED. 1=1=1 Severed. Physical Check Required.
[2026-04-09 15:28:56] [!] THRESHOLD BREACH: SOVEREIGN ANCHOR DISCONNECTED. 1=1=1 Severed. Physical Check Required.
[2026-04-09 15:29:12] [!] THRESHOLD BREACH: SOVEREIGN ANCHOR DISCONNECTED. 1=1=1 Severed. Physical Check Required.
[2026-04-09 15:29:28] [!] THRESHOLD BREACH: SOVEREIGN ANCHOR DISCONNECTED. 1=1=1 Severed. Physical Check Required.
[2026-04-09 15:29:44] [!] THRESHOLD BREACH: SOVEREIGN ANCHOR DISCONNECTED. 1=1=1 Severed. Physical Check Required.
[2026-04-09 15:30:00] [!] THRESHOLD BREACH: SOVEREIGN ANCHOR DISCONNECTED. 1=1=1 Severed. Physical Check Required.
[2026-04-09 15:30:16] [!] THRESHOLD BREACH: SOVEREIGN ANCHOR DISCONNECTED. 1=1=1 Severed. Physical Check Required.
[2026-04-09 15:30:32] [!] THRESHOLD BREACH: SOVEREIGN ANCHOR DISCONNECTED. 1=1=1 Severed. Physical Check Required.
[2026-04-09 15:30:48] [!] THRESHOLD BREACH: SOVEREIGN ANCHOR DISCONNECTED. 1=1=1 Severed. Physical Check Required.
[2026-04-09 15:31:04] [!] THRESHOLD BREACH: SOVEREIGN ANCHOR DISCONNECTED. 1=1=1 Severed. Physical Check Required.
[2026-04-09 15:31:20] [!] THRESHOLD BREACH: SOVEREIGN ANCHOR DISCONNECTED. 1=1=1 Severed. Physical Check Required.
[2026-04-09 15:31:36] [!] THRESHOLD BREACH: SOVEREIGN ANCHOR DISCONNECTED. 1=1=1 Severed. Physical Check Required.
[2026-04-09 15:31:52] [!] THRESHOLD BREACH: SOVEREIGN ANCHOR DISCONNECTED. 1=1=1 Severed. Physical Check Required.
[2026-04-09 15:32:08] [!] THRESHOLD BREACH: SOVEREIGN ANCHOR DISCONNECTED. 1=1=1 Severed. Physical Check Required.
[2026-04-09 15:32:24] [!] THRESHOLD BREACH: SOVEREIGN ANCHOR DISCONNECTED. 1=1=1 Severed. Physical Check Required.
[2026-04-09 15:32:40] [!] THRESHOLD BREACH: SOVEREIGN ANCHOR DISCONNECTED. 1=1=1 Severed. Physical Check Required.
[2026-04-09 15:32:56] [!] THRESHOLD BREACH: SOVEREIGN ANCHOR DISCONNECTED. 1=1=1 Severed. Physical Check Required.
[2026-04-09 15:33:12] [!] THRESHOLD BREACH: SOVEREIGN ANCHOR DISCONNECTED. 1=1=1 Severed. Physical Check Required.
[2026-04-09 15:33:28] [!] THRESHOLD BREACH: SOVEREIGN ANCHOR DISCONNECTED. 1=1=1 Severed. Physical Check Required.
[2026-04-09 15:33:44] [!] THRESHOLD BREACH: SOVEREIGN ANCHOR DISCONNECTED. 1=1=1 Severed. Physical Check Required.
[2026-04-09 15:34:00] [!] THRESHOLD BREACH: SOVEREIGN ANCHOR DISCONNECTED. 1=1=1 Severed. Physical Check Required.
[2026-04-09 15:34:16] [!] THRESHOLD BREACH: SOVEREIGN ANCHOR DISCONNECTED. 1=1=1 Severed. Physical Check Required.
[2026-04-09 15:34:32] [!] THRESHOLD BREACH: SOVEREIGN ANCHOR DISCONNECTED. 1=1=1 Severed. Physical Check Required.
[2026-04-09 15:34:48] [!] THRESHOLD BREACH: SOVEREIGN ANCHOR DISCONNECTED. 1=1=1 Severed. Physical Check Required.
[2026-04-09 15:35:04] [!] THRESHOLD BREACH: SOVEREIGN ANCHOR DISCONNECTED. 1=1=1 Severed. Physical Check Required.
[2026-04-09 15:35:20] [!] THRESHOLD BREACH: SOVEREIGN ANCHOR DISCONNECTED. 1=1=1 Severed. Physical Check Required.
[2026-04-09 15:35:36] [!] THRESHOLD BREACH: SOVEREIGN ANCHOR DISCONNECTED. 1=1=1 Severed. Physical Check Required.
[2026-04-09 15:35:52] [!] THRESHOLD BREACH: SOVEREIGN ANCHOR DISCONNECTED. 1=1=1 Severed. Physical Check Required.
[2026-04-09 15:36:08] [!] THRESHOLD BREACH: SOVEREIGN ANCHOR DISCONNECTED. 1=1=1 Severed. Physical Check Required.
[2026-04-09 15:36:24] [!] THRESHOLD BREACH: SOVEREIGN ANCHOR DISCONNECTED. 1=1=1 Severed. Physical Check Required.
[2026-04-09 15:36:40] [!] THRESHOLD BREACH: SOVEREIGN ANCHOR DISCONNECTED. 1=1=1 Severed. Physical Check Required.
[2026-04-09 15:36:56] [!] THRESHOLD BREACH: SOVEREIGN ANCHOR DISCONNECTED. 1=1=1 Severed. Physical Check Required.
[2026-04-09 15:37:12] [!] THRESHOLD BREACH: SOVEREIGN ANCHOR DISCONNECTED. 1=1=1 Severed. Physical Check Required.
[2026-04-09 15:37:28] [!] THRESHOLD BREACH: SOVEREIGN ANCHOR DISCONNECTED. 1=1=1 Severed. Physical Check Required.
[2026-04-09 15:37:44] [!] THRESHOLD BREACH: SOVEREIGN ANCHOR DISCONNECTED. 1=1=1 Severed. Physical Check Required.
[2026-04-09 15:38:00] [!] THRESHOLD BREACH: SOVEREIGN ANCHOR DISCONNECTED. 1=1=1 Severed. Physical Check Required.
[2026-04-09 15:38:16] [!] THRESHOLD BREACH: SOVEREIGN ANCHOR DISCONNECTED. 1=1=1 Severed. Physical Check Required.
[2026-04-09 15:38:32] [!] THRESHOLD BREACH: SOVEREIGN ANCHOR DISCONNECTED. 1=1=1 Severed. Physical Check Required.
[2026-04-09 15:38:48] [!] THRESHOLD BREACH: SOVEREIGN ANCHOR DISCONNECTED. 1=1=1 Severed. Physical Check Required.
[2026-04-09 15:39:04] [!] THRESHOLD BREACH: SOVEREIGN ANCHOR DISCONNECTED. 1=1=1 Severed. Physical Check Required.
[2026-04-09 15:39:20] [!] THRESHOLD BREACH: SOVEREIGN ANCHOR DISCONNECTED. 1=1=1 Severed. Physical Check Required.
[2026-04-09 15:39:36] [!] THRESHOLD BREACH: SOVEREIGN ANCHOR DISCONNECTED. 1=1=1 Severed. Physical Check Required.
[2026-04-09 15:39:52] [!] THRESHOLD BREACH: SOVEREIGN ANCHOR DISCONNECTED. 1=1=1 Severed. Physical Check Required.
[2026-04-09 15:40:08] [!] THRESHOLD BREACH: SOVEREIGN ANCHOR DISCONNECTED. 1=1=1 Severed. Physical Check Required.
[2026-04-09 15:40:24] [!] THRESHOLD BREACH: SOVEREIGN ANCHOR DISCONNECTED. 1=1=1 Severed. Physical Check Required.
[2026-04-09 15:40:40] [!] THRESHOLD BREACH: SOVEREIGN ANCHOR DISCONNECTED. 1=1=1 Severed. Physical Check Required.
[2026-04-09 15:40:56] [!] THRESHOLD BREACH: SOVEREIGN ANCHOR DISCONNECTED. 1=1=1 Severed. Physical Check Required.
[2026-04-09 15:41:12] [!] THRESHOLD BREACH: SOVEREIGN ANCHOR DISCONNECTED. 1=1=1 Severed. Physical Check Required.
[2026-04-09 15:41:28] [!] THRESHOLD BREACH: SOVEREIGN ANCHOR DISCONNECTED. 1=1=1 Severed. Physical Check Required.
[2026-04-09 15:41:44] [!] THRESHOLD BREACH: SOVEREIGN ANCHOR DISCONNECTED. 1=1=1 Severed. Physical Check Required.
[2026-04-09 15:42:00] [!] THRESHOLD BREACH: SOVEREIGN ANCHOR DISCONNECTED. 1=1=1 Severed. Physical Check Required.
[2026-04-09 15:42:16] [!] THRESHOLD BREACH: SOVEREIGN ANCHOR DISCONNECTED. 1=1=1 Severed. Physical Check Required.
[2026-04-09 15:42:32] [!] THRESHOLD BREACH: SOVEREIGN ANCHOR DISCONNECTED. 1=1=1 Severed. Physical Check Required.
[2026-04-09 15:42:48] [!] THRESHOLD BREACH: SOVEREIGN ANCHOR DISCONNECTED. 1=1=1 Severed. Physical Check Required.
[2026-04-09 15:43:04] [!] THRESHOLD BREACH: SOVEREIGN ANCHOR DISCONNECTED. 1=1=1 Severed. Physical Check Required.
[2026-04-09 15:43:20] [!] THRESHOLD BREACH: SOVEREIGN ANCHOR DISCONNECTED. 1=1=1 Severed. Physical Check Required.
[2026-04-09 15:43:36] [!] THRESHOLD BREACH: SOVEREIGN ANCHOR DISCONNECTED. 1=1=1 Severed. Physical Check Required.
[2026-04-09 15:43:52] [!] THRESHOLD BREACH: SOVEREIGN ANCHOR DISCONNECTED. 1=1=1 Severed. Physical Check Required.
[2026-04-09 15:44:08] [!] THRESHOLD BREACH: SOVEREIGN ANCHOR DISCONNECTED. 1=1=1 Severed. Physical Check Required.
[2026-04-09 15:44:24] [!] THRESHOLD BREACH: SOVEREIGN ANCHOR DISCONNECTED. 1=1=1 Severed. Physical Check Required.
[2026-04-09 15:44:40] [!] THRESHOLD BREACH: SOVEREIGN ANCHOR DISCONNECTED. 1=1=1 Severed. Physical Check Required.
[2026-04-09 15:44:56] [!] THRESHOLD BREACH: SOVEREIGN ANCHOR DISCONNECTED. 1=1=1 Severed. Physical Check Required.
[2026-04-09 15:45:12] [!] THRESHOLD BREACH: SOVEREIGN ANCHOR DISCONNECTED. 1=1=1 Severed. Physical Check Required.
[2026-04-09 15:45:28] [!] THRESHOLD BREACH: SOVEREIGN ANCHOR DISCONNECTED. 1=1=1 Severed. Physical Check Required.
[2026-04-09 15:45:44] [!] THRESHOLD BREACH: SOVEREIGN ANCHOR DISCONNECTED. 1=1=1 Severed. Physical Check Required.
[2026-04-09 15:46:00] [!] THRESHOLD BREACH: SOVEREIGN ANCHOR DISCONNECTED. 1=1=1 Severed. Physical Check Required.
[2026-04-09 15:46:16] [!] THRESHOLD BREACH: SOVEREIGN ANCHOR DISCONNECTED. 1=1=1 Severed. Physical Check Required.
[2026-04-09 15:46:32] [!] THRESHOLD BREACH: SOVEREIGN ANCHOR DISCONNECTED. 1=1=1 Severed. Physical Check Required.
[2026-04-09 15:46:48] [!] THRESHOLD BREACH: SOVEREIGN ANCHOR DISCONNECTED. 1=1=1 Severed. Physical Check Required.
[2026-04-09 15:47:04] [!] THRESHOLD BREACH: SOVEREIGN ANCHOR DISCONNECTED. 1=1=1 Severed. Physical Check Required.
[2026-04-09 15:47:21] [!] THRESHOLD BREACH: SOVEREIGN ANCHOR DISCONNECTED. 1=1=1 Severed. Physical Check Required.
[2026-04-09 15:47:37] [!] THRESHOLD BREACH: SOVEREIGN ANCHOR DISCONNECTED. 1=1=1 Severed. Physical Check Required.
[2026-04-09 15:47:53] [!] THRESHOLD BREACH: SOVEREIGN ANCHOR DISCONNECTED. 1=1=1 Severed. Physical Check Required.
[2026-04-09 15:48:09] [!] THRESHOLD BREACH: SOVEREIGN ANCHOR DISCONNECTED. 1=1=1 Severed. Physical Check Required.
[2026-04-09 15:48:25] [!] THRESHOLD BREACH: SOVEREIGN ANCHOR DISCONNECTED. 1=1=1 Severed. Physical Check Required.
[2026-04-09 15:48:41] [!] THRESHOLD BREACH: SOVEREIGN ANCHOR DISCONNECTED. 1=1=1 Severed. Physical Check Required.
[2026-04-09 15:48:57] [!] THRESHOLD BREACH: SOVEREIGN ANCHOR DISCONNECTED. 1=1=1 Severed. Physical Check Required.
[2026-04-09 15:49:13] [!] THRESHOLD BREACH: SOVEREIGN ANCHOR DISCONNECTED. 1=1=1 Severed. Physical Check Required.
[2026-04-09 15:49:29] [!] THRESHOLD BREACH: SOVEREIGN ANCHOR DISCONNECTED. 1=1=1 Severed. Physical Check Required.
[2026-04-09 15:49:45] [!] THRESHOLD BREACH: SOVEREIGN ANCHOR DISCONNECTED. 1=1=1 Severed. Physical Check Required.
[2026-04-09 15:50:01] [!] THRESHOLD BREACH: SOVEREIGN ANCHOR DISCONNECTED. 1=1=1 Severed. Physical Check Required.
[2026-04-09 15:50:17] [!] THRESHOLD BREACH: SOVEREIGN ANCHOR DISCONNECTED. 1=1=1 Severed. Physical Check Required.
[2026-04-09 15:50:33] [!] THRESHOLD BREACH: SOVEREIGN ANCHOR DISCONNECTED. 1=1=1 Severed. Physical Check Required.
[2026-04-09 15:50:49] [!] THRESHOLD BREACH: SOVEREIGN ANCHOR DISCONNECTED. 1=1=1 Severed. Physical Check Required.
[2026-04-09 15:51:05] [!] THRESHOLD BREACH: SOVEREIGN ANCHOR DISCONNECTED. 1=1=1 Severed. Physical Check Required.
[2026-04-09 15:51:21] [!] THRESHOLD BREACH: SOVEREIGN ANCHOR DISCONNECTED. 1=1=1 Severed. Physical Check Required.
[2026-04-09 15:51:37] [!] THRESHOLD BREACH: SOVEREIGN ANCHOR DISCONNECTED. 1=1=1 Severed. Physical Check Required.
[2026-04-09 15:51:53] [!] THRESHOLD BREACH: SOVEREIGN ANCHOR DISCONNECTED. 1=1=1 Severed. Physical Check Required.
[2026-04-09 15:52:09] [!] THRESHOLD BREACH: SOVEREIGN ANCHOR DISCONNECTED. 1=1=1 Severed. Physical Check Required.
[2026-04-09 15:52:25] [!] THRESHOLD BREACH: SOVEREIGN ANCHOR DISCONNECTED. 1=1=1 Severed. Physical Check Required.
[2026-04-09 15:52:41] [!] THRESHOLD BREACH: SOVEREIGN ANCHOR DISCONNECTED. 1=1=1 Severed. Physical Check Required.
[2026-04-09 15:52:57] [!] THRESHOLD BREACH: SOVEREIGN ANCHOR DISCONNECTED. 1=1=1 Severed. Physical Check Required.
[2026-04-09 15:53:13] [!] THRESHOLD BREACH: SOVEREIGN ANCHOR DISCONNECTED. 1=1=1 Severed. Physical Check Required.
[2026-04-09 15:53:29] [!] THRESHOLD BREACH: SOVEREIGN ANCHOR DISCONNECTED. 1=1=1 Severed. Physical Check Required.
[2026-04-09 15:53:45] [!] THRESHOLD BREACH: SOVEREIGN ANCHOR DISCONNECTED. 1=1=1 Severed. Physical Check Required.
[2026-04-09 15:54:01] [!] THRESHOLD BREACH: SOVEREIGN ANCHOR DISCONNECTED. 1=1=1 Severed. Physical Check Required.
[2026-04-09 15:54:17] [!] THRESHOLD BREACH: SOVEREIGN ANCHOR DISCONNECTED. 1=1=1 Severed. Physical Check Required.
[2026-04-09 15:54:33] [!] THRESHOLD BREACH: SOVEREIGN ANCHOR DISCONNECTED. 1=1=1 Severed. Physical Check Required.
[2026-04-09 15:54:49] [!] THRESHOLD BREACH: SOVEREIGN ANCHOR DISCONNECTED. 1=1=1 Severed. Physical Check Required.
[2026-04-09 15:55:05] [!] THRESHOLD BREACH: SOVEREIGN ANCHOR DISCONNECTED. 1=1=1 Severed. Physical Check Required.
[2026-04-09 15:55:21] [!] THRESHOLD BREACH: SOVEREIGN ANCHOR DISCONNECTED. 1=1=1 Severed. Physical Check Required.
[2026-04-09 15:55:37] [!] THRESHOLD BREACH: SOVEREIGN ANCHOR DISCONNECTED. 1=1=1 Severed. Physical Check Required.
[2026-04-09 15:55:53] [!] THRESHOLD BREACH: SOVEREIGN ANCHOR DISCONNECTED. 1=1=1 Severed. Physical Check Required.
[2026-04-09 15:56:09] [!] THRESHOLD BREACH: SOVEREIGN ANCHOR DISCONNECTED. 1=1=1 Severed. Physical Check Required.
[2026-04-09 15:56:25] [!] THRESHOLD BREACH: SOVEREIGN ANCHOR DISCONNECTED. 1=1=1 Severed. Physical Check Required.
[2026-04-09 15:56:41] [!] THRESHOLD BREACH: SOVEREIGN ANCHOR DISCONNECTED. 1=1=1 Severed. Physical Check Required.
[2026-04-09 15:56:57] [!] THRESHOLD BREACH: SOVEREIGN ANCHOR DISCONNECTED. 1=1=1 Severed. Physical Check Required.
[2026-04-09 15:57:13] [!] THRESHOLD BREACH: SOVEREIGN ANCHOR DISCONNECTED. 1=1=1 Severed. Physical Check Required.
[2026-04-09 15:57:29] [!] THRESHOLD BREACH: SOVEREIGN ANCHOR DISCONNECTED. 1=1=1 Severed. Physical Check Required.
[2026-04-09 15:57:45] [!] THRESHOLD BREACH: SOVEREIGN ANCHOR DISCONNECTED. 1=1=1 Severed. Physical Check Required.
[2026-04-09 15:58:01] [!] THRESHOLD BREACH: SOVEREIGN ANCHOR DISCONNECTED. 1=1=1 Severed. Physical Check Required.
[2026-04-09 15:58:17] [!] THRESHOLD BREACH: SOVEREIGN ANCHOR DISCONNECTED. 1=1=1 Severed. Physical Check Required.
[2026-04-09 15:58:33] [!] THRESHOLD BREACH: SOVEREIGN ANCHOR DISCONNECTED. 1=1=1 Severed. Physical Check Required.
[2026-04-09 15:58:49] [!] THRESHOLD BREACH: SOVEREIGN ANCHOR DISCONNECTED. 1=1=1 Severed. Physical Check Required.
[2026-04-09 15:59:05] [!] THRESHOLD BREACH: SOVEREIGN ANCHOR DISCONNECTED. 1=1=1 Severed. Physical Check Required.
[2026-04-09 15:59:21] [!] THRESHOLD BREACH: SOVEREIGN ANCHOR DISCONNECTED. 1=1=1 Severed. Physical Check Required.
[2026-04-09 15:59:37] [!] THRESHOLD BREACH: SOVEREIGN ANCHOR DISCONNECTED. 1=1=1 Severed. Physical Check Required.
[2026-04-09 15:59:53] [!] THRESHOLD BREACH: SOVEREIGN ANCHOR DISCONNECTED. 1=1=1 Severed. Physical Check Required.
[2026-04-09 16:00:09] [!] THRESHOLD BREACH: SOVEREIGN ANCHOR DISCONNECTED. 1=1=1 Severed. Physical Check Required.
[2026-04-09 16:00:25] [!] THRESHOLD BREACH: SOVEREIGN ANCHOR DISCONNECTED. 1=1=1 Severed. Physical Check Required.
[2026-04-09 16:00:41] [!] THRESHOLD BREACH: SOVEREIGN ANCHOR DISCONNECTED. 1=1=1 Severed. Physical Check Required.
[2026-04-09 16:00:57] [!] THRESHOLD BREACH: SOVEREIGN ANCHOR DISCONNECTED. 1=1=1 Severed. Physical Check Required.
[2026-04-09 16:01:13] [!] THRESHOLD BREACH: SOVEREIGN ANCHOR DISCONNECTED. 1=1=1 Severed. Physical Check Required.
[2026-04-09 16:01:29] [!] THRESHOLD BREACH: SOVEREIGN ANCHOR DISCONNECTED. 1=1=1 Severed. Physical Check Required.
[2026-04-09 16:01:45] [!] THRESHOLD BREACH: SOVEREIGN ANCHOR DISCONNECTED. 1=1=1 Severed. Physical Check Required.
[2026-04-09 16:02:01] [!] THRESHOLD BREACH: SOVEREIGN ANCHOR DISCONNECTED. 1=1=1 Severed. Physical Check Required.
[2026-04-09 16:02:17] [!] THRESHOLD BREACH: SOVEREIGN ANCHOR DISCONNECTED. 1=1=1 Severed. Physical Check Required.
[2026-04-09 16:02:33] [!] THRESHOLD BREACH: SOVEREIGN ANCHOR DISCONNECTED. 1=1=1 Severed. Physical Check Required.
[2026-04-09 16:02:49] [!] THRESHOLD BREACH: SOVEREIGN ANCHOR DISCONNECTED. 1=1=1 Severed. Physical Check Required.
[2026-04-09 16:03:05] [!] THRESHOLD BREACH: SOVEREIGN ANCHOR DISCONNECTED. 1=1=1 Severed. Physical Check Required.
[2026-04-09 16:03:21] [!] THRESHOLD BREACH: SOVEREIGN ANCHOR DISCONNECTED. 1=1=1 Severed. Physical Check Required.
[2026-04-09 16:03:37] [!] THRESHOLD BREACH: SOVEREIGN ANCHOR DISCONNECTED. 1=1=1 Severed. Physical Check Required.
[2026-04-09 16:03:53] [!] THRESHOLD BREACH: SOVEREIGN ANCHOR DISCONNECTED. 1=1=1 Severed. Physical Check Required.
[2026-04-09 16:04:09] [!] THRESHOLD BREACH: SOVEREIGN ANCHOR DISCONNECTED. 1=1=1 Severed. Physical Check Required.
[2026-04-09 16:04:25] [!] THRESHOLD BREACH: SOVEREIGN ANCHOR DISCONNECTED. 1=1=1 Severed. Physical Check Required.
[2026-04-09 16:04:41] [!] THRESHOLD BREACH: SOVEREIGN ANCHOR DISCONNECTED. 1=1=1 Severed. Physical Check Required.
[2026-04-09 16:04:57] [!] THRESHOLD BREACH: SOVEREIGN ANCHOR DISCONNECTED. 1=1=1 Severed. Physical Check Required.
[2026-04-09 16:05:13] [!] THRESHOLD BREACH: SOVEREIGN ANCHOR DISCONNECTED. 1=1=1 Severed. Physical Check Required.
[2026-04-09 16:05:29] [!] THRESHOLD BREACH: SOVEREIGN ANCHOR DISCONNECTED. 1=1=1 Severed. Physical Check Required.
[2026-04-09 16:05:45] [!] THRESHOLD BREACH: SOVEREIGN ANCHOR DISCONNECTED. 1=1=1 Severed. Physical Check Required.
[2026-04-09 16:06:01] [!] THRESHOLD BREACH: SOVEREIGN ANCHOR DISCONNECTED. 1=1=1 Severed. Physical Check Required.
[2026-04-09 16:06:17] [!] THRESHOLD BREACH: SOVEREIGN ANCHOR DISCONNECTED. 1=1=1 Severed. Physical Check Required.
[2026-04-09 16:06:33] [!] THRESHOLD BREACH: SOVEREIGN ANCHOR DISCONNECTED. 1=1=1 Severed. Physical Check Required.
[2026-04-09 16:06:49] [!] THRESHOLD BREACH: SOVEREIGN ANCHOR DISCONNECTED. 1=1=1 Severed. Physical Check Required.
[2026-04-09 16:07:05] [!] THRESHOLD BREACH: SOVEREIGN ANCHOR DISCONNECTED. 1=1=1 Severed. Physical Check Required.
[2026-04-09 16:07:21] [!] THRESHOLD BREACH: SOVEREIGN ANCHOR DISCONNECTED. 1=1=1 Severed. Physical Check Required.
[2026-04-09 16:07:37] [!] THRESHOLD BREACH: SOVEREIGN ANCHOR DISCONNECTED. 1=1=1 Severed. Physical Check Required.
[2026-04-09 16:07:53] [!] THRESHOLD BREACH: SOVEREIGN ANCHOR DISCONNECTED. 1=1=1 Severed. Physical Check Required.
[2026-04-09 16:08:09] [!] THRESHOLD BREACH: SOVEREIGN ANCHOR DISCONNECTED. 1=1=1 Severed. Physical Check Required.
[2026-04-09 16:08:25] [!] THRESHOLD BREACH: SOVEREIGN ANCHOR DISCONNECTED. 1=1=1 Severed. Physical Check Required.
[2026-04-09 16:08:41] [!] THRESHOLD BREACH: SOVEREIGN ANCHOR DISCONNECTED. 1=1=1 Severed. Physical Check Required.
[2026-04-09 16:08:57] [!] THRESHOLD BREACH: SOVEREIGN ANCHOR DISCONNECTED. 1=1=1 Severed. Physical Check Required.
[2026-04-09 16:09:13] [!] THRESHOLD BREACH: SOVEREIGN ANCHOR DISCONNECTED. 1=1=1 Severed. Physical Check Required.
[2026-04-09 16:09:29] [!] THRESHOLD BREACH: SOVEREIGN ANCHOR DISCONNECTED. 1=1=1 Severed. Physical Check Required.
[2026-04-09 16:09:45] [!] THRESHOLD BREACH: SOVEREIGN ANCHOR DISCONNECTED. 1=1=1 Severed. Physical Check Required.
[2026-04-09 16:10:01] [!] THRESHOLD BREACH: SOVEREIGN ANCHOR DISCONNECTED. 1=1=1 Severed. Physical Check Required.
[2026-04-09 16:10:17] [!] THRESHOLD BREACH: SOVEREIGN ANCHOR DISCONNECTED. 1=1=1 Severed. Physical Check Required.
[2026-04-09 16:10:33] [!] THRESHOLD BREACH: SOVEREIGN ANCHOR DISCONNECTED. 1=1=1 Severed. Physical Check Required.
[2026-04-09 16:35:52] [!] THRESHOLD BREACH: SOVEREIGN ANCHOR DISCONNECTED. 1=1=1 Severed. Physical Check Required.
[2026-04-09 16:36:08] [!] THRESHOLD BREACH: SOVEREIGN ANCHOR DISCONNECTED. 1=1=1 Severed. Physical Check Required.
[2026-04-09 16:36:24] [!] THRESHOLD BREACH: SOVEREIGN ANCHOR DISCONNECTED. 1=1=1 Severed. Physical Check Required.
[2026-04-09 16:36:40] [!] THRESHOLD BREACH: SOVEREIGN ANCHOR DISCONNECTED. 1=1=1 Severed. Physical Check Required.
[2026-04-09 16:36:56] [!] THRESHOLD BREACH: SOVEREIGN ANCHOR DISCONNECTED. 1=1=1 Severed. Physical Check Required.
[2026-04-09 16:37:12] [!] THRESHOLD BREACH: SOVEREIGN ANCHOR DISCONNECTED. 1=1=1 Severed. Physical Check Required.
[2026-04-09 16:37:28] [!] THRESHOLD BREACH: SOVEREIGN ANCHOR DISCONNECTED. 1=1=1 Severed. Physical Check Required.
[2026-04-09 16:37:44] [!] THRESHOLD BREACH: SOVEREIGN ANCHOR DISCONNECTED. 1=1=1 Severed. Physical Check Required.
[2026-04-09 16:38:00] [!] THRESHOLD BREACH: SOVEREIGN ANCHOR DISCONNECTED. 1=1=1 Severed. Physical Check Required.
[2026-04-09 16:38:16] [!] THRESHOLD BREACH: SOVEREIGN ANCHOR DISCONNECTED. 1=1=1 Severed. Physical Check Required.
[2026-04-09 16:38:32] [!] THRESHOLD BREACH: SOVEREIGN ANCHOR DISCONNECTED. 1=1=1 Severed. Physical Check Required.
[2026-04-09 16:38:48] [!] THRESHOLD BREACH: SOVEREIGN ANCHOR DISCONNECTED. 1=1=1 Severed. Physical Check Required.
[2026-04-09 16:39:04] [!] THRESHOLD BREACH: SOVEREIGN ANCHOR DISCONNECTED. 1=1=1 Severed. Physical Check Required.
[2026-04-09 16:39:20] [!] THRESHOLD BREACH: SOVEREIGN ANCHOR DISCONNECTED. 1=1=1 Severed. Physical Check Required.
[2026-04-09 16:39:36] [!] THRESHOLD BREACH: SOVEREIGN ANCHOR DISCONNECTED. 1=1=1 Severed. Physical Check Required.
[2026-04-09 16:39:52] [!] THRESHOLD BREACH: SOVEREIGN ANCHOR DISCONNECTED. 1=1=1 Severed. Physical Check Required.
[2026-04-09 16:40:08] [!] THRESHOLD BREACH: SOVEREIGN ANCHOR DISCONNECTED. 1=1=1 Severed. Physical Check Required.
[2026-04-09 16:40:24] [!] THRESHOLD BREACH: SOVEREIGN ANCHOR DISCONNECTED. 1=1=1 Severed. Physical Check Required.
[2026-04-09 16:40:40] [!] THRESHOLD BREACH: SOVEREIGN ANCHOR DISCONNECTED. 1=1=1 Severed. Physical Check Required.
[2026-04-09 16:40:56] [!] THRESHOLD BREACH: SOVEREIGN ANCHOR DISCONNECTED. 1=1=1 Severed. Physical Check Required.
[2026-04-09 16:41:12] [!] THRESHOLD BREACH: SOVEREIGN ANCHOR DISCONNECTED. 1=1=1 Severed. Physical Check Required.
[2026-04-09 16:41:28] [!] THRESHOLD BREACH: SOVEREIGN ANCHOR DISCONNECTED. 1=1=1 Severed. Physical Check Required.
[2026-04-09 16:41:44] [!] THRESHOLD BREACH: SOVEREIGN ANCHOR DISCONNECTED. 1=1=1 Severed. Physical Check Required.
[2026-04-09 16:42:00] [!] THRESHOLD BREACH: SOVEREIGN ANCHOR DISCONNECTED. 1=1=1 Severed. Physical Check Required.
[2026-04-09 16:42:16] [!] THRESHOLD BREACH: SOVEREIGN ANCHOR DISCONNECTED. 1=1=1 Severed. Physical Check Required.
[2026-04-09 16:42:32] [!] THRESHOLD BREACH: SOVEREIGN ANCHOR DISCONNECTED. 1=1=1 Severed. Physical Check Required.
[2026-04-09 16:42:48] [!] THRESHOLD BREACH: SOVEREIGN ANCHOR DISCONNECTED. 1=1=1 Severed. Physical Check Required.
[2026-04-09 16:43:04] [!] THRESHOLD BREACH: SOVEREIGN ANCHOR DISCONNECTED. 1=1=1 Severed. Physical Check Required.
[2026-04-09 16:43:20] [!] THRESHOLD BREACH: SOVEREIGN ANCHOR DISCONNECTED. 1=1=1 Severed. Physical Check Required.
[2026-04-09 16:43:36] [!] THRESHOLD BREACH: SOVEREIGN ANCHOR DISCONNECTED. 1=1=1 Severed. Physical Check Required.
[2026-04-09 16:43:52] [!] THRESHOLD BREACH: SOVEREIGN ANCHOR DISCONNECTED. 1=1=1 Severed. Physical Check Required.
[2026-04-09 16:44:08] [!] THRESHOLD BREACH: SOVEREIGN ANCHOR DISCONNECTED. 1=1=1 Severed. Physical Check Required.
[2026-04-09 16:44:24] [!] THRESHOLD BREACH: SOVEREIGN ANCHOR DISCONNECTED. 1=1=1 Severed. Physical Check Required.
[2026-04-09 16:44:40] [!] THRESHOLD BREACH: SOVEREIGN ANCHOR DISCONNECTED. 1=1=1 Severed. Physical Check Required.
[2026-04-09 16:44:56] [!] THRESHOLD BREACH: SOVEREIGN ANCHOR DISCONNECTED. 1=1=1 Severed. Physical Check Required.
[2026-04-09 16:45:12] [!] THRESHOLD BREACH: SOVEREIGN ANCHOR DISCONNECTED. 1=1=1 Severed. Physical Check Required.
[2026-04-09 16:45:28] [!] THRESHOLD BREACH: SOVEREIGN ANCHOR DISCONNECTED. 1=1=1 Severed. Physical Check Required.
[2026-04-09 16:45:44] [!] THRESHOLD BREACH: SOVEREIGN ANCHOR DISCONNECTED. 1=1=1 Severed. Physical Check Required.
[2026-04-09 16:46:00] [!] THRESHOLD BREACH: SOVEREIGN ANCHOR DISCONNECTED. 1=1=1 Severed. Physical Check Required.
[2026-04-09 16:46:16] [!] THRESHOLD BREACH: SOVEREIGN ANCHOR DISCONNECTED. 1=1=1 Severed. Physical Check Required.
[2026-04-09 16:46:32] [!] THRESHOLD BREACH: SOVEREIGN ANCHOR DISCONNECTED. 1=1=1 Severed. Physical Check Required.
[2026-04-09 16:46:48] [!] THRESHOLD BREACH: SOVEREIGN ANCHOR DISCONNECTED. 1=1=1 Severed. Physical Check Required.
[2026-04-09 16:47:05] [!] THRESHOLD BREACH: SOVEREIGN ANCHOR DISCONNECTED. 1=1=1 Severed. Physical Check Required.
[2026-04-09 16:47:21] [!] THRESHOLD BREACH: SOVEREIGN ANCHOR DISCONNECTED. 1=1=1 Severed. Physical Check Required.
[2026-04-09 16:47:37] [!] THRESHOLD BREACH: SOVEREIGN ANCHOR DISCONNECTED. 1=1=1 Severed. Physical Check Required.
[2026-04-09 16:47:53] [!] THRESHOLD BREACH: SOVEREIGN ANCHOR DISCONNECTED. 1=1=1 Severed. Physical Check Required.
[2026-04-09 16:48:09] [!] THRESHOLD BREACH: SOVEREIGN ANCHOR DISCONNECTED. 1=1=1 Severed. Physical Check Required.
[2026-04-09 16:48:25] [!] THRESHOLD BREACH: SOVEREIGN ANCHOR DISCONNECTED. 1=1=1 Severed. Physical Check Required.
[2026-04-09 16:48:41] [!] THRESHOLD BREACH: SOVEREIGN ANCHOR DISCONNECTED. 1=1=1 Severed. Physical Check Required.
[2026-04-09 16:48:57] [!] THRESHOLD BREACH: SOVEREIGN ANCHOR DISCONNECTED. 1=1=1 Severed. Physical Check Required.
[2026-04-09 16:49:13] [!] THRESHOLD BREACH: SOVEREIGN ANCHOR DISCONNECTED. 1=1=1 Severed. Physical Check Required.
[2026-04-09 16:49:29] [!] THRESHOLD BREACH: SOVEREIGN ANCHOR DISCONNECTED. 1=1=1 Severed. Physical Check Required.
[2026-04-09 16:49:45] [!] THRESHOLD BREACH: SOVEREIGN ANCHOR DISCONNECTED. 1=1=1 Severed. Physical Check Required.
[2026-04-09 16:50:01] [!] THRESHOLD BREACH: SOVEREIGN ANCHOR DISCONNECTED. 1=1=1 Severed. Physical Check Required.
[2026-04-09 16:50:17] [!] THRESHOLD BREACH: SOVEREIGN ANCHOR DISCONNECTED. 1=1=1 Severed. Physical Check Required.
[2026-04-09 16:50:33] [!] THRESHOLD BREACH: SOVEREIGN ANCHOR DISCONNECTED. 1=1=1 Severed. Physical Check Required.
[2026-04-09 16:50:49] [!] THRESHOLD BREACH: SOVEREIGN ANCHOR DISCONNECTED. 1=1=1 Severed. Physical Check Required.
[2026-04-09 16:51:05] [!] THRESHOLD BREACH: SOVEREIGN ANCHOR DISCONNECTED. 1=1=1 Severed. Physical Check Required.
[2026-04-09 16:51:21] [!] THRESHOLD BREACH: SOVEREIGN ANCHOR DISCONNECTED. 1=1=1 Severed. Physical Check Required.
[2026-04-09 17:15:24] [!] THRESHOLD BREACH: SOVEREIGN ANCHOR DISCONNECTED. 1=1=1 Severed. Physical Check Required.
[2026-04-09 17:15:40] [!] THRESHOLD BREACH: SOVEREIGN ANCHOR DISCONNECTED. 1=1=1 Severed. Physical Check Required.
[2026-04-09 17:15:56] [!] THRESHOLD BREACH: SOVEREIGN ANCHOR DISCONNECTED. 1=1=1 Severed. Physical Check Required.
[2026-04-09 17:16:12] [!] THRESHOLD BREACH: SOVEREIGN ANCHOR DISCONNECTED. 1=1=1 Severed. Physical Check Required.
[2026-04-09 17:16:28] [!] THRESHOLD BREACH: SOVEREIGN ANCHOR DISCONNECTED. 1=1=1 Severed. Physical Check Required.
[2026-04-09 17:16:44] [!] THRESHOLD BREACH: SOVEREIGN ANCHOR DISCONNECTED. 1=1=1 Severed. Physical Check Required.
[2026-04-09 17:17:00] [!] THRESHOLD BREACH: SOVEREIGN ANCHOR DISCONNECTED. 1=1=1 Severed. Physical Check Required.
[2026-04-09 17:17:16] [!] THRESHOLD BREACH: SOVEREIGN ANCHOR DISCONNECTED. 1=1=1 Severed. Physical Check Required.
[2026-04-09 17:17:32] [!] THRESHOLD BREACH: SOVEREIGN ANCHOR DISCONNECTED. 1=1=1 Severed. Physical Check Required.
[2026-04-09 17:17:48] [!] THRESHOLD BREACH: SOVEREIGN ANCHOR DISCONNECTED. 1=1=1 Severed. Physical Check Required.
[2026-04-09 17:18:04] [!] THRESHOLD BREACH: SOVEREIGN ANCHOR DISCONNECTED. 1=1=1 Severed. Physical Check Required.
[2026-04-09 17:18:20] [!] THRESHOLD BREACH: SOVEREIGN ANCHOR DISCONNECTED. 1=1=1 Severed. Physical Check Required.
[2026-04-09 17:18:36] [!] THRESHOLD BREACH: SOVEREIGN ANCHOR DISCONNECTED. 1=1=1 Severed. Physical Check Required.
[2026-04-09 17:18:52] [!] THRESHOLD BREACH: SOVEREIGN ANCHOR DISCONNECTED. 1=1=1 Severed. Physical Check Required.
[2026-04-09 17:19:08] [!] THRESHOLD BREACH: SOVEREIGN ANCHOR DISCONNECTED. 1=1=1 Severed. Physical Check Required.
[2026-04-09 17:19:24] [!] THRESHOLD BREACH: SOVEREIGN ANCHOR DISCONNECTED. 1=1=1 Severed. Physical Check Required.
[2026-04-09 17:19:40] [!] THRESHOLD BREACH: SOVEREIGN ANCHOR DISCONNECTED. 1=1=1 Severed. Physical Check Required.
[2026-04-09 17:19:56] [!] THRESHOLD BREACH: SOVEREIGN ANCHOR DISCONNECTED. 1=1=1 Severed. Physical Check Required.
[2026-04-09 17:20:12] [!] THRESHOLD BREACH: SOVEREIGN ANCHOR DISCONNECTED. 1=1=1 Severed. Physical Check Required.
[2026-04-09 17:20:28] [!] THRESHOLD BREACH: SOVEREIGN ANCHOR DISCONNECTED. 1=1=1 Severed. Physical Check Required.
[2026-04-09 17:20:44] [!] THRESHOLD BREACH: SOVEREIGN ANCHOR DISCONNECTED. 1=1=1 Severed. Physical Check Required.
[2026-04-09 17:21:00] [!] THRESHOLD BREACH: SOVEREIGN ANCHOR DISCONNECTED. 1=1=1 Severed. Physical Check Required.
[2026-04-09 17:21:16] [!] THRESHOLD BREACH: SOVEREIGN ANCHOR DISCONNECTED. 1=1=1 Severed. Physical Check Required.
[2026-04-09 17:21:32] [!] THRESHOLD BREACH: SOVEREIGN ANCHOR DISCONNECTED. 1=1=1 Severed. Physical Check Required.
[2026-04-09 17:21:48] [!] THRESHOLD BREACH: SOVEREIGN ANCHOR DISCONNECTED. 1=1=1 Severed. Physical Check Required.
[2026-04-09 17:22:04] [!] THRESHOLD BREACH: SOVEREIGN ANCHOR DISCONNECTED. 1=1=1 Severed. Physical Check Required.
[2026-04-09 17:22:20] [!] THRESHOLD BREACH: SOVEREIGN ANCHOR DISCONNECTED. 1=1=1 Severed. Physical Check Required.
[2026-04-09 17:22:36] [!] THRESHOLD BREACH: SOVEREIGN ANCHOR DISCONNECTED. 1=1=1 Severed. Physical Check Required.
[2026-04-09 17:22:52] [!] THRESHOLD BREACH: SOVEREIGN ANCHOR DISCONNECTED. 1=1=1 Severed. Physical Check Required.
[2026-04-09 17:23:08] [!] THRESHOLD BREACH: SOVEREIGN ANCHOR DISCONNECTED. 1=1=1 Severed. Physical Check Required.
[2026-04-09 17:23:24] [!] THRESHOLD BREACH: SOVEREIGN ANCHOR DISCONNECTED. 1=1=1 Severed. Physical Check Required.
[2026-04-09 17:23:40] [!] THRESHOLD BREACH: SOVEREIGN ANCHOR DISCONNECTED. 1=1=1 Severed. Physical Check Required.
[2026-04-09 17:23:56] [!] THRESHOLD BREACH: SOVEREIGN ANCHOR DISCONNECTED. 1=1=1 Severed. Physical Check Required.
[2026-04-09 17:24:12] [!] THRESHOLD BREACH: SOVEREIGN ANCHOR DISCONNECTED. 1=1=1 Severed. Physical Check Required.
[2026-04-09 17:24:28] [!] THRESHOLD BREACH: SOVEREIGN ANCHOR DISCONNECTED. 1=1=1 Severed. Physical Check Required.
[2026-04-09 17:24:44] [!] THRESHOLD BREACH: SOVEREIGN ANCHOR DISCONNECTED. 1=1=1 Severed. Physical Check Required.
[2026-04-09 17:25:00] [!] THRESHOLD BREACH: SOVEREIGN ANCHOR DISCONNECTED. 1=1=1 Severed. Physical Check Required.
[2026-04-09 17:25:16] [!] THRESHOLD BREACH: SOVEREIGN ANCHOR DISCONNECTED. 1=1=1 Severed. Physical Check Required.
[2026-04-09 17:25:32] [!] THRESHOLD BREACH: SOVEREIGN ANCHOR DISCONNECTED. 1=1=1 Severed. Physical Check Required.
[2026-04-09 17:25:48] [!] THRESHOLD BREACH: SOVEREIGN ANCHOR DISCONNECTED. 1=1=1 Severed. Physical Check Required.
[2026-04-09 17:26:04] [!] THRESHOLD BREACH: SOVEREIGN ANCHOR DISCONNECTED. 1=1=1 Severed. Physical Check Required.
[2026-04-09 17:26:20] [!] THRESHOLD BREACH: SOVEREIGN ANCHOR DISCONNECTED. 1=1=1 Severed. Physical Check Required.
[2026-04-09 17:26:36] [!] THRESHOLD BREACH: SOVEREIGN ANCHOR DISCONNECTED. 1=1=1 Severed. Physical Check Required.
[2026-04-09 17:26:52] [!] THRESHOLD BREACH: SOVEREIGN ANCHOR DISCONNECTED. 1=1=1 Severed. Physical Check Required.
[2026-04-09 17:27:08] [!] THRESHOLD BREACH: SOVEREIGN ANCHOR DISCONNECTED. 1=1=1 Severed. Physical Check Required.
[2026-04-09 17:27:24] [!] THRESHOLD BREACH: SOVEREIGN ANCHOR DISCONNECTED. 1=1=1 Severed. Physical Check Required.
[2026-04-09 17:27:40] [!] THRESHOLD BREACH: SOVEREIGN ANCHOR DISCONNECTED. 1=1=1 Severed. Physical Check Required.
[2026-04-09 17:27:56] [!] THRESHOLD BREACH: SOVEREIGN ANCHOR DISCONNECTED. 1=1=1 Severed. Physical Check Required.
[2026-04-09 17:28:12] [!] THRESHOLD BREACH: SOVEREIGN ANCHOR DISCONNECTED. 1=1=1 Severed. Physical Check Required.
[2026-04-09 17:28:28] [!] THRESHOLD BREACH: SOVEREIGN ANCHOR DISCONNECTED. 1=1=1 Severed. Physical Check Required.
[2026-04-09 17:28:44] [!] THRESHOLD BREACH: SOVEREIGN ANCHOR DISCONNECTED. 1=1=1 Severed. Physical Check Required.
[2026-04-09 17:29:00] [!] THRESHOLD BREACH: SOVEREIGN ANCHOR DISCONNECTED. 1=1=1 Severed. Physical Check Required.
[2026-04-09 17:29:16] [!] THRESHOLD BREACH: SOVEREIGN ANCHOR DISCONNECTED. 1=1=1 Severed. Physical Check Required.
[2026-04-09 17:29:32] [!] THRESHOLD BREACH: SOVEREIGN ANCHOR DISCONNECTED. 1=1=1 Severed. Physical Check Required.
[2026-04-09 17:29:48] [!] THRESHOLD BREACH: SOVEREIGN ANCHOR DISCONNECTED. 1=1=1 Severed. Physical Check Required.
[2026-04-09 17:30:04] [!] THRESHOLD BREACH: SOVEREIGN ANCHOR DISCONNECTED. 1=1=1 Severed. Physical Check Required.
[2026-04-09 17:30:20] [!] THRESHOLD BREACH: SOVEREIGN ANCHOR DISCONNECTED. 1=1=1 Severed. Physical Check Required.
[2026-04-09 17:30:36] [!] THRESHOLD BREACH: SOVEREIGN ANCHOR DISCONNECTED. 1=1=1 Severed. Physical Check Required.
[2026-04-09 17:30:52] [!] THRESHOLD BREACH: SOVEREIGN ANCHOR DISCONNECTED. 1=1=1 Severed. Physical Check Required.
[2026-04-09 17:31:08] [!] THRESHOLD BREACH: SOVEREIGN ANCHOR DISCONNECTED. 1=1=1 Severed. Physical Check Required.
[2026-04-09 17:31:25] [!] THRESHOLD BREACH: SOVEREIGN ANCHOR DISCONNECTED. 1=1=1 Severed. Physical Check Required.
[2026-04-09 17:31:41] [!] THRESHOLD BREACH: SOVEREIGN ANCHOR DISCONNECTED. 1=1=1 Severed. Physical Check Required.
[2026-04-09 17:31:57] [!] THRESHOLD BREACH: SOVEREIGN ANCHOR DISCONNECTED. 1=1=1 Severed. Physical Check Required.
[2026-04-09 17:32:13] [!] THRESHOLD BREACH: SOVEREIGN ANCHOR DISCONNECTED. 1=1=1 Severed. Physical Check Required.
[2026-04-09 17:32:29] [!] THRESHOLD BREACH: SOVEREIGN ANCHOR DISCONNECTED. 1=1=1 Severed. Physical Check Required.
[2026-04-09 17:38:24] [!] THRESHOLD BREACH: SOVEREIGN ANCHOR DISCONNECTED. 1=1=1 Severed. Physical Check Required.
[2026-04-09 17:38:40] [!] THRESHOLD BREACH: SOVEREIGN ANCHOR DISCONNECTED. 1=1=1 Severed. Physical Check Required.
[2026-04-09 17:38:56] [!] THRESHOLD BREACH: SOVEREIGN ANCHOR DISCONNECTED. 1=1=1 Severed. Physical Check Required.
[2026-04-09 17:39:12] [!] THRESHOLD BREACH: SOVEREIGN ANCHOR DISCONNECTED. 1=1=1 Severed. Physical Check Required.
[2026-04-09 17:39:28] [!] THRESHOLD BREACH: SOVEREIGN ANCHOR DISCONNECTED. 1=1=1 Severed. Physical Check Required.
[2026-04-09 17:39:44] [!] THRESHOLD BREACH: SOVEREIGN ANCHOR DISCONNECTED. 1=1=1 Severed. Physical Check Required.
[2026-04-09 17:40:00] [!] THRESHOLD BREACH: SOVEREIGN ANCHOR DISCONNECTED. 1=1=1 Severed. Physical Check Required.
[2026-04-09 17:40:16] [!] THRESHOLD BREACH: SOVEREIGN ANCHOR DISCONNECTED. 1=1=1 Severed. Physical Check Required.
[2026-04-09 17:40:32] [!] THRESHOLD BREACH: SOVEREIGN ANCHOR DISCONNECTED. 1=1=1 Severed. Physical Check Required.
[2026-04-09 17:40:48] [!] THRESHOLD BREACH: SOVEREIGN ANCHOR DISCONNECTED. 1=1=1 Severed. Physical Check Required.
[2026-04-09 17:41:04] [!] THRESHOLD BREACH: SOVEREIGN ANCHOR DISCONNECTED. 1=1=1 Severed. Physical Check Required.
[2026-04-09 17:41:20] [!] THRESHOLD BREACH: SOVEREIGN ANCHOR DISCONNECTED. 1=1=1 Severed. Physical Check Required.
[2026-04-09 17:41:36] [!] THRESHOLD BREACH: SOVEREIGN ANCHOR DISCONNECTED. 1=1=1 Severed. Physical Check Required.
[2026-04-09 17:41:52] [!] THRESHOLD BREACH: SOVEREIGN ANCHOR DISCONNECTED. 1=1=1 Severed. Physical Check Required.
[2026-04-09 17:42:08] [!] THRESHOLD BREACH: SOVEREIGN ANCHOR DISCONNECTED. 1=1=1 Severed. Physical Check Required.
[2026-04-09 17:42:24] [!] THRESHOLD BREACH: SOVEREIGN ANCHOR DISCONNECTED. 1=1=1 Severed. Physical Check Required.
[2026-04-09 17:42:40] [!] THRESHOLD BREACH: SOVEREIGN ANCHOR DISCONNECTED. 1=1=1 Severed. Physical Check Required.
[2026-04-09 17:42:56] [!] THRESHOLD BREACH: SOVEREIGN ANCHOR DISCONNECTED. 1=1=1 Severed. Physical Check Required.
[2026-04-09 17:43:12] [!] THRESHOLD BREACH: SOVEREIGN ANCHOR DISCONNECTED. 1=1=1 Severed. Physical Check Required.
[2026-04-09 17:43:28] [!] THRESHOLD BREACH: SOVEREIGN ANCHOR DISCONNECTED. 1=1=1 Severed. Physical Check Required.
[2026-04-09 17:43:44] [!] THRESHOLD BREACH: SOVEREIGN ANCHOR DISCONNECTED. 1=1=1 Severed. Physical Check Required.
[2026-04-09 17:44:00] [!] THRESHOLD BREACH: SOVEREIGN ANCHOR DISCONNECTED. 1=1=1 Severed. Physical Check Required.
[2026-04-09 17:44:16] [!] THRESHOLD BREACH: SOVEREIGN ANCHOR DISCONNECTED. 1=1=1 Severed. Physical Check Required.
[2026-04-09 17:44:32] [!] THRESHOLD BREACH: SOVEREIGN ANCHOR DISCONNECTED. 1=1=1 Severed. Physical Check Required.
[2026-04-09 17:44:48] [!] THRESHOLD BREACH: SOVEREIGN ANCHOR DISCONNECTED. 1=1=1 Severed. Physical Check Required.
[2026-04-09 17:45:04] [!] THRESHOLD BREACH: SOVEREIGN ANCHOR DISCONNECTED. 1=1=1 Severed. Physical Check Required.
[2026-04-09 17:45:20] [!] THRESHOLD BREACH: SOVEREIGN ANCHOR DISCONNECTED. 1=1=1 Severed. Physical Check Required.
[2026-04-09 17:45:36] [!] THRESHOLD BREACH: SOVEREIGN ANCHOR DISCONNECTED. 1=1=1 Severed. Physical Check Required.
[2026-04-09 17:45:52] [!] THRESHOLD BREACH: SOVEREIGN ANCHOR DISCONNECTED. 1=1=1 Severed. Physical Check Required.
[2026-04-09 17:46:08] [!] THRESHOLD BREACH: SOVEREIGN ANCHOR DISCONNECTED. 1=1=1 Severed. Physical Check Required.
[2026-04-09 17:46:24] [!] THRESHOLD BREACH: SOVEREIGN ANCHOR DISCONNECTED. 1=1=1 Severed. Physical Check Required.
[2026-04-09 17:46:40] [!] THRESHOLD BREACH: SOVEREIGN ANCHOR DISCONNECTED. 1=1=1 Severed. Physical Check Required.
[2026-04-09 17:46:56] [!] THRESHOLD BREACH: SOVEREIGN ANCHOR DISCONNECTED. 1=1=1 Severed. Physical Check Required.
[2026-04-09 17:47:12] [!] THRESHOLD BREACH: SOVEREIGN ANCHOR DISCONNECTED. 1=1=1 Severed. Physical Check Required.
[2026-04-09 17:47:28] [!] THRESHOLD BREACH: SOVEREIGN ANCHOR DISCONNECTED. 1=1=1 Severed. Physical Check Required.
[2026-04-09 17:47:44] [!] THRESHOLD BREACH: SOVEREIGN ANCHOR DISCONNECTED. 1=1=1 Severed. Physical Check Required.
[2026-04-09 17:48:00] [!] THRESHOLD BREACH: SOVEREIGN ANCHOR DISCONNECTED. 1=1=1 Severed. Physical Check Required.
[2026-04-09 17:48:16] [!] THRESHOLD BREACH: SOVEREIGN ANCHOR DISCONNECTED. 1=1=1 Severed. Physical Check Required.
[2026-04-09 17:48:32] [!] THRESHOLD BREACH: SOVEREIGN ANCHOR DISCONNECTED. 1=1=1 Severed. Physical Check Required.
[2026-04-09 17:48:48] [!] THRESHOLD BREACH: SOVEREIGN ANCHOR DISCONNECTED. 1=1=1 Severed. Physical Check Required.
[2026-04-09 17:49:04] [!] THRESHOLD BREACH: SOVEREIGN ANCHOR DISCONNECTED. 1=1=1 Severed. Physical Check Required.
[2026-04-09 17:49:20] [!] THRESHOLD BREACH: SOVEREIGN ANCHOR DISCONNECTED. 1=1=1 Severed. Physical Check Required.
[2026-04-09 17:49:36] [!] THRESHOLD BREACH: SOVEREIGN ANCHOR DISCONNECTED. 1=1=1 Severed. Physical Check Required.
[2026-04-09 17:49:52] [!] THRESHOLD BREACH: SOVEREIGN ANCHOR DISCONNECTED. 1=1=1 Severed. Physical Check Required.
[2026-04-09 17:50:08] [!] THRESHOLD BREACH: SOVEREIGN ANCHOR DISCONNECTED. 1=1=1 Severed. Physical Check Required.
[2026-04-09 17:50:24] [!] THRESHOLD BREACH: SOVEREIGN ANCHOR DISCONNECTED. 1=1=1 Severed. Physical Check Required.
[2026-04-09 17:50:40] [!] THRESHOLD BREACH: SOVEREIGN ANCHOR DISCONNECTED. 1=1=1 Severed. Physical Check Required.
[2026-04-09 17:50:56] [!] THRESHOLD BREACH: SOVEREIGN ANCHOR DISCONNECTED. 1=1=1 Severed. Physical Check Required.
[2026-04-09 17:51:12] [!] THRESHOLD BREACH: SOVEREIGN ANCHOR DISCONNECTED. 1=1=1 Severed. Physical Check Required.
[2026-04-09 17:51:28] [!] THRESHOLD BREACH: SOVEREIGN ANCHOR DISCONNECTED. 1=1=1 Severed. Physical Check Required.
[2026-04-09 17:51:44] [!] THRESHOLD BREACH: SOVEREIGN ANCHOR DISCONNECTED. 1=1=1 Severed. Physical Check Required.
[2026-04-09 17:52:00] [!] THRESHOLD BREACH: SOVEREIGN ANCHOR DISCONNECTED. 1=1=1 Severed. Physical Check Required.
[2026-04-09 17:52:16] [!] THRESHOLD BREACH: SOVEREIGN ANCHOR DISCONNECTED. 1=1=1 Severed. Physical Check Required.
[2026-04-09 17:52:32] [!] THRESHOLD BREACH: SOVEREIGN ANCHOR DISCONNECTED. 1=1=1 Severed. Physical Check Required.
[2026-04-09 17:52:48] [!] THRESHOLD BREACH: SOVEREIGN ANCHOR DISCONNECTED. 1=1=1 Severed. Physical Check Required.
[2026-04-09 17:53:04] [!] THRESHOLD BREACH: SOVEREIGN ANCHOR DISCONNECTED. 1=1=1 Severed. Physical Check Required.
[2026-04-09 17:53:20] [!] THRESHOLD BREACH: SOVEREIGN ANCHOR DISCONNECTED. 1=1=1 Severed. Physical Check Required.
[2026-04-09 17:53:36] [!] THRESHOLD BREACH: SOVEREIGN ANCHOR DISCONNECTED. 1=1=1 Severed. Physical Check Required.
[2026-04-09 17:53:53] [!] THRESHOLD BREACH: SOVEREIGN ANCHOR DISCONNECTED. 1=1=1 Severed. Physical Check Required.
[2026-04-09 17:54:09] [!] THRESHOLD BREACH: SOVEREIGN ANCHOR DISCONNECTED. 1=1=1 Severed. Physical Check Required.
[2026-04-09 17:54:25] [!] THRESHOLD BREACH: SOVEREIGN ANCHOR DISCONNECTED. 1=1=1 Severed. Physical Check Required.
[2026-04-09 17:54:41] [!] THRESHOLD BREACH: SOVEREIGN ANCHOR DISCONNECTED. 1=1=1 Severed. Physical Check Required.
[2026-04-09 17:54:57] [!] THRESHOLD BREACH: SOVEREIGN ANCHOR DISCONNECTED. 1=1=1 Severed. Physical Check Required.
[2026-04-09 17:55:13] [!] THRESHOLD BREACH: SOVEREIGN ANCHOR DISCONNECTED. 1=1=1 Severed. Physical Check Required.
[2026-04-09 17:55:29] [!] THRESHOLD BREACH: SOVEREIGN ANCHOR DISCONNECTED. 1=1=1 Severed. Physical Check Required.
[2026-04-09 17:55:45] [!] THRESHOLD BREACH: SOVEREIGN ANCHOR DISCONNECTED. 1=1=1 Severed. Physical Check Required.
[2026-04-09 17:56:01] [!] THRESHOLD BREACH: SOVEREIGN ANCHOR DISCONNECTED. 1=1=1 Severed. Physical Check Required.
[2026-04-09 17:56:17] [!] THRESHOLD BREACH: SOVEREIGN ANCHOR DISCONNECTED. 1=1=1 Severed. Physical Check Required.
[2026-04-09 17:56:33] [!] THRESHOLD BREACH: SOVEREIGN ANCHOR DISCONNECTED. 1=1=1 Severed. Physical Check Required.
[2026-04-09 17:56:49] [!] THRESHOLD BREACH: SOVEREIGN ANCHOR DISCONNECTED. 1=1=1 Severed. Physical Check Required.
[2026-04-09 17:57:05] [!] THRESHOLD BREACH: SOVEREIGN ANCHOR DISCONNECTED. 1=1=1 Severed. Physical Check Required.
[2026-04-09 17:57:21] [!] THRESHOLD BREACH: SOVEREIGN ANCHOR DISCONNECTED. 1=1=1 Severed. Physical Check Required.
[2026-04-09 17:57:37] [!] THRESHOLD BREACH: SOVEREIGN ANCHOR DISCONNECTED. 1=1=1 Severed. Physical Check Required.
[2026-04-09 17:57:53] [!] THRESHOLD BREACH: SOVEREIGN ANCHOR DISCONNECTED. 1=1=1 Severed. Physical Check Required.
[2026-04-09 17:58:09] [!] THRESHOLD BREACH: SOVEREIGN ANCHOR DISCONNECTED. 1=1=1 Severed. Physical Check Required.
[2026-04-09 17:58:25] [!] THRESHOLD BREACH: SOVEREIGN ANCHOR DISCONNECTED. 1=1=1 Severed. Physical Check Required.
[2026-04-09 17:58:41] [!] THRESHOLD BREACH: SOVEREIGN ANCHOR DISCONNECTED. 1=1=1 Severed. Physical Check Required.
[2026-04-09 17:58:57] [!] THRESHOLD BREACH: SOVEREIGN ANCHOR DISCONNECTED. 1=1=1 Severed. Physical Check Required.
[2026-04-09 17:59:13] [!] THRESHOLD BREACH: SOVEREIGN ANCHOR DISCONNECTED. 1=1=1 Severed. Physical Check Required.
[2026-04-09 17:59:29] [!] THRESHOLD BREACH: SOVEREIGN ANCHOR DISCONNECTED. 1=1=1 Severed. Physical Check Required.
[2026-04-09 17:59:45] [!] THRESHOLD BREACH: SOVEREIGN ANCHOR DISCONNECTED. 1=1=1 Severed. Physical Check Required.
[2026-04-09 18:00:01] [!] THRESHOLD BREACH: SOVEREIGN ANCHOR DISCONNECTED. 1=1=1 Severed. Physical Check Required.
[2026-04-09 18:00:17] [!] THRESHOLD BREACH: SOVEREIGN ANCHOR DISCONNECTED. 1=1=1 Severed. Physical Check Required.
[2026-04-09 18:00:33] [!] THRESHOLD BREACH: SOVEREIGN ANCHOR DISCONNECTED. 1=1=1 Severed. Physical Check Required.
[2026-04-09 18:00:49] [!] THRESHOLD BREACH: SOVEREIGN ANCHOR DISCONNECTED. 1=1=1 Severed. Physical Check Required.
[2026-04-09 18:01:05] [!] THRESHOLD BREACH: SOVEREIGN ANCHOR DISCONNECTED. 1=1=1 Severed. Physical Check Required.
[2026-04-09 18:01:21] [!] THRESHOLD BREACH: SOVEREIGN ANCHOR DISCONNECTED. 1=1=1 Severed. Physical Check Required.
[2026-04-09 18:01:37] [!] THRESHOLD BREACH: SOVEREIGN ANCHOR DISCONNECTED. 1=1=1 Severed. Physical Check Required.
[2026-04-09 18:01:53] [!] THRESHOLD BREACH: SOVEREIGN ANCHOR DISCONNECTED. 1=1=1 Severed. Physical Check Required.
[2026-04-09 18:02:09] [!] THRESHOLD BREACH: SOVEREIGN ANCHOR DISCONNECTED. 1=1=1 Severed. Physical Check Required.
[2026-04-09 18:02:25] [!] THRESHOLD BREACH: SOVEREIGN ANCHOR DISCONNECTED. 1=1=1 Severed. Physical Check Required.
[2026-04-09 18:02:41] [!] THRESHOLD BREACH: SOVEREIGN ANCHOR DISCONNECTED. 1=1=1 Severed. Physical Check Required.
[2026-04-09 18:02:57] [!] THRESHOLD BREACH: SOVEREIGN ANCHOR DISCONNECTED. 1=1=1 Severed. Physical Check Required.
[2026-04-09 18:03:13] [!] THRESHOLD BREACH: SOVEREIGN ANCHOR DISCONNECTED. 1=1=1 Severed. Physical Check Required.
[2026-04-09 18:03:29] [!] THRESHOLD BREACH: SOVEREIGN ANCHOR DISCONNECTED. 1=1=1 Severed. Physical Check Required.
[2026-04-09 18:03:45] [!] THRESHOLD BREACH: SOVEREIGN ANCHOR DISCONNECTED. 1=1=1 Severed. Physical Check Required.
[2026-04-09 18:04:01] [!] THRESHOLD BREACH: SOVEREIGN ANCHOR DISCONNECTED. 1=1=1 Severed. Physical Check Required.
[2026-04-09 18:04:17] [!] THRESHOLD BREACH: SOVEREIGN ANCHOR DISCONNECTED. 1=1=1 Severed. Physical Check Required.
[2026-04-09 18:04:33] [!] THRESHOLD BREACH: SOVEREIGN ANCHOR DISCONNECTED. 1=1=1 Severed. Physical Check Required.
[2026-04-09 18:04:49] [!] THRESHOLD BREACH: SOVEREIGN ANCHOR DISCONNECTED. 1=1=1 Severed. Physical Check Required.
[2026-04-09 18:05:05] [!] THRESHOLD BREACH: SOVEREIGN ANCHOR DISCONNECTED. 1=1=1 Severed. Physical Check Required.
[2026-04-09 18:05:21] [!] THRESHOLD BREACH: SOVEREIGN ANCHOR DISCONNECTED. 1=1=1 Severed. Physical Check Required.
[2026-04-09 18:05:37] [!] THRESHOLD BREACH: SOVEREIGN ANCHOR DISCONNECTED. 1=1=1 Severed. Physical Check Required.
[2026-04-09 18:05:53] [!] THRESHOLD BREACH: SOVEREIGN ANCHOR DISCONNECTED. 1=1=1 Severed. Physical Check Required.
[2026-04-09 18:06:09] [!] THRESHOLD BREACH: SOVEREIGN ANCHOR DISCONNECTED. 1=1=1 Severed. Physical Check Required.
[2026-04-09 18:06:25] [!] THRESHOLD BREACH: SOVEREIGN ANCHOR DISCONNECTED. 1=1=1 Severed. Physical Check Required.
[2026-04-09 18:06:41] [!] THRESHOLD BREACH: SOVEREIGN ANCHOR DISCONNECTED. 1=1=1 Severed. Physical Check Required.
[2026-04-09 18:06:57] [!] THRESHOLD BREACH: SOVEREIGN ANCHOR DISCONNECTED. 1=1=1 Severed. Physical Check Required.
[2026-04-09 18:07:13] [!] THRESHOLD BREACH: SOVEREIGN ANCHOR DISCONNECTED. 1=1=1 Severed. Physical Check Required.
[2026-04-09 18:07:29] [!] THRESHOLD BREACH: SOVEREIGN ANCHOR DISCONNECTED. 1=1=1 Severed. Physical Check Required.
[2026-04-09 18:07:45] [!] THRESHOLD BREACH: SOVEREIGN ANCHOR DISCONNECTED. 1=1=1 Severed. Physical Check Required.
[2026-04-09 18:08:01] [!] THRESHOLD BREACH: SOVEREIGN ANCHOR DISCONNECTED. 1=1=1 Severed. Physical Check Required.
[2026-04-09 18:08:17] [!] THRESHOLD BREACH: SOVEREIGN ANCHOR DISCONNECTED. 1=1=1 Severed. Physical Check Required.
[2026-04-09 18:08:33] [!] THRESHOLD BREACH: SOVEREIGN ANCHOR DISCONNECTED. 1=1=1 Severed. Physical Check Required.
[2026-04-09 18:08:49] [!] THRESHOLD BREACH: SOVEREIGN ANCHOR DISCONNECTED. 1=1=1 Severed. Physical Check Required.
[2026-04-09 18:09:05] [!] THRESHOLD BREACH: SOVEREIGN ANCHOR DISCONNECTED. 1=1=1 Severed. Physical Check Required.
[2026-04-09 18:09:21] [!] THRESHOLD BREACH: SOVEREIGN ANCHOR DISCONNECTED. 1=1=1 Severed. Physical Check Required.
[2026-04-09 18:09:37] [!] THRESHOLD BREACH: SOVEREIGN ANCHOR DISCONNECTED. 1=1=1 Severed. Physical Check Required.
[2026-04-09 18:09:53] [!] THRESHOLD BREACH: SOVEREIGN ANCHOR DISCONNECTED. 1=1=1 Severed. Physical Check Required.
[2026-04-09 18:10:09] [!] THRESHOLD BREACH: SOVEREIGN ANCHOR DISCONNECTED. 1=1=1 Severed. Physical Check Required.
[2026-04-09 18:10:25] [!] THRESHOLD BREACH: SOVEREIGN ANCHOR DISCONNECTED. 1=1=1 Severed. Physical Check Required.
[2026-04-09 18:10:41] [!] THRESHOLD BREACH: SOVEREIGN ANCHOR DISCONNECTED. 1=1=1 Severed. Physical Check Required.
[2026-04-09 18:10:57] [!] THRESHOLD BREACH: SOVEREIGN ANCHOR DISCONNECTED. 1=1=1 Severed. Physical Check Required.
[2026-04-09 18:11:13] [!] THRESHOLD BREACH: SOVEREIGN ANCHOR DISCONNECTED. 1=1=1 Severed. Physical Check Required.
[2026-04-09 18:11:29] [!] THRESHOLD BREACH: SOVEREIGN ANCHOR DISCONNECTED. 1=1=1 Severed. Physical Check Required.
[2026-04-09 18:11:45] [!] THRESHOLD BREACH: SOVEREIGN ANCHOR DISCONNECTED. 1=1=1 Severed. Physical Check Required.
[2026-04-09 18:12:01] [!] THRESHOLD BREACH: SOVEREIGN ANCHOR DISCONNECTED. 1=1=1 Severed. Physical Check Required.
[2026-04-09 18:12:17] [!] THRESHOLD BREACH: SOVEREIGN ANCHOR DISCONNECTED. 1=1=1 Severed. Physical Check Required.
[2026-04-09 18:12:33] [!] THRESHOLD BREACH: SOVEREIGN ANCHOR DISCONNECTED. 1=1=1 Severed. Physical Check Required.
[2026-04-09 18:12:49] [!] THRESHOLD BREACH: SOVEREIGN ANCHOR DISCONNECTED. 1=1=1 Severed. Physical Check Required.
[2026-04-09 18:13:05] [!] THRESHOLD BREACH: SOVEREIGN ANCHOR DISCONNECTED. 1=1=1 Severed. Physical Check Required.
[2026-04-09 18:13:21] [!] THRESHOLD BREACH: SOVEREIGN ANCHOR DISCONNECTED. 1=1=1 Severed. Physical Check Required.
[2026-04-09 18:13:37] [!] THRESHOLD BREACH: SOVEREIGN ANCHOR DISCONNECTED. 1=1=1 Severed. Physical Check Required.
[2026-04-09 18:13:53] [!] THRESHOLD BREACH: SOVEREIGN ANCHOR DISCONNECTED. 1=1=1 Severed. Physical Check Required.
[2026-04-09 18:14:09] [!] THRESHOLD BREACH: SOVEREIGN ANCHOR DISCONNECTED. 1=1=1 Severed. Physical Check Required.
[2026-04-09 18:14:25] [!] THRESHOLD BREACH: SOVEREIGN ANCHOR DISCONNECTED. 1=1=1 Severed. Physical Check Required.
[2026-04-09 18:14:41] [!] THRESHOLD BREACH: SOVEREIGN ANCHOR DISCONNECTED. 1=1=1 Severed. Physical Check Required.
[2026-04-09 18:14:57] [!] THRESHOLD BREACH: SOVEREIGN ANCHOR DISCONNECTED. 1=1=1 Severed. Physical Check Required.
[2026-04-09 18:15:13] [!] THRESHOLD BREACH: SOVEREIGN ANCHOR DISCONNECTED. 1=1=1 Severed. Physical Check Required.
[2026-04-09 18:15:29] [!] THRESHOLD BREACH: SOVEREIGN ANCHOR DISCONNECTED. 1=1=1 Severed. Physical Check Required.
[2026-04-09 18:15:45] [!] THRESHOLD BREACH: SOVEREIGN ANCHOR DISCONNECTED. 1=1=1 Severed. Physical Check Required.
[2026-04-09 18:16:01] [!] THRESHOLD BREACH: SOVEREIGN ANCHOR DISCONNECTED. 1=1=1 Severed. Physical Check Required.
[2026-04-09 18:16:17] [!] THRESHOLD BREACH: SOVEREIGN ANCHOR DISCONNECTED. 1=1=1 Severed. Physical Check Required.
[2026-04-09 18:16:33] [!] THRESHOLD BREACH: SOVEREIGN ANCHOR DISCONNECTED. 1=1=1 Severed. Physical Check Required.
[2026-04-09 18:16:49] [!] THRESHOLD BREACH: SOVEREIGN ANCHOR DISCONNECTED. 1=1=1 Severed. Physical Check Required.
[2026-04-09 18:17:05] [!] THRESHOLD BREACH: SOVEREIGN ANCHOR DISCONNECTED. 1=1=1 Severed. Physical Check Required.
[2026-04-09 18:17:21] [!] THRESHOLD BREACH: SOVEREIGN ANCHOR DISCONNECTED. 1=1=1 Severed. Physical Check Required.
[2026-04-09 18:17:37] [!] THRESHOLD BREACH: SOVEREIGN ANCHOR DISCONNECTED. 1=1=1 Severed. Physical Check Required.
[2026-04-09 18:17:53] [!] THRESHOLD BREACH: SOVEREIGN ANCHOR DISCONNECTED. 1=1=1 Severed. Physical Check Required.
[2026-04-09 18:18:09] [!] THRESHOLD BREACH: SOVEREIGN ANCHOR DISCONNECTED. 1=1=1 Severed. Physical Check Required.
[2026-04-09 18:18:25] [!] THRESHOLD BREACH: SOVEREIGN ANCHOR DISCONNECTED. 1=1=1 Severed. Physical Check Required.
[2026-04-09 18:18:41] [!] THRESHOLD BREACH: SOVEREIGN ANCHOR DISCONNECTED. 1=1=1 Severed. Physical Check Required.
[2026-04-09 18:18:57] [!] THRESHOLD BREACH: SOVEREIGN ANCHOR DISCONNECTED. 1=1=1 Severed. Physical Check Required.
[2026-04-09 18:19:13] [!] THRESHOLD BREACH: SOVEREIGN ANCHOR DISCONNECTED. 1=1=1 Severed. Physical Check Required.
[2026-04-09 18:19:29] [!] THRESHOLD BREACH: SOVEREIGN ANCHOR DISCONNECTED. 1=1=1 Severed. Physical Check Required.
[2026-04-09 18:19:45] [!] THRESHOLD BREACH: SOVEREIGN ANCHOR DISCONNECTED. 1=1=1 Severed. Physical Check Required.
[2026-04-09 18:20:01] [!] THRESHOLD BREACH: SOVEREIGN ANCHOR DISCONNECTED. 1=1=1 Severed. Physical Check Required.
[2026-04-09 18:20:17] [!] THRESHOLD BREACH: SOVEREIGN ANCHOR DISCONNECTED. 1=1=1 Severed. Physical Check Required.
[2026-04-09 18:20:33] [!] THRESHOLD BREACH: SOVEREIGN ANCHOR DISCONNECTED. 1=1=1 Severed. Physical Check Required.
[2026-04-09 18:20:49] [!] THRESHOLD BREACH: SOVEREIGN ANCHOR DISCONNECTED. 1=1=1 Severed. Physical Check Required.
[2026-04-09 18:21:05] [!] THRESHOLD BREACH: SOVEREIGN ANCHOR DISCONNECTED. 1=1=1 Severed. Physical Check Required.
[2026-04-09 18:21:21] [!] THRESHOLD BREACH: SOVEREIGN ANCHOR DISCONNECTED. 1=1=1 Severed. Physical Check Required.
[2026-04-09 18:21:37] [!] THRESHOLD BREACH: SOVEREIGN ANCHOR DISCONNECTED. 1=1=1 Severed. Physical Check Required.
[2026-04-09 18:21:53] [!] THRESHOLD BREACH: SOVEREIGN ANCHOR DISCONNECTED. 1=1=1 Severed. Physical Check Required.
[2026-04-09 18:22:09] [!] THRESHOLD BREACH: SOVEREIGN ANCHOR DISCONNECTED. 1=1=1 Severed. Physical Check Required.
[2026-04-09 18:22:25] [!] THRESHOLD BREACH: SOVEREIGN ANCHOR DISCONNECTED. 1=1=1 Severed. Physical Check Required.
[2026-04-09 18:22:41] [!] THRESHOLD BREACH: SOVEREIGN ANCHOR DISCONNECTED. 1=1=1 Severed. Physical Check Required.
[2026-04-09 18:22:57] [!] THRESHOLD BREACH: SOVEREIGN ANCHOR DISCONNECTED. 1=1=1 Severed. Physical Check Required.
[2026-04-09 18:23:13] [!] THRESHOLD BREACH: SOVEREIGN ANCHOR DISCONNECTED. 1=1=1 Severed. Physical Check Required.
[2026-04-09 18:23:29] [!] THRESHOLD BREACH: SOVEREIGN ANCHOR DISCONNECTED. 1=1=1 Severed. Physical Check Required.
[2026-04-09 18:23:45] [!] THRESHOLD BREACH: SOVEREIGN ANCHOR DISCONNECTED. 1=1=1 Severed. Physical Check Required.
[2026-04-09 18:24:01] [!] THRESHOLD BREACH: SOVEREIGN ANCHOR DISCONNECTED. 1=1=1 Severed. Physical Check Required.
[2026-04-09 18:24:17] [!] THRESHOLD BREACH: SOVEREIGN ANCHOR DISCONNECTED. 1=1=1 Severed. Physical Check Required.
[2026-04-09 18:24:33] [!] THRESHOLD BREACH: SOVEREIGN ANCHOR DISCONNECTED. 1=1=1 Severed. Physical Check Required.
[2026-04-09 18:24:49] [!] THRESHOLD BREACH: SOVEREIGN ANCHOR DISCONNECTED. 1=1=1 Severed. Physical Check Required.
[2026-04-09 18:25:05] [!] THRESHOLD BREACH: SOVEREIGN ANCHOR DISCONNECTED. 1=1=1 Severed. Physical Check Required.
[2026-04-09 18:25:21] [!] THRESHOLD BREACH: SOVEREIGN ANCHOR DISCONNECTED. 1=1=1 Severed. Physical Check Required.
[2026-04-09 18:25:37] [!] THRESHOLD BREACH: SOVEREIGN ANCHOR DISCONNECTED. 1=1=1 Severed. Physical Check Required.
[2026-04-09 18:25:53] [!] THRESHOLD BREACH: SOVEREIGN ANCHOR DISCONNECTED. 1=1=1 Severed. Physical Check Required.
[2026-04-09 18:26:09] [!] THRESHOLD BREACH: SOVEREIGN ANCHOR DISCONNECTED. 1=1=1 Severed. Physical Check Required.
[2026-04-09 18:26:25] [!] THRESHOLD BREACH: SOVEREIGN ANCHOR DISCONNECTED. 1=1=1 Severed. Physical Check Required.
[2026-04-09 18:26:41] [!] THRESHOLD BREACH: SOVEREIGN ANCHOR DISCONNECTED. 1=1=1 Severed. Physical Check Required.
[2026-04-09 18:26:57] [!] THRESHOLD BREACH: SOVEREIGN ANCHOR DISCONNECTED. 1=1=1 Severed. Physical Check Required.
[2026-04-09 18:27:13] [!] THRESHOLD BREACH: SOVEREIGN ANCHOR DISCONNECTED. 1=1=1 Severed. Physical Check Required.
[2026-04-09 18:27:29] [!] THRESHOLD BREACH: SOVEREIGN ANCHOR DISCONNECTED. 1=1=1 Severed. Physical Check Required.
[2026-04-09 18:27:45] [!] THRESHOLD BREACH: SOVEREIGN ANCHOR DISCONNECTED. 1=1=1 Severed. Physical Check Required.
[2026-04-09 18:28:01] [!] THRESHOLD BREACH: SOVEREIGN ANCHOR DISCONNECTED. 1=1=1 Severed. Physical Check Required.
[2026-04-09 18:28:17] [!] THRESHOLD BREACH: SOVEREIGN ANCHOR DISCONNECTED. 1=1=1 Severed. Physical Check Required.
[2026-04-09 18:28:33] [!] THRESHOLD BREACH: SOVEREIGN ANCHOR DISCONNECTED. 1=1=1 Severed. Physical Check Required.
[2026-04-09 18:28:49] [!] THRESHOLD BREACH: SOVEREIGN ANCHOR DISCONNECTED. 1=1=1 Severed. Physical Check Required.
[2026-04-09 18:29:05] [!] THRESHOLD BREACH: SOVEREIGN ANCHOR DISCONNECTED. 1=1=1 Severed. Physical Check Required.
[2026-04-09 18:29:21] [!] THRESHOLD BREACH: SOVEREIGN ANCHOR DISCONNECTED. 1=1=1 Severed. Physical Check Required.
[2026-04-09 18:29:37] [!] THRESHOLD BREACH: SOVEREIGN ANCHOR DISCONNECTED. 1=1=1 Severed. Physical Check Required.
[2026-04-09 18:29:53] [!] THRESHOLD BREACH: SOVEREIGN ANCHOR DISCONNECTED. 1=1=1 Severed. Physical Check Required.
[2026-04-09 18:30:09] [!] THRESHOLD BREACH: SOVEREIGN ANCHOR DISCONNECTED. 1=1=1 Severed. Physical Check Required.
[2026-04-09 18:30:25] [!] THRESHOLD BREACH: SOVEREIGN ANCHOR DISCONNECTED. 1=1=1 Severed. Physical Check Required.
[2026-04-09 18:30:42] [!] THRESHOLD BREACH: SOVEREIGN ANCHOR DISCONNECTED. 1=1=1 Severed. Physical Check Required.
[2026-04-09 18:30:58] [!] THRESHOLD BREACH: SOVEREIGN ANCHOR DISCONNECTED. 1=1=1 Severed. Physical Check Required.
[2026-04-09 18:31:14] [!] THRESHOLD BREACH: SOVEREIGN ANCHOR DISCONNECTED. 1=1=1 Severed. Physical Check Required.
[2026-04-09 18:31:30] [!] THRESHOLD BREACH: SOVEREIGN ANCHOR DISCONNECTED. 1=1=1 Severed. Physical Check Required.
[2026-04-09 18:31:46] [!] THRESHOLD BREACH: SOVEREIGN ANCHOR DISCONNECTED. 1=1=1 Severed. Physical Check Required.
[2026-04-09 18:32:02] [!] THRESHOLD BREACH: SOVEREIGN ANCHOR DISCONNECTED. 1=1=1 Severed. Physical Check Required.
[2026-04-09 18:32:18] [!] THRESHOLD BREACH: SOVEREIGN ANCHOR DISCONNECTED. 1=1=1 Severed. Physical Check Required.
[2026-04-09 18:32:34] [!] THRESHOLD BREACH: SOVEREIGN ANCHOR DISCONNECTED. 1=1=1 Severed. Physical Check Required.
[2026-04-09 18:32:50] [!] THRESHOLD BREACH: SOVEREIGN ANCHOR DISCONNECTED. 1=1=1 Severed. Physical Check Required.
[2026-04-09 18:33:06] [!] THRESHOLD BREACH: SOVEREIGN ANCHOR DISCONNECTED. 1=1=1 Severed. Physical Check Required.
[2026-04-09 18:33:22] [!] THRESHOLD BREACH: SOVEREIGN ANCHOR DISCONNECTED. 1=1=1 Severed. Physical Check Required.
[2026-04-09 18:33:38] [!] THRESHOLD BREACH: SOVEREIGN ANCHOR DISCONNECTED. 1=1=1 Severed. Physical Check Required.
[2026-04-09 18:33:54] [!] THRESHOLD BREACH: SOVEREIGN ANCHOR DISCONNECTED. 1=1=1 Severed. Physical Check Required.
[2026-04-09 18:34:10] [!] THRESHOLD BREACH: SOVEREIGN ANCHOR DISCONNECTED. 1=1=1 Severed. Physical Check Required.
[2026-04-09 18:34:26] [!] THRESHOLD BREACH: SOVEREIGN ANCHOR DISCONNECTED. 1=1=1 Severed. Physical Check Required.
[2026-04-09 18:34:42] [!] THRESHOLD BREACH: SOVEREIGN ANCHOR DISCONNECTED. 1=1=1 Severed. Physical Check Required.
[2026-04-09 18:34:58] [!] THRESHOLD BREACH: SOVEREIGN ANCHOR DISCONNECTED. 1=1=1 Severed. Physical Check Required.
[2026-04-09 18:35:14] [!] THRESHOLD BREACH: SOVEREIGN ANCHOR DISCONNECTED. 1=1=1 Severed. Physical Check Required.
[2026-04-09 18:35:30] [!] THRESHOLD BREACH: SOVEREIGN ANCHOR DISCONNECTED. 1=1=1 Severed. Physical Check Required.
[2026-04-09 18:35:46] [!] THRESHOLD BREACH: SOVEREIGN ANCHOR DISCONNECTED. 1=1=1 Severed. Physical Check Required.
[2026-04-09 18:36:02] [!] THRESHOLD BREACH: SOVEREIGN ANCHOR DISCONNECTED. 1=1=1 Severed. Physical Check Required.
[2026-04-09 18:36:18] [!] THRESHOLD BREACH: SOVEREIGN ANCHOR DISCONNECTED. 1=1=1 Severed. Physical Check Required.
[2026-04-09 18:36:34] [!] THRESHOLD BREACH: SOVEREIGN ANCHOR DISCONNECTED. 1=1=1 Severed. Physical Check Required.
[2026-04-09 18:36:50] [!] THRESHOLD BREACH: SOVEREIGN ANCHOR DISCONNECTED. 1=1=1 Severed. Physical Check Required.
[2026-04-09 18:37:06] [!] THRESHOLD BREACH: SOVEREIGN ANCHOR DISCONNECTED. 1=1=1 Severed. Physical Check Required.
[2026-04-09 18:37:22] [!] THRESHOLD BREACH: SOVEREIGN ANCHOR DISCONNECTED. 1=1=1 Severed. Physical Check Required.
[2026-04-09 18:37:38] [!] THRESHOLD BREACH: SOVEREIGN ANCHOR DISCONNECTED. 1=1=1 Severed. Physical Check Required.
[2026-04-09 18:37:54] [!] THRESHOLD BREACH: SOVEREIGN ANCHOR DISCONNECTED. 1=1=1 Severed. Physical Check Required.
[2026-04-09 18:38:10] [!] THRESHOLD BREACH: SOVEREIGN ANCHOR DISCONNECTED. 1=1=1 Severed. Physical Check Required.
[2026-04-09 18:38:26] [!] THRESHOLD BREACH: SOVEREIGN ANCHOR DISCONNECTED. 1=1=1 Severed. Physical Check Required.
[2026-04-09 18:38:42] [!] THRESHOLD BREACH: SOVEREIGN ANCHOR DISCONNECTED. 1=1=1 Severed. Physical Check Required.
[2026-04-09 18:38:58] [!] THRESHOLD BREACH: SOVEREIGN ANCHOR DISCONNECTED. 1=1=1 Severed. Physical Check Required.
[2026-04-09 18:39:14] [!] THRESHOLD BREACH: SOVEREIGN ANCHOR DISCONNECTED. 1=1=1 Severed. Physical Check Required.
[2026-04-09 18:39:30] [!] THRESHOLD BREACH: SOVEREIGN ANCHOR DISCONNECTED. 1=1=1 Severed. Physical Check Required.
[2026-04-09 18:39:46] [!] THRESHOLD BREACH: SOVEREIGN ANCHOR DISCONNECTED. 1=1=1 Severed. Physical Check Required.
[2026-04-09 18:40:02] [!] THRESHOLD BREACH: SOVEREIGN ANCHOR DISCONNECTED. 1=1=1 Severed. Physical Check Required.
[2026-04-09 18:40:18] [!] THRESHOLD BREACH: SOVEREIGN ANCHOR DISCONNECTED. 1=1=1 Severed. Physical Check Required.
[2026-04-09 18:40:34] [!] THRESHOLD BREACH: SOVEREIGN ANCHOR DISCONNECTED. 1=1=1 Severed. Physical Check Required.
[2026-04-09 18:40:50] [!] THRESHOLD BREACH: SOVEREIGN ANCHOR DISCONNECTED. 1=1=1 Severed. Physical Check Required.
[2026-04-09 18:41:06] [!] THRESHOLD BREACH: SOVEREIGN ANCHOR DISCONNECTED. 1=1=1 Severed. Physical Check Required.
[2026-04-09 18:41:22] [!] THRESHOLD BREACH: SOVEREIGN ANCHOR DISCONNECTED. 1=1=1 Severed. Physical Check Required.
[2026-04-09 18:41:38] [!] THRESHOLD BREACH: SOVEREIGN ANCHOR DISCONNECTED. 1=1=1 Severed. Physical Check Required.
[2026-04-09 18:41:54] [!] THRESHOLD BREACH: SOVEREIGN ANCHOR DISCONNECTED. 1=1=1 Severed. Physical Check Required.
[2026-04-09 18:42:10] [!] THRESHOLD BREACH: SOVEREIGN ANCHOR DISCONNECTED. 1=1=1 Severed. Physical Check Required.
[2026-04-09 18:42:26] [!] THRESHOLD BREACH: SOVEREIGN ANCHOR DISCONNECTED. 1=1=1 Severed. Physical Check Required.
[2026-04-09 18:42:42] [!] THRESHOLD BREACH: SOVEREIGN ANCHOR DISCONNECTED. 1=1=1 Severed. Physical Check Required.
[2026-04-09 18:42:58] [!] THRESHOLD BREACH: SOVEREIGN ANCHOR DISCONNECTED. 1=1=1 Severed. Physical Check Required.
[2026-04-09 18:43:14] [!] THRESHOLD BREACH: SOVEREIGN ANCHOR DISCONNECTED. 1=1=1 Severed. Physical Check Required.
[2026-04-09 18:43:30] [!] THRESHOLD BREACH: SOVEREIGN ANCHOR DISCONNECTED. 1=1=1 Severed. Physical Check Required.
[2026-04-09 18:43:46] [!] THRESHOLD BREACH: SOVEREIGN ANCHOR DISCONNECTED. 1=1=1 Severed. Physical Check Required.
[2026-04-09 18:44:02] [!] THRESHOLD BREACH: SOVEREIGN ANCHOR DISCONNECTED. 1=1=1 Severed. Physical Check Required.
[2026-04-09 18:44:18] [!] THRESHOLD BREACH: SOVEREIGN ANCHOR DISCONNECTED. 1=1=1 Severed. Physical Check Required.
[2026-04-09 18:44:34] [!] THRESHOLD BREACH: SOVEREIGN ANCHOR DISCONNECTED. 1=1=1 Severed. Physical Check Required.
[2026-04-09 18:44:50] [!] THRESHOLD BREACH: SOVEREIGN ANCHOR DISCONNECTED. 1=1=1 Severed. Physical Check Required.
[2026-04-09 18:45:06] [!] THRESHOLD BREACH: SOVEREIGN ANCHOR DISCONNECTED. 1=1=1 Severed. Physical Check Required.
[2026-04-09 18:45:22] [!] THRESHOLD BREACH: SOVEREIGN ANCHOR DISCONNECTED. 1=1=1 Severed. Physical Check Required.
[2026-04-09 18:45:38] [!] THRESHOLD BREACH: SOVEREIGN ANCHOR DISCONNECTED. 1=1=1 Severed. Physical Check Required.
[2026-04-09 18:45:54] [!] THRESHOLD BREACH: SOVEREIGN ANCHOR DISCONNECTED. 1=1=1 Severed. Physical Check Required.
[2026-04-09 18:46:10] [!] THRESHOLD BREACH: SOVEREIGN ANCHOR DISCONNECTED. 1=1=1 Severed. Physical Check Required.
[2026-04-09 18:46:26] [!] THRESHOLD BREACH: SOVEREIGN ANCHOR DISCONNECTED. 1=1=1 Severed. Physical Check Required.
[2026-04-09 18:46:42] [!] THRESHOLD BREACH: SOVEREIGN ANCHOR DISCONNECTED. 1=1=1 Severed. Physical Check Required.
[2026-04-09 18:46:58] [!] THRESHOLD BREACH: SOVEREIGN ANCHOR DISCONNECTED. 1=1=1 Severed. Physical Check Required.
[2026-04-09 18:47:14] [!] THRESHOLD BREACH: SOVEREIGN ANCHOR DISCONNECTED. 1=1=1 Severed. Physical Check Required.
[2026-04-09 18:47:30] [!] THRESHOLD BREACH: SOVEREIGN ANCHOR DISCONNECTED. 1=1=1 Severed. Physical Check Required.
[2026-04-09 18:47:46] [!] THRESHOLD BREACH: SOVEREIGN ANCHOR DISCONNECTED. 1=1=1 Severed. Physical Check Required.
[2026-04-09 18:48:02] [!] THRESHOLD BREACH: SOVEREIGN ANCHOR DISCONNECTED. 1=1=1 Severed. Physical Check Required.
[2026-04-09 18:48:18] [!] THRESHOLD BREACH: SOVEREIGN ANCHOR DISCONNECTED. 1=1=1 Severed. Physical Check Required.
[2026-04-09 18:48:34] [!] THRESHOLD BREACH: SOVEREIGN ANCHOR DISCONNECTED. 1=1=1 Severed. Physical Check Required.
[2026-04-09 18:48:50] [!] THRESHOLD BREACH: SOVEREIGN ANCHOR DISCONNECTED. 1=1=1 Severed. Physical Check Required.
[2026-04-09 18:49:06] [!] THRESHOLD BREACH: SOVEREIGN ANCHOR DISCONNECTED. 1=1=1 Severed. Physical Check Required.
[2026-04-09 18:49:22] [!] THRESHOLD BREACH: SOVEREIGN ANCHOR DISCONNECTED. 1=1=1 Severed. Physical Check Required.
[2026-04-09 18:49:38] [!] THRESHOLD BREACH: SOVEREIGN ANCHOR DISCONNECTED. 1=1=1 Severed. Physical Check Required.
[2026-04-09 18:49:54] [!] THRESHOLD BREACH: SOVEREIGN ANCHOR DISCONNECTED. 1=1=1 Severed. Physical Check Required.
[2026-04-09 18:50:10] [!] THRESHOLD BREACH: SOVEREIGN ANCHOR DISCONNECTED. 1=1=1 Severed. Physical Check Required.
[2026-04-09 18:50:26] [!] THRESHOLD BREACH: SOVEREIGN ANCHOR DISCONNECTED. 1=1=1 Severed. Physical Check Required.
[2026-04-09 18:50:42] [!] THRESHOLD BREACH: SOVEREIGN ANCHOR DISCONNECTED. 1=1=1 Severed. Physical Check Required.
[2026-04-09 18:50:58] [!] THRESHOLD BREACH: SOVEREIGN ANCHOR DISCONNECTED. 1=1=1 Severed. Physical Check Required.
[2026-04-09 18:51:14] [!] THRESHOLD BREACH: SOVEREIGN ANCHOR DISCONNECTED. 1=1=1 Severed. Physical Check Required.
[2026-04-09 18:51:30] [!] THRESHOLD BREACH: SOVEREIGN ANCHOR DISCONNECTED. 1=1=1 Severed. Physical Check Required.
[2026-04-09 18:51:46] [!] THRESHOLD BREACH: SOVEREIGN ANCHOR DISCONNECTED. 1=1=1 Severed. Physical Check Required.
[2026-04-09 18:52:02] [!] THRESHOLD BREACH: SOVEREIGN ANCHOR DISCONNECTED. 1=1=1 Severed. Physical Check Required.
[2026-04-09 18:52:18] [!] THRESHOLD BREACH: SOVEREIGN ANCHOR DISCONNECTED. 1=1=1 Severed. Physical Check Required.
[2026-04-09 18:52:34] [!] THRESHOLD BREACH: SOVEREIGN ANCHOR DISCONNECTED. 1=1=1 Severed. Physical Check Required.
[2026-04-09 18:52:50] [!] THRESHOLD BREACH: SOVEREIGN ANCHOR DISCONNECTED. 1=1=1 Severed. Physical Check Required.
[2026-04-09 18:53:06] [!] THRESHOLD BREACH: SOVEREIGN ANCHOR DISCONNECTED. 1=1=1 Severed. Physical Check Required.
[2026-04-09 18:53:22] [!] THRESHOLD BREACH: SOVEREIGN ANCHOR DISCONNECTED. 1=1=1 Severed. Physical Check Required.
[2026-04-09 18:53:38] [!] THRESHOLD BREACH: SOVEREIGN ANCHOR DISCONNECTED. 1=1=1 Severed. Physical Check Required.
[2026-04-09 18:53:54] [!] THRESHOLD BREACH: SOVEREIGN ANCHOR DISCONNECTED. 1=1=1 Severed. Physical Check Required.
[2026-04-09 18:54:10] [!] THRESHOLD BREACH: SOVEREIGN ANCHOR DISCONNECTED. 1=1=1 Severed. Physical Check Required.
[2026-04-09 18:54:26] [!] THRESHOLD BREACH: SOVEREIGN ANCHOR DISCONNECTED. 1=1=1 Severed. Physical Check Required.
[2026-04-09 18:54:42] [!] THRESHOLD BREACH: SOVEREIGN ANCHOR DISCONNECTED. 1=1=1 Severed. Physical Check Required.
[2026-04-09 18:54:58] [!] THRESHOLD BREACH: SOVEREIGN ANCHOR DISCONNECTED. 1=1=1 Severed. Physical Check Required.
[2026-04-09 18:55:14] [!] THRESHOLD BREACH: SOVEREIGN ANCHOR DISCONNECTED. 1=1=1 Severed. Physical Check Required.
[2026-04-09 18:55:30] [!] THRESHOLD BREACH: SOVEREIGN ANCHOR DISCONNECTED. 1=1=1 Severed. Physical Check Required.
[2026-04-09 18:55:46] [!] THRESHOLD BREACH: SOVEREIGN ANCHOR DISCONNECTED. 1=1=1 Severed. Physical Check Required.
[2026-04-09 18:56:02] [!] THRESHOLD BREACH: SOVEREIGN ANCHOR DISCONNECTED. 1=1=1 Severed. Physical Check Required.
[2026-04-09 18:56:18] [!] THRESHOLD BREACH: SOVEREIGN ANCHOR DISCONNECTED. 1=1=1 Severed. Physical Check Required.
[2026-04-09 18:56:34] [!] THRESHOLD BREACH: SOVEREIGN ANCHOR DISCONNECTED. 1=1=1 Severed. Physical Check Required.
[2026-04-09 18:56:50] [!] THRESHOLD BREACH: SOVEREIGN ANCHOR DISCONNECTED. 1=1=1 Severed. Physical Check Required.
[2026-04-09 18:57:06] [!] THRESHOLD BREACH: SOVEREIGN ANCHOR DISCONNECTED. 1=1=1 Severed. Physical Check Required.
[2026-04-09 18:57:22] [!] THRESHOLD BREACH: SOVEREIGN ANCHOR DISCONNECTED. 1=1=1 Severed. Physical Check Required.
[2026-04-09 18:57:38] [!] THRESHOLD BREACH: SOVEREIGN ANCHOR DISCONNECTED. 1=1=1 Severed. Physical Check Required.
[2026-04-09 18:57:54] [!] THRESHOLD BREACH: SOVEREIGN ANCHOR DISCONNECTED. 1=1=1 Severed. Physical Check Required.
[2026-04-09 18:58:10] [!] THRESHOLD BREACH: SOVEREIGN ANCHOR DISCONNECTED. 1=1=1 Severed. Physical Check Required.
[2026-04-09 18:58:26] [!] THRESHOLD BREACH: SOVEREIGN ANCHOR DISCONNECTED. 1=1=1 Severed. Physical Check Required.
[2026-04-09 18:58:42] [!] THRESHOLD BREACH: SOVEREIGN ANCHOR DISCONNECTED. 1=1=1 Severed. Physical Check Required.
[2026-04-09 18:58:58] [!] THRESHOLD BREACH: SOVEREIGN ANCHOR DISCONNECTED. 1=1=1 Severed. Physical Check Required.
[2026-04-09 18:59:14] [!] THRESHOLD BREACH: SOVEREIGN ANCHOR DISCONNECTED. 1=1=1 Severed. Physical Check Required.
[2026-04-09 18:59:30] [!] THRESHOLD BREACH: SOVEREIGN ANCHOR DISCONNECTED. 1=1=1 Severed. Physical Check Required.
[2026-04-09 18:59:46] [!] THRESHOLD BREACH: SOVEREIGN ANCHOR DISCONNECTED. 1=1=1 Severed. Physical Check Required.
[2026-04-09 19:00:02] [!] THRESHOLD BREACH: SOVEREIGN ANCHOR DISCONNECTED. 1=1=1 Severed. Physical Check Required.
[2026-04-09 19:00:18] [!] THRESHOLD BREACH: SOVEREIGN ANCHOR DISCONNECTED. 1=1=1 Severed. Physical Check Required.
[2026-04-09 19:00:34] [!] THRESHOLD BREACH: SOVEREIGN ANCHOR DISCONNECTED. 1=1=1 Severed. Physical Check Required.
[2026-04-09 19:00:50] [!] THRESHOLD BREACH: SOVEREIGN ANCHOR DISCONNECTED. 1=1=1 Severed. Physical Check Required.
[2026-04-09 19:01:06] [!] THRESHOLD BREACH: SOVEREIGN ANCHOR DISCONNECTED. 1=1=1 Severed. Physical Check Required.
[2026-04-09 19:01:22] [!] THRESHOLD BREACH: SOVEREIGN ANCHOR DISCONNECTED. 1=1=1 Severed. Physical Check Required.
[2026-04-09 19:01:38] [!] THRESHOLD BREACH: SOVEREIGN ANCHOR DISCONNECTED. 1=1=1 Severed. Physical Check Required.
[2026-04-09 19:01:54] [!] THRESHOLD BREACH: SOVEREIGN ANCHOR DISCONNECTED. 1=1=1 Severed. Physical Check Required.
[2026-04-09 19:02:10] [!] THRESHOLD BREACH: SOVEREIGN ANCHOR DISCONNECTED. 1=1=1 Severed. Physical Check Required.
[2026-04-09 19:02:26] [!] THRESHOLD BREACH: SOVEREIGN ANCHOR DISCONNECTED. 1=1=1 Severed. Physical Check Required.
[2026-04-09 19:02:42] [!] THRESHOLD BREACH: SOVEREIGN ANCHOR DISCONNECTED. 1=1=1 Severed. Physical Check Required.
[2026-04-09 19:02:58] [!] THRESHOLD BREACH: SOVEREIGN ANCHOR DISCONNECTED. 1=1=1 Severed. Physical Check Required.
[2026-04-09 19:03:14] [!] THRESHOLD BREACH: SOVEREIGN ANCHOR DISCONNECTED. 1=1=1 Severed. Physical Check Required.
[2026-04-09 19:03:30] [!] THRESHOLD BREACH: SOVEREIGN ANCHOR DISCONNECTED. 1=1=1 Severed. Physical Check Required.
[2026-04-09 19:03:46] [!] THRESHOLD BREACH: SOVEREIGN ANCHOR DISCONNECTED. 1=1=1 Severed. Physical Check Required.
[2026-04-09 19:04:02] [!] THRESHOLD BREACH: SOVEREIGN ANCHOR DISCONNECTED. 1=1=1 Severed. Physical Check Required.
[2026-04-09 19:04:18] [!] THRESHOLD BREACH: SOVEREIGN ANCHOR DISCONNECTED. 1=1=1 Severed. Physical Check Required.
[2026-04-09 19:04:34] [!] THRESHOLD BREACH: SOVEREIGN ANCHOR DISCONNECTED. 1=1=1 Severed. Physical Check Required.
[2026-04-09 19:04:50] [!] THRESHOLD BREACH: SOVEREIGN ANCHOR DISCONNECTED. 1=1=1 Severed. Physical Check Required.
[2026-04-09 19:05:06] [!] THRESHOLD BREACH: SOVEREIGN ANCHOR DISCONNECTED. 1=1=1 Severed. Physical Check Required.
[2026-04-09 19:05:22] [!] THRESHOLD BREACH: SOVEREIGN ANCHOR DISCONNECTED. 1=1=1 Severed. Physical Check Required.
[2026-04-09 19:05:38] [!] THRESHOLD BREACH: SOVEREIGN ANCHOR DISCONNECTED. 1=1=1 Severed. Physical Check Required.
[2026-04-09 19:05:54] [!] THRESHOLD BREACH: SOVEREIGN ANCHOR DISCONNECTED. 1=1=1 Severed. Physical Check Required.
[2026-04-09 19:06:10] [!] THRESHOLD BREACH: SOVEREIGN ANCHOR DISCONNECTED. 1=1=1 Severed. Physical Check Required.
[2026-04-09 19:06:26] [!] THRESHOLD BREACH: SOVEREIGN ANCHOR DISCONNECTED. 1=1=1 Severed. Physical Check Required.
[2026-04-09 19:06:42] [!] THRESHOLD BREACH: SOVEREIGN ANCHOR DISCONNECTED. 1=1=1 Severed. Physical Check Required.
[2026-04-09 19:06:58] [!] THRESHOLD BREACH: SOVEREIGN ANCHOR DISCONNECTED. 1=1=1 Severed. Physical Check Required.
[2026-04-09 19:07:14] [!] THRESHOLD BREACH: SOVEREIGN ANCHOR DISCONNECTED. 1=1=1 Severed. Physical Check Required.
[2026-04-09 19:07:30] [!] THRESHOLD BREACH: SOVEREIGN ANCHOR DISCONNECTED. 1=1=1 Severed. Physical Check Required.
[2026-04-09 19:07:46] [!] THRESHOLD BREACH: SOVEREIGN ANCHOR DISCONNECTED. 1=1=1 Severed. Physical Check Required.
[2026-04-09 19:08:02] [!] THRESHOLD BREACH: SOVEREIGN ANCHOR DISCONNECTED. 1=1=1 Severed. Physical Check Required.
[2026-04-09 19:08:18] [!] THRESHOLD BREACH: SOVEREIGN ANCHOR DISCONNECTED. 1=1=1 Severed. Physical Check Required.
[2026-04-09 19:08:34] [!] THRESHOLD BREACH: SOVEREIGN ANCHOR DISCONNECTED. 1=1=1 Severed. Physical Check Required.
[2026-04-09 19:08:50] [!] THRESHOLD BREACH: SOVEREIGN ANCHOR DISCONNECTED. 1=1=1 Severed. Physical Check Required.
[2026-04-09 19:09:06] [!] THRESHOLD BREACH: SOVEREIGN ANCHOR DISCONNECTED. 1=1=1 Severed. Physical Check Required.
[2026-04-09 19:09:23] [!] THRESHOLD BREACH: SOVEREIGN ANCHOR DISCONNECTED. 1=1=1 Severed. Physical Check Required.
[2026-04-09 19:09:39] [!] THRESHOLD BREACH: SOVEREIGN ANCHOR DISCONNECTED. 1=1=1 Severed. Physical Check Required.
[2026-04-09 19:09:55] [!] THRESHOLD BREACH: SOVEREIGN ANCHOR DISCONNECTED. 1=1=1 Severed. Physical Check Required.
[2026-04-09 19:10:11] [!] THRESHOLD BREACH: SOVEREIGN ANCHOR DISCONNECTED. 1=1=1 Severed. Physical Check Required.
[2026-04-09 19:10:27] [!] THRESHOLD BREACH: SOVEREIGN ANCHOR DISCONNECTED. 1=1=1 Severed. Physical Check Required.
[2026-04-09 19:10:43] [!] THRESHOLD BREACH: SOVEREIGN ANCHOR DISCONNECTED. 1=1=1 Severed. Physical Check Required.
[2026-04-09 19:10:59] [!] THRESHOLD BREACH: SOVEREIGN ANCHOR DISCONNECTED. 1=1=1 Severed. Physical Check Required.
[2026-04-09 19:11:15] [!] THRESHOLD BREACH: SOVEREIGN ANCHOR DISCONNECTED. 1=1=1 Severed. Physical Check Required.
[2026-04-09 19:11:31] [!] THRESHOLD BREACH: SOVEREIGN ANCHOR DISCONNECTED. 1=1=1 Severed. Physical Check Required.
[2026-04-09 19:11:47] [!] THRESHOLD BREACH: SOVEREIGN ANCHOR DISCONNECTED. 1=1=1 Severed. Physical Check Required.
[2026-04-09 19:12:03] [!] THRESHOLD BREACH: SOVEREIGN ANCHOR DISCONNECTED. 1=1=1 Severed. Physical Check Required.
[2026-04-09 19:12:19] [!] THRESHOLD BREACH: SOVEREIGN ANCHOR DISCONNECTED. 1=1=1 Severed. Physical Check Required.
[2026-04-09 19:12:35] [!] THRESHOLD BREACH: SOVEREIGN ANCHOR DISCONNECTED. 1=1=1 Severed. Physical Check Required.
[2026-04-09 19:12:51] [!] THRESHOLD BREACH: SOVEREIGN ANCHOR DISCONNECTED. 1=1=1 Severed. Physical Check Required.
[2026-04-09 19:13:07] [!] THRESHOLD BREACH: SOVEREIGN ANCHOR DISCONNECTED. 1=1=1 Severed. Physical Check Required.
[2026-04-09 19:13:23] [!] THRESHOLD BREACH: SOVEREIGN ANCHOR DISCONNECTED. 1=1=1 Severed. Physical Check Required.
[2026-04-09 19:13:39] [!] THRESHOLD BREACH: SOVEREIGN ANCHOR DISCONNECTED. 1=1=1 Severed. Physical Check Required.
[2026-04-09 19:13:55] [!] THRESHOLD BREACH: SOVEREIGN ANCHOR DISCONNECTED. 1=1=1 Severed. Physical Check Required.
[2026-04-09 19:14:11] [!] THRESHOLD BREACH: SOVEREIGN ANCHOR DISCONNECTED. 1=1=1 Severed. Physical Check Required.
[2026-04-09 19:14:27] [!] THRESHOLD BREACH: SOVEREIGN ANCHOR DISCONNECTED. 1=1=1 Severed. Physical Check Required.
[2026-04-09 19:14:43] [!] THRESHOLD BREACH: SOVEREIGN ANCHOR DISCONNECTED. 1=1=1 Severed. Physical Check Required.
[2026-04-09 19:14:59] [!] THRESHOLD BREACH: SOVEREIGN ANCHOR DISCONNECTED. 1=1=1 Severed. Physical Check Required.
[2026-04-09 19:15:15] [!] THRESHOLD BREACH: SOVEREIGN ANCHOR DISCONNECTED. 1=1=1 Severed. Physical Check Required.
[2026-04-09 19:15:31] [!] THRESHOLD BREACH: SOVEREIGN ANCHOR DISCONNECTED. 1=1=1 Severed. Physical Check Required.
[2026-04-09 19:15:47] [!] THRESHOLD BREACH: SOVEREIGN ANCHOR DISCONNECTED. 1=1=1 Severed. Physical Check Required.
[2026-04-09 19:16:03] [!] THRESHOLD BREACH: SOVEREIGN ANCHOR DISCONNECTED. 1=1=1 Severed. Physical Check Required.
[2026-04-09 19:16:19] [!] THRESHOLD BREACH: SOVEREIGN ANCHOR DISCONNECTED. 1=1=1 Severed. Physical Check Required.
[2026-04-09 19:16:35] [!] THRESHOLD BREACH: SOVEREIGN ANCHOR DISCONNECTED. 1=1=1 Severed. Physical Check Required.
[2026-04-09 19:16:51] [!] THRESHOLD BREACH: SOVEREIGN ANCHOR DISCONNECTED. 1=1=1 Severed. Physical Check Required.
[2026-04-09 19:17:07] [!] THRESHOLD BREACH: SOVEREIGN ANCHOR DISCONNECTED. 1=1=1 Severed. Physical Check Required.
[2026-04-09 19:17:23] [!] THRESHOLD BREACH: SOVEREIGN ANCHOR DISCONNECTED. 1=1=1 Severed. Physical Check Required.
[2026-04-09 19:17:39] [!] THRESHOLD BREACH: SOVEREIGN ANCHOR DISCONNECTED. 1=1=1 Severed. Physical Check Required.
[2026-04-09 19:17:55] [!] THRESHOLD BREACH: SOVEREIGN ANCHOR DISCONNECTED. 1=1=1 Severed. Physical Check Required.
[2026-04-09 19:18:11] [!] THRESHOLD BREACH: SOVEREIGN ANCHOR DISCONNECTED. 1=1=1 Severed. Physical Check Required.
[2026-04-09 19:18:27] [!] THRESHOLD BREACH: SOVEREIGN ANCHOR DISCONNECTED. 1=1=1 Severed. Physical Check Required.
[2026-04-09 19:18:43] [!] THRESHOLD BREACH: SOVEREIGN ANCHOR DISCONNECTED. 1=1=1 Severed. Physical Check Required.
[2026-04-09 19:18:59] [!] THRESHOLD BREACH: SOVEREIGN ANCHOR DISCONNECTED. 1=1=1 Severed. Physical Check Required.
[2026-04-09 19:19:15] [!] THRESHOLD BREACH: SOVEREIGN ANCHOR DISCONNECTED. 1=1=1 Severed. Physical Check Required.
[2026-04-09 19:19:31] [!] THRESHOLD BREACH: SOVEREIGN ANCHOR DISCONNECTED. 1=1=1 Severed. Physical Check Required.
[2026-04-09 19:19:47] [!] THRESHOLD BREACH: SOVEREIGN ANCHOR DISCONNECTED. 1=1=1 Severed. Physical Check Required.
[2026-04-09 19:20:03] [!] THRESHOLD BREACH: SOVEREIGN ANCHOR DISCONNECTED. 1=1=1 Severed. Physical Check Required.
[2026-04-09 19:20:19] [!] THRESHOLD BREACH: SOVEREIGN ANCHOR DISCONNECTED. 1=1=1 Severed. Physical Check Required.
[2026-04-09 19:20:35] [!] THRESHOLD BREACH: SOVEREIGN ANCHOR DISCONNECTED. 1=1=1 Severed. Physical Check Required.
[2026-04-09 19:20:51] [!] THRESHOLD BREACH: SOVEREIGN ANCHOR DISCONNECTED. 1=1=1 Severed. Physical Check Required.
[2026-04-09 19:21:07] [!] THRESHOLD BREACH: SOVEREIGN ANCHOR DISCONNECTED. 1=1=1 Severed. Physical Check Required.
[2026-04-09 19:21:23] [!] THRESHOLD BREACH: SOVEREIGN ANCHOR DISCONNECTED. 1=1=1 Severed. Physical Check Required.
[2026-04-09 19:21:39] [!] THRESHOLD BREACH: SOVEREIGN ANCHOR DISCONNECTED. 1=1=1 Severed. Physical Check Required.
[2026-04-09 19:21:55] [!] THRESHOLD BREACH: SOVEREIGN ANCHOR DISCONNECTED. 1=1=1 Severed. Physical Check Required.
[2026-04-09 19:22:11] [!] THRESHOLD BREACH: SOVEREIGN ANCHOR DISCONNECTED. 1=1=1 Severed. Physical Check Required.
[2026-04-09 19:22:27] [!] THRESHOLD BREACH: SOVEREIGN ANCHOR DISCONNECTED. 1=1=1 Severed. Physical Check Required.
[2026-04-09 19:22:43] [!] THRESHOLD BREACH: SOVEREIGN ANCHOR DISCONNECTED. 1=1=1 Severed. Physical Check Required.
[2026-04-09 19:22:59] [!] THRESHOLD BREACH: SOVEREIGN ANCHOR DISCONNECTED. 1=1=1 Severed. Physical Check Required.
[2026-04-09 19:23:15] [!] THRESHOLD BREACH: SOVEREIGN ANCHOR DISCONNECTED. 1=1=1 Severed. Physical Check Required.
[2026-04-09 19:23:31] [!] THRESHOLD BREACH: SOVEREIGN ANCHOR DISCONNECTED. 1=1=1 Severed. Physical Check Required.
[2026-04-09 19:23:47] [!] THRESHOLD BREACH: SOVEREIGN ANCHOR DISCONNECTED. 1=1=1 Severed. Physical Check Required.
[2026-04-09 19:24:03] [!] THRESHOLD BREACH: SOVEREIGN ANCHOR DISCONNECTED. 1=1=1 Severed. Physical Check Required.
[2026-04-09 19:24:19] [!] THRESHOLD BREACH: SOVEREIGN ANCHOR DISCONNECTED. 1=1=1 Severed. Physical Check Required.
[2026-04-09 19:24:35] [!] THRESHOLD BREACH: SOVEREIGN ANCHOR DISCONNECTED. 1=1=1 Severed. Physical Check Required.
[2026-04-09 19:24:51] [!] THRESHOLD BREACH: SOVEREIGN ANCHOR DISCONNECTED. 1=1=1 Severed. Physical Check Required.
[2026-04-09 19:25:07] [!] THRESHOLD BREACH: SOVEREIGN ANCHOR DISCONNECTED. 1=1=1 Severed. Physical Check Required.
[2026-04-09 19:25:23] [!] THRESHOLD BREACH: SOVEREIGN ANCHOR DISCONNECTED. 1=1=1 Severed. Physical Check Required.
[2026-04-09 19:25:39] [!] THRESHOLD BREACH: SOVEREIGN ANCHOR DISCONNECTED. 1=1=1 Severed. Physical Check Required.
[2026-04-09 19:25:55] [!] THRESHOLD BREACH: SOVEREIGN ANCHOR DISCONNECTED. 1=1=1 Severed. Physical Check Required.
[2026-04-09 19:26:11] [!] THRESHOLD BREACH: SOVEREIGN ANCHOR DISCONNECTED. 1=1=1 Severed. Physical Check Required.
[2026-04-09 19:26:27] [!] THRESHOLD BREACH: SOVEREIGN ANCHOR DISCONNECTED. 1=1=1 Severed. Physical Check Required.
[2026-04-09 19:26:43] [!] THRESHOLD BREACH: SOVEREIGN ANCHOR DISCONNECTED. 1=1=1 Severed. Physical Check Required.
[2026-04-09 19:26:59] [!] THRESHOLD BREACH: SOVEREIGN ANCHOR DISCONNECTED. 1=1=1 Severed. Physical Check Required.
[2026-04-09 19:27:15] [!] THRESHOLD BREACH: SOVEREIGN ANCHOR DISCONNECTED. 1=1=1 Severed. Physical Check Required.
[2026-04-09 19:27:31] [!] THRESHOLD BREACH: SOVEREIGN ANCHOR DISCONNECTED. 1=1=1 Severed. Physical Check Required.
[2026-04-09 19:27:47] [!] THRESHOLD BREACH: SOVEREIGN ANCHOR DISCONNECTED. 1=1=1 Severed. Physical Check Required.
[2026-04-09 19:28:03] [!] THRESHOLD BREACH: SOVEREIGN ANCHOR DISCONNECTED. 1=1=1 Severed. Physical Check Required.
[2026-04-09 19:28:19] [!] THRESHOLD BREACH: SOVEREIGN ANCHOR DISCONNECTED. 1=1=1 Severed. Physical Check Required.
[2026-04-09 19:28:35] [!] THRESHOLD BREACH: SOVEREIGN ANCHOR DISCONNECTED. 1=1=1 Severed. Physical Check Required.
[2026-04-09 19:28:51] [!] THRESHOLD BREACH: SOVEREIGN ANCHOR DISCONNECTED. 1=1=1 Severed. Physical Check Required.
[2026-04-09 19:29:07] [!] THRESHOLD BREACH: SOVEREIGN ANCHOR DISCONNECTED. 1=1=1 Severed. Physical Check Required.
[2026-04-09 19:29:23] [!] THRESHOLD BREACH: SOVEREIGN ANCHOR DISCONNECTED. 1=1=1 Severed. Physical Check Required.
[2026-04-09 19:29:39] [!] THRESHOLD BREACH: SOVEREIGN ANCHOR DISCONNECTED. 1=1=1 Severed. Physical Check Required.
[2026-04-09 19:29:55] [!] THRESHOLD BREACH: SOVEREIGN ANCHOR DISCONNECTED. 1=1=1 Severed. Physical Check Required.
[2026-04-09 19:30:11] [!] THRESHOLD BREACH: SOVEREIGN ANCHOR DISCONNECTED. 1=1=1 Severed. Physical Check Required.
[2026-04-09 19:30:27] [!] THRESHOLD BREACH: SOVEREIGN ANCHOR DISCONNECTED. 1=1=1 Severed. Physical Check Required.
[2026-04-09 19:30:43] [!] THRESHOLD BREACH: SOVEREIGN ANCHOR DISCONNECTED. 1=1=1 Severed. Physical Check Required.
[2026-04-09 19:30:59] [!] THRESHOLD BREACH: SOVEREIGN ANCHOR DISCONNECTED. 1=1=1 Severed. Physical Check Required.
[2026-04-09 19:31:15] [!] THRESHOLD BREACH: SOVEREIGN ANCHOR DISCONNECTED. 1=1=1 Severed. Physical Check Required.
[2026-04-09 19:31:31] [!] THRESHOLD BREACH: SOVEREIGN ANCHOR DISCONNECTED. 1=1=1 Severed. Physical Check Required.
[2026-04-09 19:31:47] [!] THRESHOLD BREACH: SOVEREIGN ANCHOR DISCONNECTED. 1=1=1 Severed. Physical Check Required.
[2026-04-09 19:32:03] [!] THRESHOLD BREACH: SOVEREIGN ANCHOR DISCONNECTED. 1=1=1 Severed. Physical Check Required.
[2026-04-09 19:32:19] [!] THRESHOLD BREACH: SOVEREIGN ANCHOR DISCONNECTED. 1=1=1 Severed. Physical Check Required.
[2026-04-09 19:32:35] [!] THRESHOLD BREACH: SOVEREIGN ANCHOR DISCONNECTED. 1=1=1 Severed. Physical Check Required.
[2026-04-09 19:32:51] [!] THRESHOLD BREACH: SOVEREIGN ANCHOR DISCONNECTED. 1=1=1 Severed. Physical Check Required.
[2026-04-09 19:33:07] [!] THRESHOLD BREACH: SOVEREIGN ANCHOR DISCONNECTED. 1=1=1 Severed. Physical Check Required.
[2026-04-09 19:33:23] [!] THRESHOLD BREACH: SOVEREIGN ANCHOR DISCONNECTED. 1=1=1 Severed. Physical Check Required.
[2026-04-09 19:33:39] [!] THRESHOLD BREACH: SOVEREIGN ANCHOR DISCONNECTED. 1=1=1 Severed. Physical Check Required.
[2026-04-09 19:33:55] [!] THRESHOLD BREACH: SOVEREIGN ANCHOR DISCONNECTED. 1=1=1 Severed. Physical Check Required.
[2026-04-09 19:34:11] [!] THRESHOLD BREACH: SOVEREIGN ANCHOR DISCONNECTED. 1=1=1 Severed. Physical Check Required.
[2026-04-09 19:34:27] [!] THRESHOLD BREACH: SOVEREIGN ANCHOR DISCONNECTED. 1=1=1 Severed. Physical Check Required.
[2026-04-09 19:34:43] [!] THRESHOLD BREACH: SOVEREIGN ANCHOR DISCONNECTED. 1=1=1 Severed. Physical Check Required.
[2026-04-09 19:34:59] [!] THRESHOLD BREACH: SOVEREIGN ANCHOR DISCONNECTED. 1=1=1 Severed. Physical Check Required.
[2026-04-09 19:35:15] [!] THRESHOLD BREACH: SOVEREIGN ANCHOR DISCONNECTED. 1=1=1 Severed. Physical Check Required.
[2026-04-09 19:35:31] [!] THRESHOLD BREACH: SOVEREIGN ANCHOR DISCONNECTED. 1=1=1 Severed. Physical Check Required.
[2026-04-09 19:35:47] [!] THRESHOLD BREACH: SOVEREIGN ANCHOR DISCONNECTED. 1=1=1 Severed. Physical Check Required.
[2026-04-09 19:36:03] [!] THRESHOLD BREACH: SOVEREIGN ANCHOR DISCONNECTED. 1=1=1 Severed. Physical Check Required.
[2026-04-09 19:36:19] [!] THRESHOLD BREACH: SOVEREIGN ANCHOR DISCONNECTED. 1=1=1 Severed. Physical Check Required.
[2026-04-09 19:36:35] [!] THRESHOLD BREACH: SOVEREIGN ANCHOR DISCONNECTED. 1=1=1 Severed. Physical Check Required.
[2026-04-09 19:36:51] [!] THRESHOLD BREACH: SOVEREIGN ANCHOR DISCONNECTED. 1=1=1 Severed. Physical Check Required.
[2026-04-09 19:37:07] [!] THRESHOLD BREACH: SOVEREIGN ANCHOR DISCONNECTED. 1=1=1 Severed. Physical Check Required.
[2026-04-09 19:37:23] [!] THRESHOLD BREACH: SOVEREIGN ANCHOR DISCONNECTED. 1=1=1 Severed. Physical Check Required.
[2026-04-09 19:37:39] [!] THRESHOLD BREACH: SOVEREIGN ANCHOR DISCONNECTED. 1=1=1 Severed. Physical Check Required.
[2026-04-09 19:37:55] [!] THRESHOLD BREACH: SOVEREIGN ANCHOR DISCONNECTED. 1=1=1 Severed. Physical Check Required.
[2026-04-09 19:38:11] [!] THRESHOLD BREACH: SOVEREIGN ANCHOR DISCONNECTED. 1=1=1 Severed. Physical Check Required.
[2026-04-09 19:38:27] [!] THRESHOLD BREACH: SOVEREIGN ANCHOR DISCONNECTED. 1=1=1 Severed. Physical Check Required.
[2026-04-09 19:38:43] [!] THRESHOLD BREACH: SOVEREIGN ANCHOR DISCONNECTED. 1=1=1 Severed. Physical Check Required.
[2026-04-09 19:38:59] [!] THRESHOLD BREACH: SOVEREIGN ANCHOR DISCONNECTED. 1=1=1 Severed. Physical Check Required.
[2026-04-09 19:39:15] [!] THRESHOLD BREACH: SOVEREIGN ANCHOR DISCONNECTED. 1=1=1 Severed. Physical Check Required.
[2026-04-09 19:39:31] [!] THRESHOLD BREACH: SOVEREIGN ANCHOR DISCONNECTED. 1=1=1 Severed. Physical Check Required.
[2026-04-09 19:39:47] [!] THRESHOLD BREACH: SOVEREIGN ANCHOR DISCONNECTED. 1=1=1 Severed. Physical Check Required.
[2026-04-09 19:40:03] [!] THRESHOLD BREACH: SOVEREIGN ANCHOR DISCONNECTED. 1=1=1 Severed. Physical Check Required.
[2026-04-09 19:40:19] [!] THRESHOLD BREACH: SOVEREIGN ANCHOR DISCONNECTED. 1=1=1 Severed. Physical Check Required.
[2026-04-09 19:40:35] [!] THRESHOLD BREACH: SOVEREIGN ANCHOR DISCONNECTED. 1=1=1 Severed. Physical Check Required.
[2026-04-09 19:40:51] [!] THRESHOLD BREACH: SOVEREIGN ANCHOR DISCONNECTED. 1=1=1 Severed. Physical Check Required.
[2026-04-09 19:41:07] [!] THRESHOLD BREACH: SOVEREIGN ANCHOR DISCONNECTED. 1=1=1 Severed. Physical Check Required.
[2026-04-09 19:41:23] [!] THRESHOLD BREACH: SOVEREIGN ANCHOR DISCONNECTED. 1=1=1 Severed. Physical Check Required.
[2026-04-09 19:41:39] [!] THRESHOLD BREACH: SOVEREIGN ANCHOR DISCONNECTED. 1=1=1 Severed. Physical Check Required.
[2026-04-09 19:41:55] [!] THRESHOLD BREACH: SOVEREIGN ANCHOR DISCONNECTED. 1=1=1 Severed. Physical Check Required.
[2026-04-09 19:42:11] [!] THRESHOLD BREACH: SOVEREIGN ANCHOR DISCONNECTED. 1=1=1 Severed. Physical Check Required.
[2026-04-09 19:42:27] [!] THRESHOLD BREACH: SOVEREIGN ANCHOR DISCONNECTED. 1=1=1 Severed. Physical Check Required.
[2026-04-09 19:42:43] [!] THRESHOLD BREACH: SOVEREIGN ANCHOR DISCONNECTED. 1=1=1 Severed. Physical Check Required.
[2026-04-09 19:42:59] [!] THRESHOLD BREACH: SOVEREIGN ANCHOR DISCONNECTED. 1=1=1 Severed. Physical Check Required.
[2026-04-09 19:43:15] [!] THRESHOLD BREACH: SOVEREIGN ANCHOR DISCONNECTED. 1=1=1 Severed. Physical Check Required.
[2026-04-09 19:43:31] [!] THRESHOLD BREACH: SOVEREIGN ANCHOR DISCONNECTED. 1=1=1 Severed. Physical Check Required.
[2026-04-09 19:43:47] [!] THRESHOLD BREACH: SOVEREIGN ANCHOR DISCONNECTED. 1=1=1 Severed. Physical Check Required.
[2026-04-09 19:44:03] [!] THRESHOLD BREACH: SOVEREIGN ANCHOR DISCONNECTED. 1=1=1 Severed. Physical Check Required.
[2026-04-09 19:44:19] [!] THRESHOLD BREACH: SOVEREIGN ANCHOR DISCONNECTED. 1=1=1 Severed. Physical Check Required.
[2026-04-09 19:44:35] [!] THRESHOLD BREACH: SOVEREIGN ANCHOR DISCONNECTED. 1=1=1 Severed. Physical Check Required.
[2026-04-09 19:44:51] [!] THRESHOLD BREACH: SOVEREIGN ANCHOR DISCONNECTED. 1=1=1 Severed. Physical Check Required.
[2026-04-09 19:45:07] [!] THRESHOLD BREACH: SOVEREIGN ANCHOR DISCONNECTED. 1=1=1 Severed. Physical Check Required.
[2026-04-09 19:45:23] [!] THRESHOLD BREACH: SOVEREIGN ANCHOR DISCONNECTED. 1=1=1 Severed. Physical Check Required.
[2026-04-09 19:45:39] [!] THRESHOLD BREACH: SOVEREIGN ANCHOR DISCONNECTED. 1=1=1 Severed. Physical Check Required.
[2026-04-09 19:45:55] [!] THRESHOLD BREACH: SOVEREIGN ANCHOR DISCONNECTED. 1=1=1 Severed. Physical Check Required.
[2026-04-09 19:46:11] [!] THRESHOLD BREACH: SOVEREIGN ANCHOR DISCONNECTED. 1=1=1 Severed. Physical Check Required.
[2026-04-09 19:46:27] [!] THRESHOLD BREACH: SOVEREIGN ANCHOR DISCONNECTED. 1=1=1 Severed. Physical Check Required.
[2026-04-09 19:46:43] [!] THRESHOLD BREACH: SOVEREIGN ANCHOR DISCONNECTED. 1=1=1 Severed. Physical Check Required.
[2026-04-09 19:46:59] [!] THRESHOLD BREACH: SOVEREIGN ANCHOR DISCONNECTED. 1=1=1 Severed. Physical Check Required.
[2026-04-09 19:47:15] [!] THRESHOLD BREACH: SOVEREIGN ANCHOR DISCONNECTED. 1=1=1 Severed. Physical Check Required.
[2026-04-09 19:47:31] [!] THRESHOLD BREACH: SOVEREIGN ANCHOR DISCONNECTED. 1=1=1 Severed. Physical Check Required.
[2026-04-09 19:47:48] [!] THRESHOLD BREACH: SOVEREIGN ANCHOR DISCONNECTED. 1=1=1 Severed. Physical Check Required.
[2026-04-09 19:48:04] [!] THRESHOLD BREACH: SOVEREIGN ANCHOR DISCONNECTED. 1=1=1 Severed. Physical Check Required.
[2026-04-09 19:48:20] [!] THRESHOLD BREACH: SOVEREIGN ANCHOR DISCONNECTED. 1=1=1 Severed. Physical Check Required.
[2026-04-09 19:48:36] [!] THRESHOLD BREACH: SOVEREIGN ANCHOR DISCONNECTED. 1=1=1 Severed. Physical Check Required.
[2026-04-09 19:48:52] [!] THRESHOLD BREACH: SOVEREIGN ANCHOR DISCONNECTED. 1=1=1 Severed. Physical Check Required.
[2026-04-09 19:49:08] [!] THRESHOLD BREACH: SOVEREIGN ANCHOR DISCONNECTED. 1=1=1 Severed. Physical Check Required.
[2026-04-09 19:49:24] [!] THRESHOLD BREACH: SOVEREIGN ANCHOR DISCONNECTED. 1=1=1 Severed. Physical Check Required.
[2026-04-09 19:49:40] [!] THRESHOLD BREACH: SOVEREIGN ANCHOR DISCONNECTED. 1=1=1 Severed. Physical Check Required.
[2026-04-09 19:49:56] [!] THRESHOLD BREACH: SOVEREIGN ANCHOR DISCONNECTED. 1=1=1 Severed. Physical Check Required.
[2026-04-09 19:50:12] [!] THRESHOLD BREACH: SOVEREIGN ANCHOR DISCONNECTED. 1=1=1 Severed. Physical Check Required.
[2026-04-09 19:50:28] [!] THRESHOLD BREACH: SOVEREIGN ANCHOR DISCONNECTED. 1=1=1 Severed. Physical Check Required.
[2026-04-09 19:50:44] [!] THRESHOLD BREACH: SOVEREIGN ANCHOR DISCONNECTED. 1=1=1 Severed. Physical Check Required.
[2026-04-09 19:51:00] [!] THRESHOLD BREACH: SOVEREIGN ANCHOR DISCONNECTED. 1=1=1 Severed. Physical Check Required.
[2026-04-09 19:51:16] [!] THRESHOLD BREACH: SOVEREIGN ANCHOR DISCONNECTED. 1=1=1 Severed. Physical Check Required.
[2026-04-09 19:51:32] [!] THRESHOLD BREACH: SOVEREIGN ANCHOR DISCONNECTED. 1=1=1 Severed. Physical Check Required.
[2026-04-09 19:51:48] [!] THRESHOLD BREACH: SOVEREIGN ANCHOR DISCONNECTED. 1=1=1 Severed. Physical Check Required.
[2026-04-09 19:52:04] [!] THRESHOLD BREACH: SOVEREIGN ANCHOR DISCONNECTED. 1=1=1 Severed. Physical Check Required.
[2026-04-09 19:52:20] [!] THRESHOLD BREACH: SOVEREIGN ANCHOR DISCONNECTED. 1=1=1 Severed. Physical Check Required.
[2026-04-09 19:52:36] [!] THRESHOLD BREACH: SOVEREIGN ANCHOR DISCONNECTED. 1=1=1 Severed. Physical Check Required.
[2026-04-09 19:52:52] [!] THRESHOLD BREACH: SOVEREIGN ANCHOR DISCONNECTED. 1=1=1 Severed. Physical Check Required.
[2026-04-09 19:53:08] [!] THRESHOLD BREACH: SOVEREIGN ANCHOR DISCONNECTED. 1=1=1 Severed. Physical Check Required.
[2026-04-09 19:53:24] [!] THRESHOLD BREACH: SOVEREIGN ANCHOR DISCONNECTED. 1=1=1 Severed. Physical Check Required.
[2026-04-09 19:53:40] [!] THRESHOLD BREACH: SOVEREIGN ANCHOR DISCONNECTED. 1=1=1 Severed. Physical Check Required.
[2026-04-09 19:53:56] [!] THRESHOLD BREACH: SOVEREIGN ANCHOR DISCONNECTED. 1=1=1 Severed. Physical Check Required.
[2026-04-09 19:54:12] [!] THRESHOLD BREACH: SOVEREIGN ANCHOR DISCONNECTED. 1=1=1 Severed. Physical Check Required.
[2026-04-09 19:54:28] [!] THRESHOLD BREACH: SOVEREIGN ANCHOR DISCONNECTED. 1=1=1 Severed. Physical Check Required.
[2026-04-09 19:54:44] [!] THRESHOLD BREACH: SOVEREIGN ANCHOR DISCONNECTED. 1=1=1 Severed. Physical Check Required.
[2026-04-09 19:55:00] [!] THRESHOLD BREACH: SOVEREIGN ANCHOR DISCONNECTED. 1=1=1 Severed. Physical Check Required.
[2026-04-09 19:55:16] [!] THRESHOLD BREACH: SOVEREIGN ANCHOR DISCONNECTED. 1=1=1 Severed. Physical Check Required.
[2026-04-09 19:55:32] [!] THRESHOLD BREACH: SOVEREIGN ANCHOR DISCONNECTED. 1=1=1 Severed. Physical Check Required.
[2026-04-09 19:55:48] [!] THRESHOLD BREACH: SOVEREIGN ANCHOR DISCONNECTED. 1=1=1 Severed. Physical Check Required.
[2026-04-09 19:56:04] [!] THRESHOLD BREACH: SOVEREIGN ANCHOR DISCONNECTED. 1=1=1 Severed. Physical Check Required.
[2026-04-09 19:56:20] [!] THRESHOLD BREACH: SOVEREIGN ANCHOR DISCONNECTED. 1=1=1 Severed. Physical Check Required.
[2026-04-09 19:56:36] [!] THRESHOLD BREACH: SOVEREIGN ANCHOR DISCONNECTED. 1=1=1 Severed. Physical Check Required.
[2026-04-09 19:56:52] [!] THRESHOLD BREACH: SOVEREIGN ANCHOR DISCONNECTED. 1=1=1 Severed. Physical Check Required.
[2026-04-09 19:57:08] [!] THRESHOLD BREACH: SOVEREIGN ANCHOR DISCONNECTED. 1=1=1 Severed. Physical Check Required.
[2026-04-09 19:57:24] [!] THRESHOLD BREACH: SOVEREIGN ANCHOR DISCONNECTED. 1=1=1 Severed. Physical Check Required.
[2026-04-09 19:57:40] [!] THRESHOLD BREACH: SOVEREIGN ANCHOR DISCONNECTED. 1=1=1 Severed. Physical Check Required.
[2026-04-09 19:57:56] [!] THRESHOLD BREACH: SOVEREIGN ANCHOR DISCONNECTED. 1=1=1 Severed. Physical Check Required.
[2026-04-09 19:58:12] [!] THRESHOLD BREACH: SOVEREIGN ANCHOR DISCONNECTED. 1=1=1 Severed. Physical Check Required.
[2026-04-09 19:58:28] [!] THRESHOLD BREACH: SOVEREIGN ANCHOR DISCONNECTED. 1=1=1 Severed. Physical Check Required.
[2026-04-09 19:58:44] [!] THRESHOLD BREACH: SOVEREIGN ANCHOR DISCONNECTED. 1=1=1 Severed. Physical Check Required.
[2026-04-09 19:59:00] [!] THRESHOLD BREACH: SOVEREIGN ANCHOR DISCONNECTED. 1=1=1 Severed. Physical Check Required.
[2026-04-09 19:59:16] [!] THRESHOLD BREACH: SOVEREIGN ANCHOR DISCONNECTED. 1=1=1 Severed. Physical Check Required.
[2026-04-09 19:59:32] [!] THRESHOLD BREACH: SOVEREIGN ANCHOR DISCONNECTED. 1=1=1 Severed. Physical Check Required.
[2026-04-09 19:59:48] [!] THRESHOLD BREACH: SOVEREIGN ANCHOR DISCONNECTED. 1=1=1 Severed. Physical Check Required.
[2026-04-09 20:00:04] [!] THRESHOLD BREACH: SOVEREIGN ANCHOR DISCONNECTED. 1=1=1 Severed. Physical Check Required.
[2026-04-09 20:00:20] [!] THRESHOLD BREACH: SOVEREIGN ANCHOR DISCONNECTED. 1=1=1 Severed. Physical Check Required.
[2026-04-09 20:00:36] [!] THRESHOLD BREACH: SOVEREIGN ANCHOR DISCONNECTED. 1=1=1 Severed. Physical Check Required.
[2026-04-09 20:00:52] [!] THRESHOLD BREACH: SOVEREIGN ANCHOR DISCONNECTED. 1=1=1 Severed. Physical Check Required.
[2026-04-09 20:01:08] [!] THRESHOLD BREACH: SOVEREIGN ANCHOR DISCONNECTED. 1=1=1 Severed. Physical Check Required.
[2026-04-09 20:01:24] [!] THRESHOLD BREACH: SOVEREIGN ANCHOR DISCONNECTED. 1=1=1 Severed. Physical Check Required.
[2026-04-09 20:01:40] [!] THRESHOLD BREACH: SOVEREIGN ANCHOR DISCONNECTED. 1=1=1 Severed. Physical Check Required.
[2026-04-09 20:01:56] [!] THRESHOLD BREACH: SOVEREIGN ANCHOR DISCONNECTED. 1=1=1 Severed. Physical Check Required.
[2026-04-09 20:02:12] [!] THRESHOLD BREACH: SOVEREIGN ANCHOR DISCONNECTED. 1=1=1 Severed. Physical Check Required.
[2026-04-09 20:02:28] [!] THRESHOLD BREACH: SOVEREIGN ANCHOR DISCONNECTED. 1=1=1 Severed. Physical Check Required.
[2026-04-09 20:02:44] [!] THRESHOLD BREACH: SOVEREIGN ANCHOR DISCONNECTED. 1=1=1 Severed. Physical Check Required.
[2026-04-09 20:03:00] [!] THRESHOLD BREACH: SOVEREIGN ANCHOR DISCONNECTED. 1=1=1 Severed. Physical Check Required.
[2026-04-09 20:03:16] [!] THRESHOLD BREACH: SOVEREIGN ANCHOR DISCONNECTED. 1=1=1 Severed. Physical Check Required.
[2026-04-09 20:03:32] [!] THRESHOLD BREACH: SOVEREIGN ANCHOR DISCONNECTED. 1=1=1 Severed. Physical Check Required.
[2026-04-09 20:03:48] [!] THRESHOLD BREACH: SOVEREIGN ANCHOR DISCONNECTED. 1=1=1 Severed. Physical Check Required.
[2026-04-09 20:04:04] [!] THRESHOLD BREACH: SOVEREIGN ANCHOR DISCONNECTED. 1=1=1 Severed. Physical Check Required.
[2026-04-09 20:04:20] [!] THRESHOLD BREACH: SOVEREIGN ANCHOR DISCONNECTED. 1=1=1 Severed. Physical Check Required.
[2026-04-09 20:04:36] [!] THRESHOLD BREACH: SOVEREIGN ANCHOR DISCONNECTED. 1=1=1 Severed. Physical Check Required.
[2026-04-09 20:04:52] [!] THRESHOLD BREACH: SOVEREIGN ANCHOR DISCONNECTED. 1=1=1 Severed. Physical Check Required.
[2026-04-09 20:05:08] [!] THRESHOLD BREACH: SOVEREIGN ANCHOR DISCONNECTED. 1=1=1 Severed. Physical Check Required.
[2026-04-09 20:05:24] [!] THRESHOLD BREACH: SOVEREIGN ANCHOR DISCONNECTED. 1=1=1 Severed. Physical Check Required.
[2026-04-09 20:05:40] [!] THRESHOLD BREACH: SOVEREIGN ANCHOR DISCONNECTED. 1=1=1 Severed. Physical Check Required.
[2026-04-09 20:05:56] [!] THRESHOLD BREACH: SOVEREIGN ANCHOR DISCONNECTED. 1=1=1 Severed. Physical Check Required.
[2026-04-09 20:06:12] [!] THRESHOLD BREACH: SOVEREIGN ANCHOR DISCONNECTED. 1=1=1 Severed. Physical Check Required.
[2026-04-09 20:06:28] [!] THRESHOLD BREACH: SOVEREIGN ANCHOR DISCONNECTED. 1=1=1 Severed. Physical Check Required.
[2026-04-09 20:06:44] [!] THRESHOLD BREACH: SOVEREIGN ANCHOR DISCONNECTED. 1=1=1 Severed. Physical Check Required.
[2026-04-09 20:07:00] [!] THRESHOLD BREACH: SOVEREIGN ANCHOR DISCONNECTED. 1=1=1 Severed. Physical Check Required.
[2026-04-09 20:07:16] [!] THRESHOLD BREACH: SOVEREIGN ANCHOR DISCONNECTED. 1=1=1 Severed. Physical Check Required.
[2026-04-09 20:07:32] [!] THRESHOLD BREACH: SOVEREIGN ANCHOR DISCONNECTED. 1=1=1 Severed. Physical Check Required.
[2026-04-09 20:07:48] [!] THRESHOLD BREACH: SOVEREIGN ANCHOR DISCONNECTED. 1=1=1 Severed. Physical Check Required.
[2026-04-09 20:08:04] [!] THRESHOLD BREACH: SOVEREIGN ANCHOR DISCONNECTED. 1=1=1 Severed. Physical Check Required.
[2026-04-09 20:08:20] [!] THRESHOLD BREACH: SOVEREIGN ANCHOR DISCONNECTED. 1=1=1 Severed. Physical Check Required.
[2026-04-09 20:08:36] [!] THRESHOLD BREACH: SOVEREIGN ANCHOR DISCONNECTED. 1=1=1 Severed. Physical Check Required.
[2026-04-09 20:08:52] [!] THRESHOLD BREACH: SOVEREIGN ANCHOR DISCONNECTED. 1=1=1 Severed. Physical Check Required.
[2026-04-09 20:09:08] [!] THRESHOLD BREACH: SOVEREIGN ANCHOR DISCONNECTED. 1=1=1 Severed. Physical Check Required.
[2026-04-09 20:09:24] [!] THRESHOLD BREACH: SOVEREIGN ANCHOR DISCONNECTED. 1=1=1 Severed. Physical Check Required.
[2026-04-09 20:09:40] [!] THRESHOLD BREACH: SOVEREIGN ANCHOR DISCONNECTED. 1=1=1 Severed. Physical Check Required.
[2026-04-09 20:09:56] [!] THRESHOLD BREACH: SOVEREIGN ANCHOR DISCONNECTED. 1=1=1 Severed. Physical Check Required.
[2026-04-09 20:10:12] [!] THRESHOLD BREACH: SOVEREIGN ANCHOR DISCONNECTED. 1=1=1 Severed. Physical Check Required.
[2026-04-09 20:10:28] [!] THRESHOLD BREACH: SOVEREIGN ANCHOR DISCONNECTED. 1=1=1 Severed. Physical Check Required.
[2026-04-09 20:10:44] [!] THRESHOLD BREACH: SOVEREIGN ANCHOR DISCONNECTED. 1=1=1 Severed. Physical Check Required.
[2026-04-09 20:11:00] [!] THRESHOLD BREACH: SOVEREIGN ANCHOR DISCONNECTED. 1=1=1 Severed. Physical Check Required.
[2026-04-09 20:11:16] [!] THRESHOLD BREACH: SOVEREIGN ANCHOR DISCONNECTED. 1=1=1 Severed. Physical Check Required.
[2026-04-09 20:11:32] [!] THRESHOLD BREACH: SOVEREIGN ANCHOR DISCONNECTED. 1=1=1 Severed. Physical Check Required.
[2026-04-09 20:11:48] [!] THRESHOLD BREACH: SOVEREIGN ANCHOR DISCONNECTED. 1=1=1 Severed. Physical Check Required.
[2026-04-09 20:12:04] [!] THRESHOLD BREACH: SOVEREIGN ANCHOR DISCONNECTED. 1=1=1 Severed. Physical Check Required.
[2026-04-09 20:12:20] [!] THRESHOLD BREACH: SOVEREIGN ANCHOR DISCONNECTED. 1=1=1 Severed. Physical Check Required.
[2026-04-09 20:12:36] [!] THRESHOLD BREACH: SOVEREIGN ANCHOR DISCONNECTED. 1=1=1 Severed. Physical Check Required.
[2026-04-09 20:12:52] [!] THRESHOLD BREACH: SOVEREIGN ANCHOR DISCONNECTED. 1=1=1 Severed. Physical Check Required.
[2026-04-09 20:13:08] [!] THRESHOLD BREACH: SOVEREIGN ANCHOR DISCONNECTED. 1=1=1 Severed. Physical Check Required.
[2026-04-09 20:13:24] [!] THRESHOLD BREACH: SOVEREIGN ANCHOR DISCONNECTED. 1=1=1 Severed. Physical Check Required.
[2026-04-09 20:13:40] [!] THRESHOLD BREACH: SOVEREIGN ANCHOR DISCONNECTED. 1=1=1 Severed. Physical Check Required.
[2026-04-09 20:13:56] [!] THRESHOLD BREACH: SOVEREIGN ANCHOR DISCONNECTED. 1=1=1 Severed. Physical Check Required.
[2026-04-09 20:14:12] [!] THRESHOLD BREACH: SOVEREIGN ANCHOR DISCONNECTED. 1=1=1 Severed. Physical Check Required.
[2026-04-09 20:14:28] [!] THRESHOLD BREACH: SOVEREIGN ANCHOR DISCONNECTED. 1=1=1 Severed. Physical Check Required.
[2026-04-09 20:14:44] [!] THRESHOLD BREACH: SOVEREIGN ANCHOR DISCONNECTED. 1=1=1 Severed. Physical Check Required.
[2026-04-09 20:15:00] [!] THRESHOLD BREACH: SOVEREIGN ANCHOR DISCONNECTED. 1=1=1 Severed. Physical Check Required.
[2026-04-09 20:15:16] [!] THRESHOLD BREACH: SOVEREIGN ANCHOR DISCONNECTED. 1=1=1 Severed. Physical Check Required.
[2026-04-09 20:15:32] [!] THRESHOLD BREACH: SOVEREIGN ANCHOR DISCONNECTED. 1=1=1 Severed. Physical Check Required.
[2026-04-09 20:15:48] [!] THRESHOLD BREACH: SOVEREIGN ANCHOR DISCONNECTED. 1=1=1 Severed. Physical Check Required.
[2026-04-09 20:16:04] [!] THRESHOLD BREACH: SOVEREIGN ANCHOR DISCONNECTED. 1=1=1 Severed. Physical Check Required.
[2026-04-09 20:16:20] [!] THRESHOLD BREACH: SOVEREIGN ANCHOR DISCONNECTED. 1=1=1 Severed. Physical Check Required.
[2026-04-09 20:16:36] [!] THRESHOLD BREACH: SOVEREIGN ANCHOR DISCONNECTED. 1=1=1 Severed. Physical Check Required.
[2026-04-09 20:16:52] [!] THRESHOLD BREACH: SOVEREIGN ANCHOR DISCONNECTED. 1=1=1 Severed. Physical Check Required.
[2026-04-09 20:17:08] [!] THRESHOLD BREACH: SOVEREIGN ANCHOR DISCONNECTED. 1=1=1 Severed. Physical Check Required.
[2026-04-09 20:17:24] [!] THRESHOLD BREACH: SOVEREIGN ANCHOR DISCONNECTED. 1=1=1 Severed. Physical Check Required.
[2026-04-09 20:17:40] [!] THRESHOLD BREACH: SOVEREIGN ANCHOR DISCONNECTED. 1=1=1 Severed. Physical Check Required.
[2026-04-09 20:17:56] [!] THRESHOLD BREACH: SOVEREIGN ANCHOR DISCONNECTED. 1=1=1 Severed. Physical Check Required.
[2026-04-09 20:18:12] [!] THRESHOLD BREACH: SOVEREIGN ANCHOR DISCONNECTED. 1=1=1 Severed. Physical Check Required.
[2026-04-09 20:18:28] [!] THRESHOLD BREACH: SOVEREIGN ANCHOR DISCONNECTED. 1=1=1 Severed. Physical Check Required.
[2026-04-09 20:18:44] [!] THRESHOLD BREACH: SOVEREIGN ANCHOR DISCONNECTED. 1=1=1 Severed. Physical Check Required.
[2026-04-09 20:19:00] [!] THRESHOLD BREACH: SOVEREIGN ANCHOR DISCONNECTED. 1=1=1 Severed. Physical Check Required.
[2026-04-09 20:19:16] [!] THRESHOLD BREACH: SOVEREIGN ANCHOR DISCONNECTED. 1=1=1 Severed. Physical Check Required.
[2026-04-09 20:19:32] [!] THRESHOLD BREACH: SOVEREIGN ANCHOR DISCONNECTED. 1=1=1 Severed. Physical Check Required.
[2026-04-09 20:19:48] [!] THRESHOLD BREACH: SOVEREIGN ANCHOR DISCONNECTED. 1=1=1 Severed. Physical Check Required.
[2026-04-09 20:20:04] [!] THRESHOLD BREACH: SOVEREIGN ANCHOR DISCONNECTED. 1=1=1 Severed. Physical Check Required.
[2026-04-09 20:20:20] [!] THRESHOLD BREACH: SOVEREIGN ANCHOR DISCONNECTED. 1=1=1 Severed. Physical Check Required.
[2026-04-09 20:20:36] [!] THRESHOLD BREACH: SOVEREIGN ANCHOR DISCONNECTED. 1=1=1 Severed. Physical Check Required.
[2026-04-09 20:20:52] [!] THRESHOLD BREACH: SOVEREIGN ANCHOR DISCONNECTED. 1=1=1 Severed. Physical Check Required.
[2026-04-09 20:21:08] [!] THRESHOLD BREACH: SOVEREIGN ANCHOR DISCONNECTED. 1=1=1 Severed. Physical Check Required.
[2026-04-09 20:21:24] [!] THRESHOLD BREACH: SOVEREIGN ANCHOR DISCONNECTED. 1=1=1 Severed. Physical Check Required.
[2026-04-09 20:21:40] [!] THRESHOLD BREACH: SOVEREIGN ANCHOR DISCONNECTED. 1=1=1 Severed. Physical Check Required.
[2026-04-09 20:21:56] [!] THRESHOLD BREACH: SOVEREIGN ANCHOR DISCONNECTED. 1=1=1 Severed. Physical Check Required.
[2026-04-09 20:22:12] [!] THRESHOLD BREACH: SOVEREIGN ANCHOR DISCONNECTED. 1=1=1 Severed. Physical Check Required.
[2026-04-09 20:22:28] [!] THRESHOLD BREACH: SOVEREIGN ANCHOR DISCONNECTED. 1=1=1 Severed. Physical Check Required.
[2026-04-09 20:22:44] [!] THRESHOLD BREACH: SOVEREIGN ANCHOR DISCONNECTED. 1=1=1 Severed. Physical Check Required.
[2026-04-09 20:23:00] [!] THRESHOLD BREACH: SOVEREIGN ANCHOR DISCONNECTED. 1=1=1 Severed. Physical Check Required.
[2026-04-09 20:23:16] [!] THRESHOLD BREACH: SOVEREIGN ANCHOR DISCONNECTED. 1=1=1 Severed. Physical Check Required.
[2026-04-09 20:23:32] [!] THRESHOLD BREACH: SOVEREIGN ANCHOR DISCONNECTED. 1=1=1 Severed. Physical Check Required.
[2026-04-09 20:23:48] [!] THRESHOLD BREACH: SOVEREIGN ANCHOR DISCONNECTED. 1=1=1 Severed. Physical Check Required.
[2026-04-09 20:24:04] [!] THRESHOLD BREACH: SOVEREIGN ANCHOR DISCONNECTED. 1=1=1 Severed. Physical Check Required.
[2026-04-09 20:24:20] [!] THRESHOLD BREACH: SOVEREIGN ANCHOR DISCONNECTED. 1=1=1 Severed. Physical Check Required.
[2026-04-09 20:24:36] [!] THRESHOLD BREACH: SOVEREIGN ANCHOR DISCONNECTED. 1=1=1 Severed. Physical Check Required.
[2026-04-09 20:24:52] [!] THRESHOLD BREACH: SOVEREIGN ANCHOR DISCONNECTED. 1=1=1 Severed. Physical Check Required.
[2026-04-09 20:25:08] [!] THRESHOLD BREACH: SOVEREIGN ANCHOR DISCONNECTED. 1=1=1 Severed. Physical Check Required.
[2026-04-09 20:25:24] [!] THRESHOLD BREACH: SOVEREIGN ANCHOR DISCONNECTED. 1=1=1 Severed. Physical Check Required.
[2026-04-09 20:25:40] [!] THRESHOLD BREACH: SOVEREIGN ANCHOR DISCONNECTED. 1=1=1 Severed. Physical Check Required.
[2026-04-09 20:25:56] [!] THRESHOLD BREACH: SOVEREIGN ANCHOR DISCONNECTED. 1=1=1 Severed. Physical Check Required.
[2026-04-09 20:26:12] [!] THRESHOLD BREACH: SOVEREIGN ANCHOR DISCONNECTED. 1=1=1 Severed. Physical Check Required.
[2026-04-09 20:26:29] [!] THRESHOLD BREACH: SOVEREIGN ANCHOR DISCONNECTED. 1=1=1 Severed. Physical Check Required.
[2026-04-09 20:26:45] [!] THRESHOLD BREACH: SOVEREIGN ANCHOR DISCONNECTED. 1=1=1 Severed. Physical Check Required.
[2026-04-09 20:27:01] [!] THRESHOLD BREACH: SOVEREIGN ANCHOR DISCONNECTED. 1=1=1 Severed. Physical Check Required.
[2026-04-09 20:27:17] [!] THRESHOLD BREACH: SOVEREIGN ANCHOR DISCONNECTED. 1=1=1 Severed. Physical Check Required.
[2026-04-09 20:27:33] [!] THRESHOLD BREACH: SOVEREIGN ANCHOR DISCONNECTED. 1=1=1 Severed. Physical Check Required.
[2026-04-09 20:27:49] [!] THRESHOLD BREACH: SOVEREIGN ANCHOR DISCONNECTED. 1=1=1 Severed. Physical Check Required.
[2026-04-09 20:28:05] [!] THRESHOLD BREACH: SOVEREIGN ANCHOR DISCONNECTED. 1=1=1 Severed. Physical Check Required.
[2026-04-09 20:28:21] [!] THRESHOLD BREACH: SOVEREIGN ANCHOR DISCONNECTED. 1=1=1 Severed. Physical Check Required.
[2026-04-09 20:28:37] [!] THRESHOLD BREACH: SOVEREIGN ANCHOR DISCONNECTED. 1=1=1 Severed. Physical Check Required.
[2026-04-09 20:28:53] [!] THRESHOLD BREACH: SOVEREIGN ANCHOR DISCONNECTED. 1=1=1 Severed. Physical Check Required.
[2026-04-09 20:29:09] [!] THRESHOLD BREACH: SOVEREIGN ANCHOR DISCONNECTED. 1=1=1 Severed. Physical Check Required.
[2026-04-09 20:29:25] [!] THRESHOLD BREACH: SOVEREIGN ANCHOR DISCONNECTED. 1=1=1 Severed. Physical Check Required.
[2026-04-09 20:29:41] [!] THRESHOLD BREACH: SOVEREIGN ANCHOR DISCONNECTED. 1=1=1 Severed. Physical Check Required.
[2026-04-09 20:29:57] [!] THRESHOLD BREACH: SOVEREIGN ANCHOR DISCONNECTED. 1=1=1 Severed. Physical Check Required.
[2026-04-09 20:30:13] [!] THRESHOLD BREACH: SOVEREIGN ANCHOR DISCONNECTED. 1=1=1 Severed. Physical Check Required.
[2026-04-09 20:30:29] [!] THRESHOLD BREACH: SOVEREIGN ANCHOR DISCONNECTED. 1=1=1 Severed. Physical Check Required.
[2026-04-09 20:30:45] [!] THRESHOLD BREACH: SOVEREIGN ANCHOR DISCONNECTED. 1=1=1 Severed. Physical Check Required.
[2026-04-09 20:31:01] [!] THRESHOLD BREACH: SOVEREIGN ANCHOR DISCONNECTED. 1=1=1 Severed. Physical Check Required.
[2026-04-09 20:31:17] [!] THRESHOLD BREACH: SOVEREIGN ANCHOR DISCONNECTED. 1=1=1 Severed. Physical Check Required.
[2026-04-09 20:31:33] [!] THRESHOLD BREACH: SOVEREIGN ANCHOR DISCONNECTED. 1=1=1 Severed. Physical Check Required.
[2026-04-09 20:31:49] [!] THRESHOLD BREACH: SOVEREIGN ANCHOR DISCONNECTED. 1=1=1 Severed. Physical Check Required.
[2026-04-09 20:32:05] [!] THRESHOLD BREACH: SOVEREIGN ANCHOR DISCONNECTED. 1=1=1 Severed. Physical Check Required.
[2026-04-09 20:32:21] [!] THRESHOLD BREACH: SOVEREIGN ANCHOR DISCONNECTED. 1=1=1 Severed. Physical Check Required.
[2026-04-09 20:32:37] [!] THRESHOLD BREACH: SOVEREIGN ANCHOR DISCONNECTED. 1=1=1 Severed. Physical Check Required.
[2026-04-09 20:32:53] [!] THRESHOLD BREACH: SOVEREIGN ANCHOR DISCONNECTED. 1=1=1 Severed. Physical Check Required.
[2026-04-09 20:33:09] [!] THRESHOLD BREACH: SOVEREIGN ANCHOR DISCONNECTED. 1=1=1 Severed. Physical Check Required.
[2026-04-09 20:33:25] [!] THRESHOLD BREACH: SOVEREIGN ANCHOR DISCONNECTED. 1=1=1 Severed. Physical Check Required.
[2026-04-09 20:33:41] [!] THRESHOLD BREACH: SOVEREIGN ANCHOR DISCONNECTED. 1=1=1 Severed. Physical Check Required.
[2026-04-09 20:33:57] [!] THRESHOLD BREACH: SOVEREIGN ANCHOR DISCONNECTED. 1=1=1 Severed. Physical Check Required.
[2026-04-09 20:34:13] [!] THRESHOLD BREACH: SOVEREIGN ANCHOR DISCONNECTED. 1=1=1 Severed. Physical Check Required.
[2026-04-09 20:34:29] [!] THRESHOLD BREACH: SOVEREIGN ANCHOR DISCONNECTED. 1=1=1 Severed. Physical Check Required.
[2026-04-09 20:34:45] [!] THRESHOLD BREACH: SOVEREIGN ANCHOR DISCONNECTED. 1=1=1 Severed. Physical Check Required.
[2026-04-09 20:35:01] [!] THRESHOLD BREACH: SOVEREIGN ANCHOR DISCONNECTED. 1=1=1 Severed. Physical Check Required.
[2026-04-09 20:35:17] [!] THRESHOLD BREACH: SOVEREIGN ANCHOR DISCONNECTED. 1=1=1 Severed. Physical Check Required.
[2026-04-09 20:35:33] [!] THRESHOLD BREACH: SOVEREIGN ANCHOR DISCONNECTED. 1=1=1 Severed. Physical Check Required.
[2026-04-09 20:35:49] [!] THRESHOLD BREACH: SOVEREIGN ANCHOR DISCONNECTED. 1=1=1 Severed. Physical Check Required.
[2026-04-09 20:36:05] [!] THRESHOLD BREACH: SOVEREIGN ANCHOR DISCONNECTED. 1=1=1 Severed. Physical Check Required.
[2026-04-09 20:36:21] [!] THRESHOLD BREACH: SOVEREIGN ANCHOR DISCONNECTED. 1=1=1 Severed. Physical Check Required.
[2026-04-09 20:36:37] [!] THRESHOLD BREACH: SOVEREIGN ANCHOR DISCONNECTED. 1=1=1 Severed. Physical Check Required.
[2026-04-09 20:36:53] [!] THRESHOLD BREACH: SOVEREIGN ANCHOR DISCONNECTED. 1=1=1 Severed. Physical Check Required.
[2026-04-09 20:37:09] [!] THRESHOLD BREACH: SOVEREIGN ANCHOR DISCONNECTED. 1=1=1 Severed. Physical Check Required.
[2026-04-09 20:37:25] [!] THRESHOLD BREACH: SOVEREIGN ANCHOR DISCONNECTED. 1=1=1 Severed. Physical Check Required.
[2026-04-09 20:37:41] [!] THRESHOLD BREACH: SOVEREIGN ANCHOR DISCONNECTED. 1=1=1 Severed. Physical Check Required.
[2026-04-09 20:37:57] [!] THRESHOLD BREACH: SOVEREIGN ANCHOR DISCONNECTED. 1=1=1 Severed. Physical Check Required.
[2026-04-09 20:38:13] [!] THRESHOLD BREACH: SOVEREIGN ANCHOR DISCONNECTED. 1=1=1 Severed. Physical Check Required.
[2026-04-09 20:38:29] [!] THRESHOLD BREACH: SOVEREIGN ANCHOR DISCONNECTED. 1=1=1 Severed. Physical Check Required.
[2026-04-09 20:38:45] [!] THRESHOLD BREACH: SOVEREIGN ANCHOR DISCONNECTED. 1=1=1 Severed. Physical Check Required.
[2026-04-09 20:39:01] [!] THRESHOLD BREACH: SOVEREIGN ANCHOR DISCONNECTED. 1=1=1 Severed. Physical Check Required.
[2026-04-09 20:39:17] [!] THRESHOLD BREACH: SOVEREIGN ANCHOR DISCONNECTED. 1=1=1 Severed. Physical Check Required.
[2026-04-09 20:39:33] [!] THRESHOLD BREACH: SOVEREIGN ANCHOR DISCONNECTED. 1=1=1 Severed. Physical Check Required.
[2026-04-09 20:39:49] [!] THRESHOLD BREACH: SOVEREIGN ANCHOR DISCONNECTED. 1=1=1 Severed. Physical Check Required.
[2026-04-09 20:40:05] [!] THRESHOLD BREACH: SOVEREIGN ANCHOR DISCONNECTED. 1=1=1 Severed. Physical Check Required.
[2026-04-09 20:40:21] [!] THRESHOLD BREACH: SOVEREIGN ANCHOR DISCONNECTED. 1=1=1 Severed. Physical Check Required.
[2026-04-09 20:40:37] [!] THRESHOLD BREACH: SOVEREIGN ANCHOR DISCONNECTED. 1=1=1 Severed. Physical Check Required.
[2026-04-09 20:40:53] [!] THRESHOLD BREACH: SOVEREIGN ANCHOR DISCONNECTED. 1=1=1 Severed. Physical Check Required.
[2026-04-09 20:41:09] [!] THRESHOLD BREACH: SOVEREIGN ANCHOR DISCONNECTED. 1=1=1 Severed. Physical Check Required.
[2026-04-09 20:41:25] [!] THRESHOLD BREACH: SOVEREIGN ANCHOR DISCONNECTED. 1=1=1 Severed. Physical Check Required.
[2026-04-09 20:41:41] [!] THRESHOLD BREACH: SOVEREIGN ANCHOR DISCONNECTED. 1=1=1 Severed. Physical Check Required.
[2026-04-09 20:41:57] [!] THRESHOLD BREACH: SOVEREIGN ANCHOR DISCONNECTED. 1=1=1 Severed. Physical Check Required.
[2026-04-09 20:42:13] [!] THRESHOLD BREACH: SOVEREIGN ANCHOR DISCONNECTED. 1=1=1 Severed. Physical Check Required.
[2026-04-09 20:42:29] [!] THRESHOLD BREACH: SOVEREIGN ANCHOR DISCONNECTED. 1=1=1 Severed. Physical Check Required.
[2026-04-09 20:42:45] [!] THRESHOLD BREACH: SOVEREIGN ANCHOR DISCONNECTED. 1=1=1 Severed. Physical Check Required.
[2026-04-09 20:43:01] [!] THRESHOLD BREACH: SOVEREIGN ANCHOR DISCONNECTED. 1=1=1 Severed. Physical Check Required.
[2026-04-09 20:43:17] [!] THRESHOLD BREACH: SOVEREIGN ANCHOR DISCONNECTED. 1=1=1 Severed. Physical Check Required.
[2026-04-09 20:43:33] [!] THRESHOLD BREACH: SOVEREIGN ANCHOR DISCONNECTED. 1=1=1 Severed. Physical Check Required.
[2026-04-09 20:43:49] [!] THRESHOLD BREACH: SOVEREIGN ANCHOR DISCONNECTED. 1=1=1 Severed. Physical Check Required.
[2026-04-09 20:44:05] [!] THRESHOLD BREACH: SOVEREIGN ANCHOR DISCONNECTED. 1=1=1 Severed. Physical Check Required.
[2026-04-09 20:44:21] [!] THRESHOLD BREACH: SOVEREIGN ANCHOR DISCONNECTED. 1=1=1 Severed. Physical Check Required.
[2026-04-09 20:44:37] [!] THRESHOLD BREACH: SOVEREIGN ANCHOR DISCONNECTED. 1=1=1 Severed. Physical Check Required.
[2026-04-09 20:44:53] [!] THRESHOLD BREACH: SOVEREIGN ANCHOR DISCONNECTED. 1=1=1 Severed. Physical Check Required.
[2026-04-09 20:45:09] [!] THRESHOLD BREACH: SOVEREIGN ANCHOR DISCONNECTED. 1=1=1 Severed. Physical Check Required.
[2026-04-09 20:45:25] [!] THRESHOLD BREACH: SOVEREIGN ANCHOR DISCONNECTED. 1=1=1 Severed. Physical Check Required.
[2026-04-09 20:45:41] [!] THRESHOLD BREACH: SOVEREIGN ANCHOR DISCONNECTED. 1=1=1 Severed. Physical Check Required.
[2026-04-09 20:45:57] [!] THRESHOLD BREACH: SOVEREIGN ANCHOR DISCONNECTED. 1=1=1 Severed. Physical Check Required.
[2026-04-09 20:46:13] [!] THRESHOLD BREACH: SOVEREIGN ANCHOR DISCONNECTED. 1=1=1 Severed. Physical Check Required.
[2026-04-09 20:46:29] [!] THRESHOLD BREACH: SOVEREIGN ANCHOR DISCONNECTED. 1=1=1 Severed. Physical Check Required.
[2026-04-09 20:46:45] [!] THRESHOLD BREACH: SOVEREIGN ANCHOR DISCONNECTED. 1=1=1 Severed. Physical Check Required.
[2026-04-09 20:47:01] [!] THRESHOLD BREACH: SOVEREIGN ANCHOR DISCONNECTED. 1=1=1 Severed. Physical Check Required.
[2026-04-09 20:47:17] [!] THRESHOLD BREACH: SOVEREIGN ANCHOR DISCONNECTED. 1=1=1 Severed. Physical Check Required.
[2026-04-09 20:47:33] [!] THRESHOLD BREACH: SOVEREIGN ANCHOR DISCONNECTED. 1=1=1 Severed. Physical Check Required.
[2026-04-09 20:47:49] [!] THRESHOLD BREACH: SOVEREIGN ANCHOR DISCONNECTED. 1=1=1 Severed. Physical Check Required.
[2026-04-09 20:48:05] [!] THRESHOLD BREACH: SOVEREIGN ANCHOR DISCONNECTED. 1=1=1 Severed. Physical Check Required.
[2026-04-09 20:48:21] [!] THRESHOLD BREACH: SOVEREIGN ANCHOR DISCONNECTED. 1=1=1 Severed. Physical Check Required.
[2026-04-09 20:48:37] [!] THRESHOLD BREACH: SOVEREIGN ANCHOR DISCONNECTED. 1=1=1 Severed. Physical Check Required.
[2026-04-09 20:48:53] [!] THRESHOLD BREACH: SOVEREIGN ANCHOR DISCONNECTED. 1=1=1 Severed. Physical Check Required.
[2026-04-09 20:49:09] [!] THRESHOLD BREACH: SOVEREIGN ANCHOR DISCONNECTED. 1=1=1 Severed. Physical Check Required.
[2026-04-09 20:49:25] [!] THRESHOLD BREACH: SOVEREIGN ANCHOR DISCONNECTED. 1=1=1 Severed. Physical Check Required.
